ds,ward_id,yhat,paramedics_needed,ambulances_needed
2027-01-10,W001,1852.6482243095552,186.0,93.0
2027-01-17,W001,1865.6222979034728,187.0,94.0
2027-01-24,W001,1878.5963714973905,188.0,94.0
2027-01-31,W001,1891.5704450913083,190.0,95.0
2027-02-07,W001,1904.5445186852262,191.0,96.0
2027-02-14,W001,1917.5185922791438,192.0,96.0
2027-02-21,W001,1930.4926658730615,194.0,97.0
2027-02-28,W001,1943.4667394669793,195.0,98.0
2027-03-07,W001,1956.4408130608972,196.0,98.0
2027-03-14,W001,1969.4148866548148,197.0,99.0
2027-03-21,W001,1982.3889602487325,199.0,100.0
2027-03-28,W001,1995.3630338426503,200.0,100.0
2027-01-10,W002,476.0296292042034,48.0,24.0
2027-01-17,W002,475.22015662550683,48.0,24.0
2027-01-24,W002,474.41068404681033,48.0,24.0
2027-01-31,W002,473.60121146811383,48.0,24.0
2027-02-07,W002,472.79173888941733,48.0,24.0
2027-02-14,W002,471.9822663107208,48.0,24.0
2027-02-21,W002,471.1727937320243,48.0,24.0
2027-02-28,W002,470.3633211533278,48.0,24.0
2027-03-07,W002,469.5538485746312,47.0,24.0
2027-03-14,W002,468.7443759959347,47.0,24.0
2027-03-21,W002,467.9349034172382,47.0,24.0
2027-03-28,W002,467.1254308385417,47.0,24.0
2027-01-10,W003,3806.8361638209612,381.0,191.0
2027-01-17,W003,3829.8275663806644,383.0,192.0
2027-01-24,W003,3852.818968940367,386.0,193.0
2027-01-31,W003,3875.8103715000702,388.0,194.0
2027-02-07,W003,3898.8017740597734,390.0,195.0
2027-02-14,W003,3921.7931766194765,393.0,197.0
2027-02-21,W003,3944.7845791791797,395.0,198.0
2027-02-28,W003,3967.7759817388824,397.0,199.0
2027-03-07,W003,3990.7673842985855,400.0,200.0
2027-03-14,W003,4013.7587868582887,402.0,201.0
2027-03-21,W003,4036.750189417992,404.0,202.0
2027-03-28,W003,4059.741591977695,406.0,203.0
2027-01-10,W004,4008.449663511806,401.0,201.0
2027-01-17,W004,4022.404127737319,403.0,202.0
2027-01-24,W004,4036.358591962832,404.0,202.0
2027-01-31,W004,4050.3130561883454,406.0,203.0
2027-02-07,W004,4064.267520413858,407.0,204.0
2027-02-14,W004,4078.2219846393714,408.0,204.0
2027-02-21,W004,4092.1764488648846,410.0,205.0
2027-02-28,W004,4106.130913090397,411.0,206.0
2027-03-07,W004,4120.085377315911,413.0,207.0
2027-03-14,W004,4134.039841541424,414.0,207.0
2027-03-21,W004,4147.994305766937,415.0,208.0
2027-03-28,W004,4161.94876999245,417.0,209.0
2027-01-10,W005,1618.8206862288353,162.0,81.0
2027-01-17,W005,1623.2920466940475,163.0,82.0
2027-01-24,W005,1627.7634071592597,163.0,82.0
2027-01-31,W005,1632.234767624472,164.0,82.0
2027-02-07,W005,1636.7061280896842,164.0,82.0
2027-02-14,W005,1641.1774885548964,165.0,83.0
2027-02-21,W005,1645.6488490201086,165.0,83.0
2027-02-28,W005,1650.1202094853209,166.0,83.0
2027-03-07,W005,1654.591569950533,166.0,83.0
2027-03-14,W005,1659.0629304157453,166.0,83.0
2027-03-21,W005,1663.5342908809575,167.0,84.0
2027-03-28,W005,1668.0056513461698,167.0,84.0
2027-01-10,W006,701.2912781805169,71.0,36.0
2027-01-17,W006,697.0939873733913,70.0,35.0
2027-01-24,W006,692.8966965662657,70.0,35.0
2027-01-31,W006,688.6994057591403,69.0,35.0
2027-02-07,W006,684.5021149520147,69.0,35.0
2027-02-14,W006,680.3048241448892,69.0,35.0
2027-02-21,W006,676.1075333377636,68.0,34.0
2027-02-28,W006,671.910242530638,68.0,34.0
2027-03-07,W006,667.7129517235126,67.0,34.0
2027-03-14,W006,663.515660916387,67.0,34.0
2027-03-21,W006,659.3183701092614,66.0,33.0
2027-03-28,W006,655.1210793021359,66.0,33.0
2027-01-10,W007,1561.0882599040626,157.0,79.0
2027-01-17,W007,1554.4272626890597,156.0,78.0
2027-01-24,W007,1547.766265474057,155.0,78.0
2027-01-31,W007,1541.1052682590544,155.0,78.0
2027-02-07,W007,1534.4442710440514,154.0,77.0
2027-02-14,W007,1527.7832738290488,153.0,77.0
2027-02-21,W007,1521.122276614046,153.0,77.0
2027-02-28,W007,1514.4612793990432,152.0,76.0
2027-03-07,W007,1507.8002821840405,151.0,76.0
2027-03-14,W007,1501.1392849690378,151.0,76.0
2027-03-21,W007,1494.478287754035,150.0,75.0
2027-03-28,W007,1487.8172905390322,149.0,75.0
2027-01-10,W008,2771.932132776135,278.0,139.0
2027-01-17,W008,2738.662972572126,274.0,137.0
2027-01-24,W008,2705.3938123681173,271.0,136.0
2027-01-31,W008,2672.1246521641087,268.0,134.0
2027-02-07,W008,2638.8554919600997,264.0,132.0
2027-02-14,W008,2605.586331756091,261.0,131.0
2027-02-21,W008,2572.3171715520825,258.0,129.0
2027-02-28,W008,2539.0480113480735,254.0,127.0
2027-03-07,W008,2505.778851144065,251.0,126.0
2027-03-14,W008,2472.5096909400563,248.0,124.0
2027-03-21,W008,2439.2405307360473,244.0,122.0
2027-03-28,W008,2405.9713705320387,241.0,121.0
2027-01-10,W009,2191.2803496018923,220.0,110.0
2027-01-17,W009,2196.9585817398242,220.0,110.0
2027-01-24,W009,2202.636813877756,221.0,111.0
2027-01-31,W009,2208.3150460156885,221.0,111.0
2027-02-07,W009,2213.9932781536204,222.0,111.0
2027-02-14,W009,2219.6715102915523,222.0,111.0
2027-02-21,W009,2225.349742429484,223.0,112.0
2027-02-28,W009,2231.027974567416,224.0,112.0
2027-03-07,W009,2236.706206705348,224.0,112.0
2027-03-14,W009,2242.3844388432803,225.0,113.0
2027-03-21,W009,2248.0626709812122,225.0,113.0
2027-03-28,W009,2253.740903119144,226.0,113.0
2027-01-10,W010,3552.5618119527035,356.0,178.0
2027-01-17,W010,3546.190767076554,355.0,178.0
2027-01-24,W010,3539.819722200405,354.0,177.0
2027-01-31,W010,3533.4486773242556,354.0,177.0
2027-02-07,W010,3527.077632448106,353.0,177.0
2027-02-14,W010,3520.706587571957,353.0,177.0
2027-02-21,W010,3514.335542695808,352.0,176.0
2027-02-28,W010,3507.9644978196584,351.0,176.0
2027-03-07,W010,3501.593452943509,351.0,176.0
2027-03-14,W010,3495.2224080673595,350.0,175.0
2027-03-21,W010,3488.8513631912106,349.0,175.0
2027-03-28,W010,3482.480318315061,349.0,175.0
2027-01-10,W011,1121.6420965991563,113.0,57.0
2027-01-17,W011,1095.6388483896512,110.0,55.0
2027-01-24,W011,1069.635600180146,107.0,54.0
2027-01-31,W011,1043.632351970641,105.0,53.0
2027-02-07,W011,1017.6291037611359,102.0,51.0
2027-02-14,W011,991.6258555516308,100.0,50.0
2027-02-21,W011,965.6226073421257,97.0,49.0
2027-02-28,W011,939.6193591326206,94.0,47.0
2027-03-07,W011,913.6161109231155,92.0,46.0
2027-03-14,W011,887.6128627136104,89.0,45.0
2027-03-21,W011,861.6096145041054,87.0,44.0
2027-03-28,W011,835.6063662946002,84.0,42.0
2027-01-10,W012,3483.315887954063,349.0,175.0
2027-01-17,W012,3481.681905309407,349.0,175.0
2027-01-24,W012,3480.0479226647512,349.0,175.0
2027-01-31,W012,3478.413940020095,348.0,174.0
2027-02-07,W012,3476.7799573754396,348.0,174.0
2027-02-14,W012,3475.1459747307836,348.0,174.0
2027-02-21,W012,3473.511992086128,348.0,174.0
2027-02-28,W012,3471.8780094414724,348.0,174.0
2027-03-07,W012,3470.2440267968163,348.0,174.0
2027-03-14,W012,3468.6100441521608,347.0,174.0
2027-03-21,W012,3466.9760615075047,347.0,174.0
2027-03-28,W012,3465.342078862849,347.0,174.0
2027-01-10,W013,500.43371253981564,51.0,26.0
2027-01-17,W013,501.5516615653683,51.0,26.0
2027-01-24,W013,502.6696105909209,51.0,26.0
2027-01-31,W013,503.7875596164735,51.0,26.0
2027-02-07,W013,504.9055086420262,51.0,26.0
2027-02-14,W013,506.0234576675788,51.0,26.0
2027-02-21,W013,507.14140669313144,51.0,26.0
2027-02-28,W013,508.25935571868405,51.0,26.0
2027-03-07,W013,509.37730474423665,51.0,26.0
2027-03-14,W013,510.4952537697893,52.0,26.0
2027-03-21,W013,511.6132027953419,52.0,26.0
2027-03-28,W013,512.7311518208945,52.0,26.0
2027-01-10,W014,370.18548309863917,38.0,19.0
2027-01-17,W014,369.3862435799236,37.0,19.0
2027-01-24,W014,368.58700406120806,37.0,19.0
2027-01-31,W014,367.7877645424925,37.0,19.0
2027-02-07,W014,366.98852502377696,37.0,19.0
2027-02-14,W014,366.1892855050614,37.0,19.0
2027-02-21,W014,365.39004598634585,37.0,19.0
2027-02-28,W014,364.5908064676303,37.0,19.0
2027-03-07,W014,363.79156694891475,37.0,19.0
2027-03-14,W014,362.9923274301992,37.0,19.0
2027-03-21,W014,362.19308791148364,37.0,19.0
2027-03-28,W014,361.3938483927681,37.0,19.0
2027-01-10,W015,694.3156572354058,70.0,35.0
2027-01-17,W015,697.7100064565255,70.0,35.0
2027-01-24,W015,701.1043556776452,71.0,36.0
2027-01-31,W015,704.498704898765,71.0,36.0
2027-02-07,W015,707.8930541198848,71.0,36.0
2027-02-14,W015,711.2874033410046,72.0,36.0
2027-02-21,W015,714.6817525621244,72.0,36.0
2027-02-28,W015,718.0761017832441,72.0,36.0
2027-03-07,W015,721.4704510043639,73.0,37.0
2027-03-14,W015,724.8648002254837,73.0,37.0
2027-03-21,W015,728.2591494466035,73.0,37.0
2027-03-28,W015,731.6534986677233,74.0,37.0
2027-01-10,W016,737.5179437302305,74.0,37.0
2027-01-17,W016,735.2043966099704,74.0,37.0
2027-01-24,W016,732.8908494897104,74.0,37.0
2027-01-31,W016,730.5773023694503,74.0,37.0
2027-02-07,W016,728.2637552491901,73.0,37.0
2027-02-14,W016,725.9502081289301,73.0,37.0
2027-02-21,W016,723.63666100867,73.0,37.0
2027-02-28,W016,721.3231138884099,73.0,37.0
2027-03-07,W016,719.0095667681499,72.0,36.0
2027-03-14,W016,716.6960196478898,72.0,36.0
2027-03-21,W016,714.3824725276297,72.0,36.0
2027-03-28,W016,712.0689254073696,72.0,36.0
2027-01-10,W017,2481.9859040623937,249.0,125.0
2027-01-17,W017,2460.092075419064,247.0,124.0
2027-01-24,W017,2438.198246775734,244.0,122.0
2027-01-31,W017,2416.3044181324044,242.0,121.0
2027-02-07,W017,2394.4105894890745,240.0,120.0
2027-02-14,W017,2372.5167608457446,238.0,119.0
2027-02-21,W017,2350.6229322024146,236.0,118.0
2027-02-28,W017,2328.7291035590847,233.0,117.0
2027-03-07,W017,2306.835274915755,231.0,116.0
2027-03-14,W017,2284.9414462724253,229.0,115.0
2027-03-21,W017,2263.0476176290954,227.0,114.0
2027-03-28,W017,2241.1537889857655,225.0,113.0
2027-01-10,W018,2749.5407854580203,275.0,138.0
2027-01-17,W018,2734.004215212911,274.0,137.0
2027-01-24,W018,2718.467644967801,272.0,136.0
2027-01-31,W018,2702.931074722691,271.0,136.0
2027-02-07,W018,2687.394504477581,269.0,135.0
2027-02-14,W018,2671.8579342324715,268.0,134.0
2027-02-21,W018,2656.3213639873616,266.0,133.0
2027-02-28,W018,2640.7847937422516,265.0,133.0
2027-03-07,W018,2625.248223497142,263.0,132.0
2027-03-14,W018,2609.711653252032,261.0,131.0
2027-03-21,W018,2594.1750830069223,260.0,130.0
2027-03-28,W018,2578.6385127618123,258.0,129.0
2027-01-10,W019,1922.6873789731776,193.0,97.0
2027-01-17,W019,1922.184577663631,193.0,97.0
2027-01-24,W019,1921.6817763540844,193.0,97.0
2027-01-31,W019,1921.178975044538,193.0,97.0
2027-02-07,W019,1920.6761737349914,193.0,97.0
2027-02-14,W019,1920.1733724254448,193.0,97.0
2027-02-21,W019,1919.6705711158982,192.0,96.0
2027-02-28,W019,1919.1677698063515,192.0,96.0
2027-03-07,W019,1918.664968496805,192.0,96.0
2027-03-14,W019,1918.1621671872585,192.0,96.0
2027-03-21,W019,1917.659365877712,192.0,96.0
2027-03-28,W019,1917.1565645681653,192.0,96.0
2027-01-10,W020,2297.054626796504,230.0,115.0
2027-01-17,W020,2309.2178162105265,231.0,116.0
2027-01-24,W020,2321.3810056245484,233.0,117.0
2027-01-31,W020,2333.5441950385707,234.0,117.0
2027-02-07,W020,2345.7073844525926,235.0,118.0
2027-02-14,W020,2357.8705738666144,236.0,118.0
2027-02-21,W020,2370.033763280637,238.0,119.0
2027-02-28,W020,2382.1969526946586,239.0,120.0
2027-03-07,W020,2394.3601421086805,240.0,120.0
2027-03-14,W020,2406.523331522703,241.0,121.0
2027-03-21,W020,2418.6865209367247,242.0,121.0
2027-03-28,W020,2430.849710350747,244.0,122.0
2027-01-10,W021,3614.493632782161,362.0,181.0
2027-01-17,W021,3653.7063254127834,366.0,183.0
2027-01-24,W021,3692.9190180434057,370.0,185.0
2027-01-31,W021,3732.131710674028,374.0,187.0
2027-02-07,W021,3771.3444033046503,378.0,189.0
2027-02-14,W021,3810.5570959352726,382.0,191.0
2027-02-21,W021,3849.769788565895,385.0,193.0
2027-02-28,W021,3888.9824811965173,389.0,195.0
2027-03-07,W021,3928.1951738271396,393.0,197.0
2027-03-14,W021,3967.407866457762,397.0,199.0
2027-03-21,W021,4006.620559088384,401.0,201.0
2027-03-28,W021,4045.8332517190065,405.0,203.0
2027-01-10,W022,619.5404833932556,62.0,31.0
2027-01-17,W022,612.7778107173341,62.0,31.0
2027-01-24,W022,606.0151380414125,61.0,31.0
2027-01-31,W022,599.2524653654908,60.0,30.0
2027-02-07,W022,592.4897926895693,60.0,30.0
2027-02-14,W022,585.7271200136477,59.0,30.0
2027-02-21,W022,578.964447337726,58.0,29.0
2027-02-28,W022,572.2017746618044,58.0,29.0
2027-03-07,W022,565.4391019858829,57.0,29.0
2027-03-14,W022,558.6764293099612,56.0,28.0
2027-03-21,W022,551.9137566340396,56.0,28.0
2027-03-28,W022,545.1510839581181,55.0,28.0
2027-01-10,W023,2147.491730325225,215.0,108.0
2027-01-17,W023,2146.047335277294,215.0,108.0
2027-01-24,W023,2144.602940229363,215.0,108.0
2027-01-31,W023,2143.158545181432,215.0,108.0
2027-02-07,W023,2141.714150133501,215.0,108.0
2027-02-14,W023,2140.2697550855696,215.0,108.0
2027-02-21,W023,2138.825360037639,214.0,107.0
2027-02-28,W023,2137.3809649897075,214.0,107.0
2027-03-07,W023,2135.9365699417763,214.0,107.0
2027-03-14,W023,2134.4921748938455,214.0,107.0
2027-03-21,W023,2133.047779845914,214.0,107.0
2027-03-28,W023,2131.6033847979834,214.0,107.0
2027-01-10,W024,3971.6929212153864,398.0,199.0
2027-01-17,W024,4001.2842580021834,401.0,201.0
2027-01-24,W024,4030.875594788981,404.0,202.0
2027-01-31,W024,4060.4669315757783,407.0,204.0
2027-02-07,W024,4090.0582683625753,410.0,205.0
2027-02-14,W024,4119.649605149373,412.0,206.0
2027-02-21,W024,4149.24094193617,415.0,208.0
2027-02-28,W024,4178.832278722967,418.0,209.0
2027-03-07,W024,4208.423615509765,421.0,211.0
2027-03-14,W024,4238.014952296562,424.0,212.0
2027-03-21,W024,4267.606289083359,427.0,214.0
2027-03-28,W024,4297.197625870157,430.0,215.0
2027-01-10,W025,2639.234622060487,264.0,132.0
2027-01-17,W025,2641.710923520692,265.0,133.0
2027-01-24,W025,2644.187224980897,265.0,133.0
2027-01-31,W025,2646.663526441102,265.0,133.0
2027-02-07,W025,2649.1398279013074,265.0,133.0
2027-02-14,W025,2651.6161293615123,266.0,133.0
2027-02-21,W025,2654.0924308217172,266.0,133.0
2027-02-28,W025,2656.568732281922,266.0,133.0
2027-03-07,W025,2659.0450337421275,266.0,133.0
2027-03-14,W025,2661.5213352023325,267.0,134.0
2027-03-21,W025,2663.9976366625374,267.0,134.0
2027-03-28,W025,2666.4739381227428,267.0,134.0
2027-01-10,W026,1579.7616471494503,158.0,79.0
2027-01-17,W026,1573.8122069231574,158.0,79.0
2027-01-24,W026,1567.8627666968648,157.0,79.0
2027-01-31,W026,1561.913326470572,157.0,79.0
2027-02-07,W026,1555.9638862442794,156.0,78.0
2027-02-14,W026,1550.0144460179868,156.0,78.0
2027-02-21,W026,1544.065005791694,155.0,78.0
2027-02-28,W026,1538.1155655654013,154.0,77.0
2027-03-07,W026,1532.1661253391087,154.0,77.0
2027-03-14,W026,1526.2166851128159,153.0,77.0
2027-03-21,W026,1520.2672448865233,153.0,77.0
2027-03-28,W026,1514.3178046602304,152.0,76.0
2027-01-10,W027,1439.1051868693762,144.0,72.0
2027-01-17,W027,1426.2927497370174,143.0,72.0
2027-01-24,W027,1413.4803126046584,142.0,71.0
2027-01-31,W027,1400.6678754722996,141.0,71.0
2027-02-07,W027,1387.8554383399405,139.0,70.0
2027-02-14,W027,1375.0430012075815,138.0,69.0
2027-02-21,W027,1362.2305640752227,137.0,69.0
2027-02-28,W027,1349.4181269428636,135.0,68.0
2027-03-07,W027,1336.6056898105048,134.0,67.0
2027-03-14,W027,1323.7932526781458,133.0,67.0
2027-03-21,W027,1310.9808155457868,132.0,66.0
2027-03-28,W027,1298.168378413428,130.0,65.0
2027-01-10,W028,643.9605604779752,65.0,33.0
2027-01-17,W028,644.7769859195372,65.0,33.0
2027-01-24,W028,645.5934113610992,65.0,33.0
2027-01-31,W028,646.4098368026613,65.0,33.0
2027-02-07,W028,647.2262622442233,65.0,33.0
2027-02-14,W028,648.0426876857855,65.0,33.0
2027-02-21,W028,648.8591131273475,65.0,33.0
2027-02-28,W028,649.6755385689096,65.0,33.0
2027-03-07,W028,650.4919640104716,66.0,33.0
2027-03-14,W028,651.3083894520337,66.0,33.0
2027-03-21,W028,652.1248148935957,66.0,33.0
2027-03-28,W028,652.9412403351578,66.0,33.0
2027-01-10,W029,366.3279184758011,37.0,19.0
2027-01-17,W029,364.0188101328341,37.0,19.0
2027-01-24,W029,361.7097017898671,37.0,19.0
2027-01-31,W029,359.4005934469001,36.0,18.0
2027-02-07,W029,357.0914851039331,36.0,18.0
2027-02-14,W029,354.7823767609661,36.0,18.0
2027-02-21,W029,352.47326841799907,36.0,18.0
2027-02-28,W029,350.1641600750321,36.0,18.0
2027-03-07,W029,347.8550517320651,35.0,18.0
2027-03-14,W029,345.54594338909806,35.0,18.0
2027-03-21,W029,343.2368350461311,35.0,18.0
2027-03-28,W029,340.92772670316407,35.0,18.0
2027-01-10,W030,1853.8112387543295,186.0,93.0
2027-01-17,W030,1859.594813181703,186.0,93.0
2027-01-24,W030,1865.3783876090768,187.0,94.0
2027-01-31,W030,1871.1619620364506,188.0,94.0
2027-02-07,W030,1876.9455364638243,188.0,94.0
2027-02-14,W030,1882.729110891198,189.0,95.0
2027-02-21,W030,1888.5126853185716,189.0,95.0
2027-02-28,W030,1894.2962597459452,190.0,95.0
2027-03-07,W030,1900.079834173319,191.0,96.0
2027-03-14,W030,1905.8634086006928,191.0,96.0
2027-03-21,W030,1911.6469830280664,192.0,96.0
2027-03-28,W030,1917.43055745544,192.0,96.0
2027-01-10,W031,3803.31856358107,381.0,191.0
2027-01-17,W031,3820.006631543441,383.0,192.0
2027-01-24,W031,3836.6946995058124,384.0,192.0
2027-01-31,W031,3853.3827674681834,386.0,193.0
2027-02-07,W031,3870.0708354305543,388.0,194.0
2027-02-14,W031,3886.7589033929253,389.0,195.0
2027-02-21,W031,3903.4469713552967,391.0,196.0
2027-02-28,W031,3920.1350393176676,393.0,197.0
2027-03-07,W031,3936.8231072800386,394.0,197.0
2027-03-14,W031,3953.5111752424095,396.0,198.0
2027-03-21,W031,3970.1992432047805,398.0,199.0
2027-03-28,W031,3986.887311167152,399.0,200.0
2027-01-10,W032,703.5438930806852,71.0,36.0
2027-01-17,W032,708.586941335554,71.0,36.0
2027-01-24,W032,713.6299895904227,72.0,36.0
2027-01-31,W032,718.6730378452914,72.0,36.0
2027-02-07,W032,723.7160861001602,73.0,37.0
2027-02-14,W032,728.759134355029,73.0,37.0
2027-02-21,W032,733.8021826098977,74.0,37.0
2027-02-28,W032,738.8452308647664,74.0,37.0
2027-03-07,W032,743.8882791196353,75.0,38.0
2027-03-14,W032,748.931327374504,75.0,38.0
2027-03-21,W032,753.9743756293727,76.0,38.0
2027-03-28,W032,759.0174238842415,76.0,38.0
2027-01-10,W033,535.5561918517959,54.0,27.0
2027-01-17,W033,538.0887572242132,54.0,27.0
2027-01-24,W033,540.6213225966304,55.0,28.0
2027-01-31,W033,543.1538879690476,55.0,28.0
2027-02-07,W033,545.6864533414648,55.0,28.0
2027-02-14,W033,548.2190187138821,55.0,28.0
2027-02-21,W033,550.7515840862993,56.0,28.0
2027-02-28,W033,553.2841494587166,56.0,28.0
2027-03-07,W033,555.8167148311338,56.0,28.0
2027-03-14,W033,558.349280203551,56.0,28.0
2027-03-21,W033,560.8818455759682,57.0,29.0
2027-03-28,W033,563.4144109483855,57.0,29.0
2027-01-10,W034,4175.400672600096,418.0,209.0
2027-01-17,W034,4279.741919314693,428.0,214.0
2027-01-24,W034,4384.08316602929,439.0,220.0
2027-01-31,W034,4488.424412743887,449.0,225.0
2027-02-07,W034,4592.765659458484,460.0,230.0
2027-02-14,W034,4697.106906173081,470.0,235.0
2027-02-21,W034,4801.448152887679,481.0,241.0
2027-02-28,W034,4905.789399602275,491.0,246.0
2027-03-07,W034,5010.130646316872,502.0,251.0
2027-03-14,W034,5114.471893031469,512.0,256.0
2027-03-21,W034,5218.813139746066,522.0,261.0
2027-03-28,W034,5323.154386460663,533.0,267.0
2027-01-10,W035,1222.8360122549175,123.0,62.0
2027-01-17,W035,1216.744745646809,122.0,61.0
2027-01-24,W035,1210.6534790387007,122.0,61.0
2027-01-31,W035,1204.5622124305921,121.0,61.0
2027-02-07,W035,1198.4709458224836,120.0,60.0
2027-02-14,W035,1192.379679214375,120.0,60.0
2027-02-21,W035,1186.2884126062665,119.0,60.0
2027-02-28,W035,1180.197145998158,119.0,60.0
2027-03-07,W035,1174.1058793900497,118.0,59.0
2027-03-14,W035,1168.0146127819412,117.0,59.0
2027-03-21,W035,1161.9233461738327,117.0,59.0
2027-03-28,W035,1155.8320795657241,116.0,58.0
2027-01-10,W036,474.8145198159297,48.0,24.0
2027-01-17,W036,468.968632678158,47.0,24.0
2027-01-24,W036,463.12274554038623,47.0,24.0
2027-01-31,W036,457.2768584026145,46.0,23.0
2027-02-07,W036,451.43097126484275,46.0,23.0
2027-02-14,W036,445.585084127071,45.0,23.0
2027-02-21,W036,439.7391969892993,44.0,22.0
2027-02-28,W036,433.89330985152753,44.0,22.0
2027-03-07,W036,428.0474227137558,43.0,22.0
2027-03-14,W036,422.20153557598405,43.0,22.0
2027-03-21,W036,416.3556484382123,42.0,21.0
2027-03-28,W036,410.5097613004406,42.0,21.0
2027-01-10,W037,617.5413755431837,62.0,31.0
2027-01-17,W037,615.2918633102443,62.0,31.0
2027-01-24,W037,613.0423510773047,62.0,31.0
2027-01-31,W037,610.7928388443653,62.0,31.0
2027-02-07,W037,608.5433266114258,61.0,31.0
2027-02-14,W037,606.2938143784862,61.0,31.0
2027-02-21,W037,604.0443021455468,61.0,31.0
2027-02-28,W037,601.7947899126073,61.0,31.0
2027-03-07,W037,599.5452776796678,60.0,30.0
2027-03-14,W037,597.2957654467283,60.0,30.0
2027-03-21,W037,595.0462532137888,60.0,30.0
2027-03-28,W037,592.7967409808493,60.0,30.0
2027-01-10,W038,3542.015714755936,355.0,178.0
2027-01-17,W038,3493.488802453016,350.0,175.0
2027-01-24,W038,3444.9618901500958,345.0,173.0
2027-01-31,W038,3396.4349778471756,340.0,170.0
2027-02-07,W038,3347.9080655442554,335.0,168.0
2027-02-14,W038,3299.381153241335,330.0,165.0
2027-02-21,W038,3250.854240938415,326.0,163.0
2027-02-28,W038,3202.3273286354947,321.0,161.0
2027-03-07,W038,3153.8004163325745,316.0,158.0
2027-03-14,W038,3105.2735040296543,311.0,156.0
2027-03-21,W038,3056.746591726734,306.0,153.0
2027-03-28,W038,3008.219679423814,301.0,151.0
2027-01-10,W039,2224.2272326559087,223.0,112.0
2027-01-17,W039,2209.3070879361417,221.0,111.0
2027-01-24,W039,2194.3869432163747,220.0,110.0
2027-01-31,W039,2179.4667984966077,218.0,109.0
2027-02-07,W039,2164.5466537768407,217.0,109.0
2027-02-14,W039,2149.6265090570732,215.0,108.0
2027-02-21,W039,2134.7063643373062,214.0,107.0
2027-02-28,W039,2119.7862196175392,212.0,106.0
2027-03-07,W039,2104.8660748977723,211.0,106.0
2027-03-14,W039,2089.9459301780053,209.0,105.0
2027-03-21,W039,2075.0257854582383,208.0,104.0
2027-03-28,W039,2060.1056407384713,207.0,104.0
2027-01-10,W040,1617.2961951134153,162.0,81.0
2027-01-17,W040,1623.9333619369377,163.0,82.0
2027-01-24,W040,1630.57052876046,164.0,82.0
2027-01-31,W040,1637.2076955839825,164.0,82.0
2027-02-07,W040,1643.844862407505,165.0,83.0
2027-02-14,W040,1650.4820292310274,166.0,83.0
2027-02-21,W040,1657.1191960545498,166.0,83.0
2027-02-28,W040,1663.7563628780722,167.0,84.0
2027-03-07,W040,1670.3935297015946,168.0,84.0
2027-03-14,W040,1677.030696525117,168.0,84.0
2027-03-21,W040,1683.6678633486395,169.0,85.0
2027-03-28,W040,1690.3050301721617,170.0,85.0
2027-01-10,W041,2232.1060742570544,224.0,112.0
2027-01-17,W041,2244.4582316182427,225.0,113.0
2027-01-24,W041,2256.8103889794306,226.0,113.0
2027-01-31,W041,2269.1625463406185,227.0,114.0
2027-02-07,W041,2281.5147037018064,229.0,115.0
2027-02-14,W041,2293.8668610629948,230.0,115.0
2027-02-21,W041,2306.2190184241827,231.0,116.0
2027-02-28,W041,2318.5711757853705,232.0,116.0
2027-03-07,W041,2330.9233331465584,234.0,117.0
2027-03-14,W041,2343.275490507747,235.0,118.0
2027-03-21,W041,2355.6276478689347,236.0,118.0
2027-03-28,W041,2367.9798052301226,237.0,119.0
2027-01-10,W042,1570.2475625193204,158.0,79.0
2027-01-17,W042,1578.4468709272796,158.0,79.0
2027-01-24,W042,1586.6461793352391,159.0,80.0
2027-01-31,W042,1594.8454877431984,160.0,80.0
2027-02-07,W042,1603.0447961511577,161.0,81.0
2027-02-14,W042,1611.244104559117,162.0,81.0
2027-02-21,W042,1619.4434129670763,162.0,81.0
2027-02-28,W042,1627.6427213750355,163.0,82.0
2027-03-07,W042,1635.842029782995,164.0,82.0
2027-03-14,W042,1644.0413381909543,165.0,83.0
2027-03-21,W042,1652.2406465989136,166.0,83.0
2027-03-28,W042,1660.4399550068729,167.0,84.0
2027-01-10,W043,943.7817811924527,95.0,48.0
2027-01-17,W043,941.2212567437656,95.0,48.0
2027-01-24,W043,938.6607322950786,94.0,47.0
2027-01-31,W043,936.1002078463914,94.0,47.0
2027-02-07,W043,933.5396833977043,94.0,47.0
2027-02-14,W043,930.9791589490171,94.0,47.0
2027-02-21,W043,928.4186345003301,93.0,47.0
2027-02-28,W043,925.8581100516429,93.0,47.0
2027-03-07,W043,923.2975856029558,93.0,47.0
2027-03-14,W043,920.7370611542686,93.0,47.0
2027-03-21,W043,918.1765367055816,92.0,46.0
2027-03-28,W043,915.6160122568945,92.0,46.0
2027-01-10,W044,3287.304794535679,329.0,165.0
2027-01-17,W044,3284.5760215027162,329.0,165.0
2027-01-24,W044,3281.847248469754,329.0,165.0
2027-01-31,W044,3279.1184754367914,328.0,164.0
2027-02-07,W044,3276.389702403829,328.0,164.0
2027-02-14,W044,3273.660929370866,328.0,164.0
2027-02-21,W044,3270.932156337904,328.0,164.0
2027-02-28,W044,3268.2033833049413,327.0,164.0
2027-03-07,W044,3265.4746102719787,327.0,164.0
2027-03-14,W044,3262.745837239016,327.0,164.0
2027-03-21,W044,3260.017064206054,327.0,164.0
2027-03-28,W044,3257.2882911730912,326.0,163.0
2027-01-10,W045,4190.687536813063,420.0,210.0
2027-01-17,W045,4189.584894353228,419.0,210.0
2027-01-24,W045,4188.4822518933925,419.0,210.0
2027-01-31,W045,4187.379609433558,419.0,210.0
2027-02-07,W045,4186.276966973723,419.0,210.0
2027-02-14,W045,4185.174324513888,419.0,210.0
2027-02-21,W045,4184.071682054053,419.0,210.0
2027-02-28,W045,4182.969039594217,419.0,210.0
2027-03-07,W045,4181.866397134382,419.0,210.0
2027-03-14,W045,4180.763754674547,419.0,210.0
2027-03-21,W045,4179.661112214712,418.0,209.0
2027-03-28,W045,4178.5584697548775,418.0,209.0
2027-01-10,W046,835.199918808165,84.0,42.0
2027-01-17,W046,831.5333540077186,84.0,42.0
2027-01-24,W046,827.8667892072723,83.0,42.0
2027-01-31,W046,824.200224406826,83.0,42.0
2027-02-07,W046,820.5336596063796,83.0,42.0
2027-02-14,W046,816.8670948059333,82.0,41.0
2027-02-21,W046,813.2005300054869,82.0,41.0
2027-02-28,W046,809.5339652050407,81.0,41.0
2027-03-07,W046,805.8674004045944,81.0,41.0
2027-03-14,W046,802.200835604148,81.0,41.0
2027-03-21,W046,798.5342708037017,80.0,40.0
2027-03-28,W046,794.8677060032554,80.0,40.0
2027-01-10,W047,3909.3396572265324,391.0,196.0
2027-01-17,W047,3909.9984747876206,391.0,196.0
2027-01-24,W047,3910.657292348709,392.0,196.0
2027-01-31,W047,3911.316109909797,392.0,196.0
2027-02-07,W047,3911.974927470885,392.0,196.0
2027-02-14,W047,3912.6337450319734,392.0,196.0
2027-02-21,W047,3913.292562593061,392.0,196.0
2027-02-28,W047,3913.9513801541493,392.0,196.0
2027-03-07,W047,3914.6101977152375,392.0,196.0
2027-03-14,W047,3915.2690152763257,392.0,196.0
2027-03-21,W047,3915.927832837414,392.0,196.0
2027-03-28,W047,3916.586650398502,392.0,196.0
2027-01-10,W048,1492.8624986194802,150.0,75.0
2027-01-17,W048,1495.6989641145137,150.0,75.0
2027-01-24,W048,1498.535429609547,150.0,75.0
2027-01-31,W048,1501.3718951045805,151.0,76.0
2027-02-07,W048,1504.2083605996138,151.0,76.0
2027-02-14,W048,1507.044826094647,151.0,76.0
2027-02-21,W048,1509.8812915896806,151.0,76.0
2027-02-28,W048,1512.7177570847139,152.0,76.0
2027-03-07,W048,1515.5542225797471,152.0,76.0
2027-03-14,W048,1518.3906880747807,152.0,76.0
2027-03-21,W048,1521.227153569814,153.0,77.0
2027-03-28,W048,1524.0636190648474,153.0,77.0
2027-01-10,W049,1578.536268918077,158.0,79.0
2027-01-17,W049,1555.6594645264777,156.0,78.0
2027-01-24,W049,1532.7826601348786,154.0,77.0
2027-01-31,W049,1509.9058557432793,151.0,76.0
2027-02-07,W049,1487.02905135168,149.0,75.0
2027-02-14,W049,1464.1522469600807,147.0,74.0
2027-02-21,W049,1441.2754425684814,145.0,73.0
2027-02-28,W049,1418.3986381768823,142.0,71.0
2027-03-07,W049,1395.521833785283,140.0,70.0
2027-03-14,W049,1372.6450293936837,138.0,69.0
2027-03-21,W049,1349.7682250020844,135.0,68.0
2027-03-28,W049,1326.891420610485,133.0,67.0
2027-01-10,W050,617.8503779688407,62.0,31.0
2027-01-17,W050,616.6647491430966,62.0,31.0
2027-01-24,W050,615.4791203173526,62.0,31.0
2027-01-31,W050,614.2934914916085,62.0,31.0
2027-02-07,W050,613.1078626658644,62.0,31.0
2027-02-14,W050,611.9222338401205,62.0,31.0
2027-02-21,W050,610.7366050143764,62.0,31.0
2027-02-28,W050,609.5509761886324,61.0,31.0
2027-03-07,W050,608.3653473628883,61.0,31.0
2027-03-14,W050,607.1797185371443,61.0,31.0
2027-03-21,W050,605.9940897114002,61.0,31.0
2027-03-28,W050,604.8084608856561,61.0,31.0
2027-01-10,W051,1823.7354396925318,183.0,92.0
2027-01-17,W051,1806.6207233795014,181.0,91.0
2027-01-24,W051,1789.506007066471,179.0,90.0
2027-01-31,W051,1772.3912907534407,178.0,89.0
2027-02-07,W051,1755.2765744404103,176.0,88.0
2027-02-14,W051,1738.16185812738,174.0,87.0
2027-02-21,W051,1721.0471418143495,173.0,87.0
2027-02-28,W051,1703.9324255013194,171.0,86.0
2027-03-07,W051,1686.817709188289,169.0,85.0
2027-03-14,W051,1669.7029928752586,167.0,84.0
2027-03-21,W051,1652.5882765622282,166.0,83.0
2027-03-28,W051,1635.4735602491978,164.0,82.0
2027-01-10,W052,1698.6921657798641,170.0,85.0
2027-01-17,W052,1695.7812872535453,170.0,85.0
2027-01-24,W052,1692.8704087272265,170.0,85.0
2027-01-31,W052,1689.9595302009077,169.0,85.0
2027-02-07,W052,1687.0486516745889,169.0,85.0
2027-02-14,W052,1684.13777314827,169.0,85.0
2027-02-21,W052,1681.2268946219513,169.0,85.0
2027-02-28,W052,1678.3160160956324,168.0,84.0
2027-03-07,W052,1675.4051375693136,168.0,84.0
2027-03-14,W052,1672.4942590429948,168.0,84.0
2027-03-21,W052,1669.583380516676,167.0,84.0
2027-03-28,W052,1666.6725019903572,167.0,84.0
2027-01-10,W053,4504.153556005315,451.0,226.0
2027-01-17,W053,4519.310453046847,452.0,226.0
2027-01-24,W053,4534.467350088379,454.0,227.0
2027-01-31,W053,4549.624247129911,455.0,228.0
2027-02-07,W053,4564.781144171443,457.0,229.0
2027-02-14,W053,4579.938041212975,458.0,229.0
2027-02-21,W053,4595.094938254507,460.0,230.0
2027-02-28,W053,4610.251835296039,462.0,231.0
2027-03-07,W053,4625.408732337571,463.0,232.0
2027-03-14,W053,4640.565629379103,465.0,233.0
2027-03-21,W053,4655.7225264206345,466.0,233.0
2027-03-28,W053,4670.879423462166,468.0,234.0
2027-01-10,W054,3824.373676108386,383.0,192.0
2027-01-17,W054,3854.3890302180102,386.0,193.0
2027-01-24,W054,3884.404384327634,389.0,195.0
2027-01-31,W054,3914.4197384372583,392.0,196.0
2027-02-07,W054,3944.435092546882,395.0,198.0
2027-02-14,W054,3974.4504466565063,398.0,199.0
2027-02-21,W054,4004.46580076613,401.0,201.0
2027-02-28,W054,4034.4811548757543,404.0,202.0
2027-03-07,W054,4064.496508985378,407.0,204.0
2027-03-14,W054,4094.511863095002,410.0,205.0
2027-03-21,W054,4124.527217204626,413.0,207.0
2027-03-28,W054,4154.54257131425,416.0,208.0
2027-01-10,W055,1272.2128539380928,128.0,64.0
2027-01-17,W055,1260.3708552405556,127.0,64.0
2027-01-24,W055,1248.5288565430185,125.0,63.0
2027-01-31,W055,1236.6868578454814,124.0,62.0
2027-02-07,W055,1224.8448591479444,123.0,62.0
2027-02-14,W055,1213.002860450407,122.0,61.0
2027-02-21,W055,1201.16086175287,121.0,61.0
2027-02-28,W055,1189.318863055333,119.0,60.0
2027-03-07,W055,1177.4768643577956,118.0,59.0
2027-03-14,W055,1165.6348656602586,117.0,59.0
2027-03-21,W055,1153.7928669627215,116.0,58.0
2027-03-28,W055,1141.9508682651845,115.0,58.0
2027-01-10,W056,3745.8123854293194,375.0,188.0
2027-01-17,W056,3783.541208122089,379.0,190.0
2027-01-24,W056,3821.2700308148587,383.0,192.0
2027-01-31,W056,3858.998853507628,386.0,193.0
2027-02-07,W056,3896.727676200398,390.0,195.0
2027-02-14,W056,3934.4564988931675,394.0,197.0
2027-02-21,W056,3972.1853215859373,398.0,199.0
2027-02-28,W056,4009.9141442787068,401.0,201.0
2027-03-07,W056,4047.6429669714767,405.0,203.0
2027-03-14,W056,4085.371789664246,409.0,205.0
2027-03-21,W056,4123.100612357016,413.0,207.0
2027-03-28,W056,4160.829435049785,417.0,209.0
2027-01-10,W057,2740.6882465559925,275.0,138.0
2027-01-17,W057,2755.5927009799566,276.0,138.0
2027-01-24,W057,2770.4971554039207,278.0,139.0
2027-01-31,W057,2785.401609827885,279.0,140.0
2027-02-07,W057,2800.306064251849,281.0,141.0
2027-02-14,W057,2815.210518675813,282.0,141.0
2027-02-21,W057,2830.114973099777,284.0,142.0
2027-02-28,W057,2845.0194275237413,285.0,143.0
2027-03-07,W057,2859.923881947706,286.0,143.0
2027-03-14,W057,2874.82833637167,288.0,144.0
2027-03-21,W057,2889.732790795634,289.0,145.0
2027-03-28,W057,2904.6372452195983,291.0,146.0
2027-01-10,W058,415.9062405079677,42.0,21.0
2027-01-17,W058,411.3359365184102,42.0,21.0
2027-01-24,W058,406.7656325288527,41.0,21.0
2027-01-31,W058,402.19532853929513,41.0,21.0
2027-02-07,W058,397.62502454973765,40.0,20.0
2027-02-14,W058,393.0547205601801,40.0,20.0
2027-02-21,W058,388.48441657062256,39.0,20.0
2027-02-28,W058,383.91411258106507,39.0,20.0
2027-03-07,W058,379.3438085915075,38.0,19.0
2027-03-14,W058,374.77350460195,38.0,19.0
2027-03-21,W058,370.2032006123925,38.0,19.0
2027-03-28,W058,365.63289662283495,37.0,19.0
2027-01-10,W059,578.1283865305493,58.0,29.0
2027-01-17,W059,573.9372807523209,58.0,29.0
2027-01-24,W059,569.7461749740927,57.0,29.0
2027-01-31,W059,565.5550691958643,57.0,29.0
2027-02-07,W059,561.3639634176361,57.0,29.0
2027-02-14,W059,557.1728576394078,56.0,28.0
2027-02-21,W059,552.9817518611795,56.0,28.0
2027-02-28,W059,548.7906460829512,55.0,28.0
2027-03-07,W059,544.599540304723,55.0,28.0
2027-03-14,W059,540.4084345264947,55.0,28.0
2027-03-21,W059,536.2173287482664,54.0,27.0
2027-03-28,W059,532.0262229700381,54.0,27.0
2027-01-10,W060,2552.227505951592,256.0,128.0
2027-01-17,W060,2562.4308851229016,257.0,129.0
2027-01-24,W060,2572.6342642942113,258.0,129.0
2027-01-31,W060,2582.837643465521,259.0,130.0
2027-02-07,W060,2593.0410226368303,260.0,130.0
2027-02-14,W060,2603.24440180814,261.0,131.0
2027-02-21,W060,2613.44778097945,262.0,131.0
2027-02-28,W060,2623.6511601507596,263.0,132.0
2027-03-07,W060,2633.8545393220693,264.0,132.0
2027-03-14,W060,2644.057918493379,265.0,133.0
2027-03-21,W060,2654.2612976646888,266.0,133.0
2027-03-28,W060,2664.464676835998,267.0,134.0
2027-01-10,W061,1848.257406547173,185.0,93.0
2027-01-17,W061,1841.3419034049264,185.0,93.0
2027-01-24,W061,1834.4264002626794,184.0,92.0
2027-01-31,W061,1827.5108971204327,183.0,92.0
2027-02-07,W061,1820.5953939781857,183.0,92.0
2027-02-14,W061,1813.679890835939,182.0,91.0
2027-02-21,W061,1806.764387693692,181.0,91.0
2027-02-28,W061,1799.848884551445,180.0,90.0
2027-03-07,W061,1792.9333814091983,180.0,90.0
2027-03-14,W061,1786.0178782669514,179.0,90.0
2027-03-21,W061,1779.1023751247046,178.0,89.0
2027-03-28,W061,1772.1868719824577,178.0,89.0
2027-01-10,W062,551.9828959543958,56.0,28.0
2027-01-17,W062,555.2863352536741,56.0,28.0
2027-01-24,W062,558.5897745529523,56.0,28.0
2027-01-31,W062,561.8932138522307,57.0,29.0
2027-02-07,W062,565.196653151509,57.0,29.0
2027-02-14,W062,568.5000924507874,57.0,29.0
2027-02-21,W062,571.8035317500658,58.0,29.0
2027-02-28,W062,575.1069710493441,58.0,29.0
2027-03-07,W062,578.4104103486225,58.0,29.0
2027-03-14,W062,581.7138496479007,59.0,30.0
2027-03-21,W062,585.017288947179,59.0,30.0
2027-03-28,W062,588.3207282464574,59.0,30.0
2027-01-10,W063,1774.0853438054196,178.0,89.0
2027-01-17,W063,1784.871610393788,179.0,90.0
2027-01-24,W063,1795.657876982156,180.0,90.0
2027-01-31,W063,1806.4441435705244,181.0,91.0
2027-02-07,W063,1817.2304101588925,182.0,91.0
2027-02-14,W063,1828.0166767472606,183.0,92.0
2027-02-21,W063,1838.802943335629,184.0,92.0
2027-02-28,W063,1849.589209923997,185.0,93.0
2027-03-07,W063,1860.3754765123654,187.0,94.0
2027-03-14,W063,1871.1617431007335,188.0,94.0
2027-03-21,W063,1881.9480096891016,189.0,95.0
2027-03-28,W063,1892.73427627747,190.0,95.0
2027-01-10,W064,2833.4195829201203,284.0,142.0
2027-01-17,W064,2817.0498194747706,282.0,141.0
2027-01-24,W064,2800.6800560294214,281.0,141.0
2027-01-31,W064,2784.3102925840717,279.0,140.0
2027-02-07,W064,2767.940529138722,277.0,139.0
2027-02-14,W064,2751.5707656933723,276.0,138.0
2027-02-21,W064,2735.2010022480226,274.0,137.0
2027-02-28,W064,2718.831238802673,272.0,136.0
2027-03-07,W064,2702.4614753573237,271.0,136.0
2027-03-14,W064,2686.091711911974,269.0,135.0
2027-03-21,W064,2669.7219484666243,267.0,134.0
2027-03-28,W064,2653.3521850212746,266.0,133.0
2027-01-10,W065,1529.1075078966512,153.0,77.0
2027-01-17,W065,1531.570669368156,154.0,77.0
2027-01-24,W065,1534.0338308396606,154.0,77.0
2027-01-31,W065,1536.4969923111655,154.0,77.0
2027-02-07,W065,1538.9601537826702,154.0,77.0
2027-02-14,W065,1541.423315254175,155.0,78.0
2027-02-21,W065,1543.8864767256796,155.0,78.0
2027-02-28,W065,1546.3496381971843,155.0,78.0
2027-03-07,W065,1548.812799668689,155.0,78.0
2027-03-14,W065,1551.2759611401937,156.0,78.0
2027-03-21,W065,1553.7391226116983,156.0,78.0
2027-03-28,W065,1556.2022840832033,156.0,78.0
2027-01-10,W066,2843.4675384375196,285.0,143.0
2027-01-17,W066,2829.3476278125045,283.0,142.0
2027-01-24,W066,2815.227717187489,282.0,141.0
2027-01-31,W066,2801.1078065624733,281.0,141.0
2027-02-07,W066,2786.987895937458,279.0,140.0
2027-02-14,W066,2772.8679853124427,278.0,139.0
2027-02-21,W066,2758.748074687427,276.0,138.0
2027-02-28,W066,2744.6281640624115,275.0,138.0
2027-03-07,W066,2730.5082534373964,274.0,137.0
2027-03-14,W066,2716.388342812381,272.0,136.0
2027-03-21,W066,2702.2684321873653,271.0,136.0
2027-03-28,W066,2688.1485215623497,269.0,135.0
2027-01-10,W067,1085.6106006497107,109.0,55.0
2027-01-17,W067,1079.3202419708796,108.0,54.0
2027-01-24,W067,1073.0298832920485,108.0,54.0
2027-01-31,W067,1066.7395246132173,107.0,54.0
2027-02-07,W067,1060.4491659343862,107.0,54.0
2027-02-14,W067,1054.158807255555,106.0,53.0
2027-02-21,W067,1047.868448576724,105.0,53.0
2027-02-28,W067,1041.5780898978928,105.0,53.0
2027-03-07,W067,1035.2877312190617,104.0,52.0
2027-03-14,W067,1028.9973725402306,103.0,52.0
2027-03-21,W067,1022.7070138613994,103.0,52.0
2027-03-28,W067,1016.4166551825683,102.0,51.0
2027-01-10,W068,873.5894697687345,88.0,44.0
2027-01-17,W068,871.2879483684168,88.0,44.0
2027-01-24,W068,868.986426968099,87.0,44.0
2027-01-31,W068,866.6849055677812,87.0,44.0
2027-02-07,W068,864.3833841674635,87.0,44.0
2027-02-14,W068,862.0818627671458,87.0,44.0
2027-02-21,W068,859.7803413668281,86.0,43.0
2027-02-28,W068,857.4788199665103,86.0,43.0
2027-03-07,W068,855.1772985661926,86.0,43.0
2027-03-14,W068,852.8757771658749,86.0,43.0
2027-03-21,W068,850.5742557655572,86.0,43.0
2027-03-28,W068,848.2727343652393,85.0,43.0
2027-01-10,W069,851.5522373589589,86.0,43.0
2027-01-17,W069,853.8009353365176,86.0,43.0
2027-01-24,W069,856.0496333140762,86.0,43.0
2027-01-31,W069,858.2983312916349,86.0,43.0
2027-02-07,W069,860.5470292691936,87.0,44.0
2027-02-14,W069,862.7957272467522,87.0,44.0
2027-02-21,W069,865.0444252243109,87.0,44.0
2027-02-28,W069,867.2931232018695,87.0,44.0
2027-03-07,W069,869.5418211794282,87.0,44.0
2027-03-14,W069,871.7905191569869,88.0,44.0
2027-03-21,W069,874.0392171345455,88.0,44.0
2027-03-28,W069,876.2879151121042,88.0,44.0
2027-01-10,W070,392.47498137739325,40.0,20.0
2027-01-17,W070,391.51031793405144,40.0,20.0
2027-01-24,W070,390.5456544907097,40.0,20.0
2027-01-31,W070,389.5809910473679,39.0,20.0
2027-02-07,W070,388.61632760402614,39.0,20.0
2027-02-14,W070,387.65166416068433,39.0,20.0
2027-02-21,W070,386.6870007173426,39.0,20.0
2027-02-28,W070,385.7223372740008,39.0,20.0
2027-03-07,W070,384.75767383065903,39.0,20.0
2027-03-14,W070,383.7930103873172,39.0,20.0
2027-03-21,W070,382.8283469439755,39.0,20.0
2027-03-28,W070,381.8636835006337,39.0,20.0
2027-01-10,W071,2628.1294943130247,263.0,132.0
2027-01-17,W071,2611.6598331123237,262.0,131.0
2027-01-24,W071,2595.190171911623,260.0,130.0
2027-01-31,W071,2578.720510710922,258.0,129.0
2027-02-07,W071,2562.2508495102215,257.0,129.0
2027-02-14,W071,2545.7811883095205,255.0,128.0
2027-02-21,W071,2529.31152710882,253.0,127.0
2027-02-28,W071,2512.841865908119,252.0,126.0
2027-03-07,W071,2496.3722047074184,250.0,125.0
2027-03-14,W071,2479.902543506718,248.0,124.0
2027-03-21,W071,2463.432882306017,247.0,124.0
2027-03-28,W071,2446.9632211053163,245.0,123.0
2027-01-10,W072,2409.7389815456568,241.0,121.0
2027-01-17,W072,2404.4103306577294,241.0,121.0
2027-01-24,W072,2399.0816797698026,240.0,120.0
2027-01-31,W072,2393.7530288818753,240.0,120.0
2027-02-07,W072,2388.4243779939484,239.0,120.0
2027-02-14,W072,2383.0957271060215,239.0,120.0
2027-02-21,W072,2377.767076218094,238.0,119.0
2027-02-28,W072,2372.4384253301673,238.0,119.0
2027-03-07,W072,2367.1097744422405,237.0,119.0
2027-03-14,W072,2361.781123554313,237.0,119.0
2027-03-21,W072,2356.4524726663863,236.0,118.0
2027-03-28,W072,2351.123821778459,236.0,118.0
2027-01-10,W073,3086.6555986118483,309.0,155.0
2027-01-17,W073,3092.1148764520954,310.0,155.0
2027-01-24,W073,3097.5741542923424,310.0,155.0
2027-01-31,W073,3103.0334321325895,311.0,156.0
2027-02-07,W073,3108.4927099728366,311.0,156.0
2027-02-14,W073,3113.9519878130836,312.0,156.0
2027-02-21,W073,3119.4112656533307,312.0,156.0
2027-02-28,W073,3124.8705434935778,313.0,157.0
2027-03-07,W073,3130.329821333825,314.0,157.0
2027-03-14,W073,3135.789099174072,314.0,157.0
2027-03-21,W073,3141.248377014319,315.0,158.0
2027-03-28,W073,3146.707654854566,315.0,158.0
2027-01-10,W074,3329.7959782501543,333.0,167.0
2027-01-17,W074,3348.7608541992026,335.0,168.0
2027-01-24,W074,3367.725730148251,337.0,169.0
2027-01-31,W074,3386.6906060972988,339.0,170.0
2027-02-07,W074,3405.655482046347,341.0,171.0
2027-02-14,W074,3424.6203579953954,343.0,172.0
2027-02-21,W074,3443.5852339444436,345.0,173.0
2027-02-28,W074,3462.550109893492,347.0,174.0
2027-03-07,W074,3481.51498584254,349.0,175.0
2027-03-14,W074,3500.4798617915885,351.0,176.0
2027-03-21,W074,3519.4447377406364,352.0,176.0
2027-03-28,W074,3538.4096136896846,354.0,177.0
2027-01-10,W075,1743.531841828654,175.0,88.0
2027-01-17,W075,1757.2991644080698,176.0,88.0
2027-01-24,W075,1771.0664869874856,178.0,89.0
2027-01-31,W075,1784.8338095669014,179.0,90.0
2027-02-07,W075,1798.6011321463172,180.0,90.0
2027-02-14,W075,1812.368454725733,182.0,91.0
2027-02-21,W075,1826.1357773051488,183.0,92.0
2027-02-28,W075,1839.9030998845647,184.0,92.0
2027-03-07,W075,1853.6704224639805,186.0,93.0
2027-03-14,W075,1867.4377450433963,187.0,94.0
2027-03-21,W075,1881.205067622812,189.0,95.0
2027-03-28,W075,1894.9723902022279,190.0,95.0
2027-01-10,W076,3224.488019322377,323.0,162.0
2027-01-17,W076,3233.8588600373955,324.0,162.0
2027-01-24,W076,3243.2297007524135,325.0,163.0
2027-01-31,W076,3252.6005414674314,326.0,163.0
2027-02-07,W076,3261.9713821824494,327.0,164.0
2027-02-14,W076,3271.3422228974678,328.0,164.0
2027-02-21,W076,3280.7130636124857,329.0,165.0
2027-02-28,W076,3290.0839043275037,330.0,165.0
2027-03-07,W076,3299.454745042522,330.0,165.0
2027-03-14,W076,3308.82558575754,331.0,166.0
2027-03-21,W076,3318.196426472558,332.0,166.0
2027-03-28,W076,3327.567267187576,333.0,167.0
2027-01-10,W077,3552.8784044748995,356.0,178.0
2027-01-17,W077,3542.756063915172,355.0,178.0
2027-01-24,W077,3532.633723355444,354.0,177.0
2027-01-31,W077,3522.5113827957166,353.0,177.0
2027-02-07,W077,3512.3890422359887,352.0,176.0
2027-02-14,W077,3502.2667016762607,351.0,176.0
2027-02-21,W077,3492.144361116533,350.0,175.0
2027-02-28,W077,3482.0220205568053,349.0,175.0
2027-03-07,W077,3471.8996799970773,348.0,174.0
2027-03-14,W077,3461.77733943735,347.0,174.0
2027-03-21,W077,3451.654998877622,346.0,173.0
2027-03-28,W077,3441.5326583178944,345.0,173.0
2027-01-10,W078,2282.034993706334,229.0,115.0
2027-01-17,W078,2307.8606582655243,231.0,116.0
2027-01-24,W078,2333.6863228247144,234.0,117.0
2027-01-31,W078,2359.5119873839044,236.0,118.0
2027-02-07,W078,2385.3376519430944,239.0,120.0
2027-02-14,W078,2411.163316502285,242.0,121.0
2027-02-21,W078,2436.988981061475,244.0,122.0
2027-02-28,W078,2462.814645620665,247.0,124.0
2027-03-07,W078,2488.640310179855,249.0,125.0
2027-03-14,W078,2514.4659747390456,252.0,126.0
2027-03-21,W078,2540.2916392982356,255.0,128.0
2027-03-28,W078,2566.1173038574257,257.0,129.0
2027-01-10,W079,564.3650173802432,57.0,29.0
2027-01-17,W079,569.1939536227193,57.0,29.0
2027-01-24,W079,574.0228898651953,58.0,29.0
2027-01-31,W079,578.8518261076714,58.0,29.0
2027-02-07,W079,583.6807623501475,59.0,30.0
2027-02-14,W079,588.5096985926234,59.0,30.0
2027-02-21,W079,593.3386348350995,60.0,30.0
2027-02-28,W079,598.1675710775755,60.0,30.0
2027-03-07,W079,602.9965073200516,61.0,31.0
2027-03-14,W079,607.8254435625277,61.0,31.0
2027-03-21,W079,612.6543798050037,62.0,31.0
2027-03-28,W079,617.4833160474798,62.0,31.0
2027-01-10,W080,2276.1444186889375,228.0,114.0
2027-01-17,W080,2278.331610101177,228.0,114.0
2027-01-24,W080,2280.518801513416,229.0,115.0
2027-01-31,W080,2282.705992925655,229.0,115.0
2027-02-07,W080,2284.8931843378946,229.0,115.0
2027-02-14,W080,2287.080375750134,229.0,115.0
2027-02-21,W080,2289.2675671623733,229.0,115.0
2027-02-28,W080,2291.4547585746127,230.0,115.0
2027-03-07,W080,2293.6419499868516,230.0,115.0
2027-03-14,W080,2295.829141399091,230.0,115.0
2027-03-21,W080,2298.0163328113304,230.0,115.0
2027-03-28,W080,2300.2035242235697,231.0,116.0
2027-01-10,W081,2304.503636799435,231.0,116.0
2027-01-17,W081,2307.0177945969376,231.0,116.0
2027-01-24,W081,2309.5319523944404,231.0,116.0
2027-01-31,W081,2312.0461101919436,232.0,116.0
2027-02-07,W081,2314.5602679894464,232.0,116.0
2027-02-14,W081,2317.074425786949,232.0,116.0
2027-02-21,W081,2319.588583584452,232.0,116.0
2027-02-28,W081,2322.1027413819547,233.0,117.0
2027-03-07,W081,2324.6168991794575,233.0,117.0
2027-03-14,W081,2327.1310569769603,233.0,117.0
2027-03-21,W081,2329.6452147744635,233.0,117.0
2027-03-28,W081,2332.1593725719663,234.0,117.0
2027-01-10,W082,2139.1533360639382,214.0,107.0
2027-01-17,W082,2145.9813583736036,215.0,108.0
2027-01-24,W082,2152.8093806832694,216.0,108.0
2027-01-31,W082,2159.637402992935,216.0,108.0
2027-02-07,W082,2166.465425302601,217.0,109.0
2027-02-14,W082,2173.2934476122664,218.0,109.0
2027-02-21,W082,2180.121469921932,219.0,110.0
2027-02-28,W082,2186.949492231598,219.0,110.0
2027-03-07,W082,2193.777514541264,220.0,110.0
2027-03-14,W082,2200.605536850929,221.0,111.0
2027-03-21,W082,2207.433559160595,221.0,111.0
2027-03-28,W082,2214.261581470261,222.0,111.0
2027-01-10,W083,2027.109220713008,203.0,102.0
2027-01-17,W083,2025.3989962420621,203.0,102.0
2027-01-24,W083,2023.688771771116,203.0,102.0
2027-01-31,W083,2021.9785473001702,203.0,102.0
2027-02-07,W083,2020.2683228292244,203.0,102.0
2027-02-14,W083,2018.5580983582786,202.0,101.0
2027-02-21,W083,2016.8478738873328,202.0,101.0
2027-02-28,W083,2015.1376494163867,202.0,101.0
2027-03-07,W083,2013.4274249454409,202.0,101.0
2027-03-14,W083,2011.717200474495,202.0,101.0
2027-03-21,W083,2010.0069760035492,202.0,101.0
2027-03-28,W083,2008.2967515326034,201.0,101.0
2027-01-10,W084,1186.3148647522016,119.0,60.0
2027-01-17,W084,1188.924641174319,119.0,60.0
2027-01-24,W084,1191.5344175964367,120.0,60.0
2027-01-31,W084,1194.1441940185541,120.0,60.0
2027-02-07,W084,1196.7539704406715,120.0,60.0
2027-02-14,W084,1199.363746862789,120.0,60.0
2027-02-21,W084,1201.9735232849064,121.0,61.0
2027-02-28,W084,1204.583299707024,121.0,61.0
2027-03-07,W084,1207.1930761291414,121.0,61.0
2027-03-14,W084,1209.8028525512589,121.0,61.0
2027-03-21,W084,1212.4126289733763,122.0,61.0
2027-03-28,W084,1215.022405395494,122.0,61.0
2027-01-10,W085,1413.4759109079582,142.0,71.0
2027-01-17,W085,1413.1615191395847,142.0,71.0
2027-01-24,W085,1412.847127371211,142.0,71.0
2027-01-31,W085,1412.5327356028372,142.0,71.0
2027-02-07,W085,1412.2183438344637,142.0,71.0
2027-02-14,W085,1411.90395206609,142.0,71.0
2027-02-21,W085,1411.5895602977164,142.0,71.0
2027-02-28,W085,1411.2751685293426,142.0,71.0
2027-03-07,W085,1410.9607767609689,142.0,71.0
2027-03-14,W085,1410.6463849925954,142.0,71.0
2027-03-21,W085,1410.3319932242216,142.0,71.0
2027-03-28,W085,1410.0176014558479,142.0,71.0
2027-01-10,W086,1031.6801386146294,104.0,52.0
2027-01-17,W086,1034.7725037389962,104.0,52.0
2027-01-24,W086,1037.864868863363,104.0,52.0
2027-01-31,W086,1040.9572339877298,105.0,53.0
2027-02-07,W086,1044.0495991120965,105.0,53.0
2027-02-14,W086,1047.141964236463,105.0,53.0
2027-02-21,W086,1050.2343293608299,106.0,53.0
2027-02-28,W086,1053.3266944851966,106.0,53.0
2027-03-07,W086,1056.4190596095634,106.0,53.0
2027-03-14,W086,1059.5114247339302,106.0,53.0
2027-03-21,W086,1062.603789858297,107.0,54.0
2027-03-28,W086,1065.6961549826638,107.0,54.0
2027-01-10,W087,2004.2911792533348,201.0,101.0
2027-01-17,W087,1996.857701302244,200.0,100.0
2027-01-24,W087,1989.4242233511532,199.0,100.0
2027-01-31,W087,1981.9907454000625,199.0,100.0
2027-02-07,W087,1974.5572674489715,198.0,99.0
2027-02-14,W087,1967.1237894978808,197.0,99.0
2027-02-21,W087,1959.6903115467899,196.0,98.0
2027-02-28,W087,1952.256833595699,196.0,98.0
2027-03-07,W087,1944.8233556446082,195.0,98.0
2027-03-14,W087,1937.3898776935173,194.0,97.0
2027-03-21,W087,1929.9563997424266,193.0,97.0
2027-03-28,W087,1922.5229217913356,193.0,97.0
2027-01-10,W088,1338.4956838390058,134.0,67.0
2027-01-17,W088,1341.633358434437,135.0,68.0
2027-01-24,W088,1344.7710330298685,135.0,68.0
2027-01-31,W088,1347.9087076252997,135.0,68.0
2027-02-07,W088,1351.0463822207312,136.0,68.0
2027-02-14,W088,1354.1840568161624,136.0,68.0
2027-02-21,W088,1357.3217314115939,136.0,68.0
2027-02-28,W088,1360.4594060070253,137.0,69.0
2027-03-07,W088,1363.5970806024566,137.0,69.0
2027-03-14,W088,1366.734755197888,137.0,69.0
2027-03-21,W088,1369.8724297933193,137.0,69.0
2027-03-28,W088,1373.0101043887507,138.0,69.0
2027-01-10,W089,2048.466011565395,205.0,103.0
2027-01-17,W089,2053.5680657149865,206.0,103.0
2027-01-24,W089,2058.6701198645783,206.0,103.0
2027-01-31,W089,2063.77217401417,207.0,104.0
2027-02-07,W089,2068.874228163762,207.0,104.0
2027-02-14,W089,2073.9762823133533,208.0,104.0
2027-02-21,W089,2079.078336462945,208.0,104.0
2027-02-28,W089,2084.180390612537,209.0,105.0
2027-03-07,W089,2089.2824447621283,209.0,105.0
2027-03-14,W089,2094.38449891172,210.0,105.0
2027-03-21,W089,2099.486553061312,210.0,105.0
2027-03-28,W089,2104.5886072109033,211.0,106.0
2027-01-10,W090,3526.0901287279503,353.0,177.0
2027-01-17,W090,3537.534687152914,354.0,177.0
2027-01-24,W090,3548.9792455778775,355.0,178.0
2027-01-31,W090,3560.4238040028413,357.0,179.0
2027-02-07,W090,3571.868362427805,358.0,179.0
2027-02-14,W090,3583.312920852769,359.0,180.0
2027-02-21,W090,3594.7574792777327,360.0,180.0
2027-02-28,W090,3606.2020377026965,361.0,181.0
2027-03-07,W090,3617.64659612766,362.0,181.0
2027-03-14,W090,3629.0911545526237,363.0,182.0
2027-03-21,W090,3640.5357129775875,365.0,183.0
2027-03-28,W090,3651.9802714025514,366.0,183.0
2027-01-10,W091,635.7530421491012,64.0,32.0
2027-01-17,W091,593.2887914844163,60.0,30.0
2027-01-24,W091,550.8245408197314,56.0,28.0
2027-01-31,W091,508.3602901550465,51.0,26.0
2027-02-07,W091,465.8960394903616,47.0,24.0
2027-02-14,W091,423.4317888256767,43.0,22.0
2027-02-21,W091,380.9675381609918,39.0,20.0
2027-02-28,W091,338.5032874963069,34.0,17.0
2027-03-07,W091,296.03903683162196,30.0,15.0
2027-03-14,W091,253.5747861669371,26.0,13.0
2027-03-21,W091,211.11053550225216,22.0,11.0
2027-03-28,W091,168.64628483756724,17.0,9.0
2027-01-10,W092,3460.9447863117143,347.0,174.0
2027-01-17,W092,3471.9212572922947,348.0,174.0
2027-01-24,W092,3482.8977282728747,349.0,175.0
2027-01-31,W092,3493.874199253455,350.0,175.0
2027-02-07,W092,3504.8506702340355,351.0,176.0
2027-02-14,W092,3515.827141214616,352.0,176.0
2027-02-21,W092,3526.803612195196,353.0,177.0
2027-02-28,W092,3537.7800831757763,354.0,177.0
2027-03-07,W092,3548.7565541563567,355.0,178.0
2027-03-14,W092,3559.733025136937,356.0,178.0
2027-03-21,W092,3570.709496117517,358.0,179.0
2027-03-28,W092,3581.6859670980975,359.0,180.0
2027-01-10,W093,2425.6707374839893,243.0,122.0
2027-01-17,W093,2398.860458040796,240.0,120.0
2027-01-24,W093,2372.0501785976026,238.0,119.0
2027-01-31,W093,2345.2398991544087,235.0,118.0
2027-02-07,W093,2318.4296197112153,232.0,116.0
2027-02-14,W093,2291.619340268022,230.0,115.0
2027-02-21,W093,2264.8090608248285,227.0,114.0
2027-02-28,W093,2237.998781381635,224.0,112.0
2027-03-07,W093,2211.1885019384417,222.0,111.0
2027-03-14,W093,2184.3782224952483,219.0,110.0
2027-03-21,W093,2157.567943052055,216.0,108.0
2027-03-28,W093,2130.7576636088615,214.0,107.0
2027-01-10,W094,3277.1830500248507,328.0,164.0
2027-01-17,W094,3279.708160148235,328.0,164.0
2027-01-24,W094,3282.233270271619,329.0,165.0
2027-01-31,W094,3284.758380395003,329.0,165.0
2027-02-07,W094,3287.283490518387,329.0,165.0
2027-02-14,W094,3289.808600641771,329.0,165.0
2027-02-21,W094,3292.333710765155,330.0,165.0
2027-02-28,W094,3294.8588208885394,330.0,165.0
2027-03-07,W094,3297.3839310119233,330.0,165.0
2027-03-14,W094,3299.9090411353072,330.0,165.0
2027-03-21,W094,3302.4341512586916,331.0,166.0
2027-03-28,W094,3304.9592613820755,331.0,166.0
2027-01-10,W095,730.4881155637886,74.0,37.0
2027-01-17,W095,734.3178633731743,74.0,37.0
2027-01-24,W095,738.1476111825599,74.0,37.0
2027-01-31,W095,741.9773589919456,75.0,38.0
2027-02-07,W095,745.8071068013312,75.0,38.0
2027-02-14,W095,749.6368546107169,75.0,38.0
2027-02-21,W095,753.4666024201025,76.0,38.0
2027-02-28,W095,757.2963502294882,76.0,38.0
2027-03-07,W095,761.1260980388738,77.0,39.0
2027-03-14,W095,764.9558458482595,77.0,39.0
2027-03-21,W095,768.7855936576451,77.0,39.0
2027-03-28,W095,772.6153414670308,78.0,39.0
2027-01-10,W096,607.1498860940093,61.0,31.0
2027-01-17,W096,608.5800702364039,61.0,31.0
2027-01-24,W096,610.0102543787984,62.0,31.0
2027-01-31,W096,611.4404385211931,62.0,31.0
2027-02-07,W096,612.8706226635876,62.0,31.0
2027-02-14,W096,614.3008068059822,62.0,31.0
2027-02-21,W096,615.7309909483768,62.0,31.0
2027-02-28,W096,617.1611750907714,62.0,31.0
2027-03-07,W096,618.5913592331659,62.0,31.0
2027-03-14,W096,620.0215433755606,63.0,32.0
2027-03-21,W096,621.4517275179551,63.0,32.0
2027-03-28,W096,622.8819116603497,63.0,32.0
2027-01-10,W097,743.1448061279549,75.0,38.0
2027-01-17,W097,747.1459566139532,75.0,38.0
2027-01-24,W097,751.1471070999517,76.0,38.0
2027-01-31,W097,755.14825758595,76.0,38.0
2027-02-07,W097,759.1494080719484,76.0,38.0
2027-02-14,W097,763.1505585579467,77.0,39.0
2027-02-21,W097,767.1517090439452,77.0,39.0
2027-02-28,W097,771.1528595299435,78.0,39.0
2027-03-07,W097,775.1540100159419,78.0,39.0
2027-03-14,W097,779.1551605019403,78.0,39.0
2027-03-21,W097,783.1563109879387,79.0,40.0
2027-03-28,W097,787.157461473937,79.0,40.0
2027-01-10,W098,840.1319133772605,85.0,43.0
2027-01-17,W098,838.7407134955195,84.0,42.0
2027-01-24,W098,837.3495136137784,84.0,42.0
2027-01-31,W098,835.9583137320374,84.0,42.0
2027-02-07,W098,834.5671138502963,84.0,42.0
2027-02-14,W098,833.1759139685552,84.0,42.0
2027-02-21,W098,831.7847140868141,84.0,42.0
2027-02-28,W098,830.3935142050731,84.0,42.0
2027-03-07,W098,829.002314323332,83.0,42.0
2027-03-14,W098,827.611114441591,83.0,42.0
2027-03-21,W098,826.2199145598499,83.0,42.0
2027-03-28,W098,824.8287146781089,83.0,42.0
2027-01-10,W099,2218.7227340054405,222.0,111.0
2027-01-17,W099,2228.190440800437,223.0,112.0
2027-01-24,W099,2237.6581475954335,224.0,112.0
2027-01-31,W099,2247.12585439043,225.0,113.0
2027-02-07,W099,2256.593561185426,226.0,113.0
2027-02-14,W099,2266.0612679804226,227.0,114.0
2027-02-21,W099,2275.528974775419,228.0,114.0
2027-02-28,W099,2284.9966815704156,229.0,115.0
2027-03-07,W099,2294.464388365412,230.0,115.0
2027-03-14,W099,2303.9320951604086,231.0,116.0
2027-03-21,W099,2313.399801955405,232.0,116.0
2027-03-28,W099,2322.8675087504016,233.0,117.0
2027-01-10,W100,2701.8947715910717,271.0,136.0
2027-01-17,W100,2675.61778107676,268.0,134.0
2027-01-24,W100,2649.340790562448,265.0,133.0
2027-01-31,W100,2623.0638000481367,263.0,132.0
2027-02-07,W100,2596.786809533825,260.0,130.0
2027-02-14,W100,2570.509819019513,258.0,129.0
2027-02-21,W100,2544.2328285052013,255.0,128.0
2027-02-28,W100,2517.9558379908894,252.0,126.0
2027-03-07,W100,2491.6788474765776,250.0,125.0
2027-03-14,W100,2465.401856962266,247.0,124.0
2027-03-21,W100,2439.1248664479544,244.0,122.0
2027-03-28,W100,2412.8478759336426,242.0,121.0
2027-01-10,W101,3812.442168823273,382.0,191.0
2027-01-17,W101,3837.4760001895324,384.0,192.0
2027-01-24,W101,3862.5098315557916,387.0,194.0
2027-01-31,W101,3887.543662922051,389.0,195.0
2027-02-07,W101,3912.577494288311,392.0,196.0
2027-02-14,W101,3937.6113256545705,394.0,197.0
2027-02-21,W101,3962.64515702083,397.0,199.0
2027-02-28,W101,3987.6789883870897,399.0,200.0
2027-03-07,W101,4012.712819753349,402.0,201.0
2027-03-14,W101,4037.7466511196085,404.0,202.0
2027-03-21,W101,4062.780482485868,407.0,204.0
2027-03-28,W101,4087.8143138521277,409.0,205.0
2027-01-10,W102,1488.4238647791938,149.0,75.0
2027-01-17,W102,1484.2321139718165,149.0,75.0
2027-01-24,W102,1480.0403631644392,149.0,75.0
2027-01-31,W102,1475.848612357062,148.0,74.0
2027-02-07,W102,1471.656861549685,148.0,74.0
2027-02-14,W102,1467.4651107423076,147.0,74.0
2027-02-21,W102,1463.2733599349303,147.0,74.0
2027-02-28,W102,1459.081609127553,146.0,73.0
2027-03-07,W102,1454.8898583201758,146.0,73.0
2027-03-14,W102,1450.6981075127985,146.0,73.0
2027-03-21,W102,1446.5063567054212,145.0,73.0
2027-03-28,W102,1442.314605898044,145.0,73.0
2027-01-10,W103,1657.9983360372523,166.0,83.0
2027-01-17,W103,1668.1804443959718,167.0,84.0
2027-01-24,W103,1678.362552754691,168.0,84.0
2027-01-31,W103,1688.5446611134103,169.0,85.0
2027-02-07,W103,1698.7267694721295,170.0,85.0
2027-02-14,W103,1708.908877830849,171.0,86.0
2027-02-21,W103,1719.0909861895682,172.0,86.0
2027-02-28,W103,1729.2730945482874,173.0,87.0
2027-03-07,W103,1739.4552029070069,174.0,87.0
2027-03-14,W103,1749.637311265726,175.0,88.0
2027-03-21,W103,1759.8194196244453,176.0,88.0
2027-03-28,W103,1770.0015279831648,178.0,89.0
2027-01-10,W104,3520.685140072781,353.0,177.0
2027-01-17,W104,3561.7167319095474,357.0,179.0
2027-01-24,W104,3602.7483237463134,361.0,181.0
2027-01-31,W104,3643.77991558308,365.0,183.0
2027-02-07,W104,3684.811507419846,369.0,185.0
2027-02-14,W104,3725.843099256612,373.0,187.0
2027-02-21,W104,3766.8746910933783,377.0,189.0
2027-02-28,W104,3807.9062829301442,381.0,191.0
2027-03-07,W104,3848.9378747669107,385.0,193.0
2027-03-14,W104,3889.9694666036767,389.0,195.0
2027-03-21,W104,3931.0010584404426,394.0,197.0
2027-03-28,W104,3972.032650277209,398.0,199.0
2027-01-10,W105,519.3470238407813,52.0,26.0
2027-01-17,W105,515.555205579206,52.0,26.0
2027-01-24,W105,511.7633873176307,52.0,26.0
2027-01-31,W105,507.97156905605544,51.0,26.0
2027-02-07,W105,504.1797507944801,51.0,26.0
2027-02-14,W105,500.38793253290487,51.0,26.0
2027-02-21,W105,496.5961142713296,50.0,25.0
2027-02-28,W105,492.80429600975435,50.0,25.0
2027-03-07,W105,489.01247774817904,49.0,25.0
2027-03-14,W105,485.2206594866038,49.0,25.0
2027-03-21,W105,481.4288412250285,49.0,25.0
2027-03-28,W105,477.6370229634532,48.0,24.0
2027-01-10,W106,2417.552549837956,242.0,121.0
2027-01-17,W106,2419.346054379671,242.0,121.0
2027-01-24,W106,2421.1395589213853,243.0,122.0
2027-01-31,W106,2422.9330634631,243.0,122.0
2027-02-07,W106,2424.7265680048145,243.0,122.0
2027-02-14,W106,2426.5200725465293,243.0,122.0
2027-02-21,W106,2428.3135770882436,243.0,122.0
2027-02-28,W106,2430.1070816299584,244.0,122.0
2027-03-07,W106,2431.900586171673,244.0,122.0
2027-03-14,W106,2433.6940907133876,244.0,122.0
2027-03-21,W106,2435.487595255102,244.0,122.0
2027-03-28,W106,2437.2810997968163,244.0,122.0
2027-01-10,W107,4147.775101112465,415.0,208.0
2027-01-17,W107,4174.01198749076,418.0,209.0
2027-01-24,W107,4200.248873869054,421.0,211.0
2027-01-31,W107,4226.4857602473485,423.0,212.0
2027-02-07,W107,4252.722646625643,426.0,213.0
2027-02-14,W107,4278.959533003938,428.0,214.0
2027-02-21,W107,4305.196419382232,431.0,216.0
2027-02-28,W107,4331.433305760527,434.0,217.0
2027-03-07,W107,4357.670192138822,436.0,218.0
2027-03-14,W107,4383.907078517117,439.0,220.0
2027-03-21,W107,4410.143964895411,442.0,221.0
2027-03-28,W107,4436.380851273706,444.0,222.0
2027-01-10,W108,1779.2562332847328,178.0,89.0
2027-01-17,W108,1772.2367448854652,178.0,89.0
2027-01-24,W108,1765.2172564861976,177.0,89.0
2027-01-31,W108,1758.19776808693,176.0,88.0
2027-02-07,W108,1751.1782796876626,176.0,88.0
2027-02-14,W108,1744.158791288395,175.0,88.0
2027-02-21,W108,1737.1393028891273,174.0,87.0
2027-02-28,W108,1730.1198144898597,174.0,87.0
2027-03-07,W108,1723.100326090592,173.0,87.0
2027-03-14,W108,1716.0808376913244,172.0,86.0
2027-03-21,W108,1709.0613492920568,171.0,86.0
2027-03-28,W108,1702.0418608927891,171.0,86.0
2027-01-10,W109,956.2909535133064,96.0,48.0
2027-01-17,W109,956.8091062237276,96.0,48.0
2027-01-24,W109,957.3272589341486,96.0,48.0
2027-01-31,W109,957.8454116445698,96.0,48.0
2027-02-07,W109,958.363564354991,96.0,48.0
2027-02-14,W109,958.8817170654122,96.0,48.0
2027-02-21,W109,959.3998697758334,96.0,48.0
2027-02-28,W109,959.9180224862546,96.0,48.0
2027-03-07,W109,960.4361751966757,97.0,49.0
2027-03-14,W109,960.9543279070969,97.0,49.0
2027-03-21,W109,961.472480617518,97.0,49.0
2027-03-28,W109,961.9906333279392,97.0,49.0
2027-01-10,W110,2606.6908386168047,261.0,131.0
2027-01-17,W110,2588.879650669332,259.0,130.0
2027-01-24,W110,2571.0684627218593,258.0,129.0
2027-01-31,W110,2553.2572747743866,256.0,128.0
2027-02-07,W110,2535.446086826914,254.0,127.0
2027-02-14,W110,2517.634898879441,252.0,126.0
2027-02-21,W110,2499.8237109319684,250.0,125.0
2027-02-28,W110,2482.012522984496,249.0,125.0
2027-03-07,W110,2464.2013350370235,247.0,124.0
2027-03-14,W110,2446.3901470895507,245.0,123.0
2027-03-21,W110,2428.578959142078,243.0,122.0
2027-03-28,W110,2410.7677711946053,242.0,121.0
2027-01-10,W111,1456.2823078953527,146.0,73.0
2027-01-17,W111,1464.120266482346,147.0,74.0
2027-01-24,W111,1471.9582250693395,148.0,74.0
2027-01-31,W111,1479.796183656333,148.0,74.0
2027-02-07,W111,1487.634142243326,149.0,75.0
2027-02-14,W111,1495.4721008303195,150.0,75.0
2027-02-21,W111,1503.310059417313,151.0,76.0
2027-02-28,W111,1511.1480180043063,152.0,76.0
2027-03-07,W111,1518.9859765912997,152.0,76.0
2027-03-14,W111,1526.8239351782931,153.0,77.0
2027-03-21,W111,1534.6618937652865,154.0,77.0
2027-03-28,W111,1542.49985235228,155.0,78.0
2027-01-10,W112,1892.067590340844,190.0,95.0
2027-01-17,W112,1868.6508280455946,187.0,94.0
2027-01-24,W112,1845.234065750345,185.0,93.0
2027-01-31,W112,1821.8173034550955,183.0,92.0
2027-02-07,W112,1798.4005411598462,180.0,90.0
2027-02-14,W112,1774.9837788645966,178.0,89.0
2027-02-21,W112,1751.567016569347,176.0,88.0
2027-02-28,W112,1728.1502542740977,173.0,87.0
2027-03-07,W112,1704.7334919788482,171.0,86.0
2027-03-14,W112,1681.3167296835986,169.0,85.0
2027-03-21,W112,1657.899967388349,166.0,83.0
2027-03-28,W112,1634.4832050930997,164.0,82.0
2027-01-10,W113,2831.1922823974896,284.0,142.0
2027-01-17,W113,2826.4348994756106,283.0,142.0
2027-01-24,W113,2821.6775165537315,283.0,142.0
2027-01-31,W113,2816.9201336318524,282.0,141.0
2027-02-07,W113,2812.162750709974,282.0,141.0
2027-02-14,W113,2807.4053677880947,281.0,141.0
2027-02-21,W113,2802.6479848662157,281.0,141.0
2027-02-28,W113,2797.8906019443366,280.0,140.0
2027-03-07,W113,2793.1332190224575,280.0,140.0
2027-03-14,W113,2788.3758361005785,279.0,140.0
2027-03-21,W113,2783.6184531786994,279.0,140.0
2027-03-28,W113,2778.8610702568203,278.0,139.0
2027-01-10,W114,1004.6229444359848,101.0,51.0
2027-01-17,W114,994.924336648,100.0,50.0
2027-01-24,W114,985.2257288600152,99.0,50.0
2027-01-31,W114,975.5271210720305,98.0,49.0
2027-02-07,W114,965.8285132840457,97.0,49.0
2027-02-14,W114,956.1299054960609,96.0,48.0
2027-02-21,W114,946.431297708076,95.0,48.0
2027-02-28,W114,936.7326899200914,94.0,47.0
2027-03-07,W114,927.0340821321065,93.0,47.0
2027-03-14,W114,917.3354743441217,92.0,46.0
2027-03-21,W114,907.636866556137,91.0,46.0
2027-03-28,W114,897.9382587681522,90.0,45.0
2027-01-10,W115,2185.1772956156187,219.0,110.0
2027-01-17,W115,2209.623364836691,221.0,111.0
2027-01-24,W115,2234.069434057764,224.0,112.0
2027-01-31,W115,2258.5155032788366,226.0,113.0
2027-02-07,W115,2282.961572499909,229.0,115.0
2027-02-14,W115,2307.4076417209817,231.0,116.0
2027-02-21,W115,2331.8537109420545,234.0,117.0
2027-02-28,W115,2356.299780163127,236.0,118.0
2027-03-07,W115,2380.7458493841996,239.0,120.0
2027-03-14,W115,2405.1919186052723,241.0,121.0
2027-03-21,W115,2429.6379878263447,243.0,122.0
2027-03-28,W115,2454.0840570474174,246.0,123.0
2027-01-10,W116,3352.429679080536,336.0,168.0
2027-01-17,W116,3371.5224468582055,338.0,169.0
2027-01-24,W116,3390.6152146358754,340.0,170.0
2027-01-31,W116,3409.707982413545,341.0,171.0
2027-02-07,W116,3428.8007501912143,343.0,172.0
2027-02-14,W116,3447.8935179688838,345.0,173.0
2027-02-21,W116,3466.986285746553,347.0,174.0
2027-02-28,W116,3486.079053524223,349.0,175.0
2027-03-07,W116,3505.1718213018926,351.0,176.0
2027-03-14,W116,3524.264589079562,353.0,177.0
2027-03-21,W116,3543.3573568572315,355.0,178.0
2027-03-28,W116,3562.4501246349014,357.0,179.0
2027-01-10,W117,1891.9514542318313,190.0,95.0
2027-01-17,W117,1898.0508553679224,190.0,95.0
2027-01-24,W117,1904.1502565040134,191.0,96.0
2027-01-31,W117,1910.2496576401045,192.0,96.0
2027-02-07,W117,1916.3490587761955,192.0,96.0
2027-02-14,W117,1922.4484599122866,193.0,97.0
2027-02-21,W117,1928.5478610483779,193.0,97.0
2027-02-28,W117,1934.647262184469,194.0,97.0
2027-03-07,W117,1940.74666332056,195.0,98.0
2027-03-14,W117,1946.846064456651,195.0,98.0
2027-03-21,W117,1952.945465592742,196.0,98.0
2027-03-28,W117,1959.044866728833,196.0,98.0
2027-01-10,W118,1203.4109651936074,121.0,61.0
2027-01-17,W118,1201.6670884507698,121.0,61.0
2027-01-24,W118,1199.9232117079325,120.0,60.0
2027-01-31,W118,1198.179334965095,120.0,60.0
2027-02-07,W118,1196.4354582222577,120.0,60.0
2027-02-14,W118,1194.6915814794204,120.0,60.0
2027-02-21,W118,1192.9477047365829,120.0,60.0
2027-02-28,W118,1191.2038279937456,120.0,60.0
2027-03-07,W118,1189.459951250908,119.0,60.0
2027-03-14,W118,1187.7160745080707,119.0,60.0
2027-03-21,W118,1185.9721977652334,119.0,60.0
2027-03-28,W118,1184.228321022396,119.0,60.0
2027-01-10,W119,1523.8846265167656,153.0,77.0
2027-01-17,W119,1489.640963031131,149.0,75.0
2027-01-24,W119,1455.397299545496,146.0,73.0
2027-01-31,W119,1421.1536360598611,143.0,72.0
2027-02-07,W119,1386.9099725742262,139.0,70.0
2027-02-14,W119,1352.6663090885916,136.0,68.0
2027-02-21,W119,1318.4226456029567,132.0,66.0
2027-02-28,W119,1284.1789821173218,129.0,65.0
2027-03-07,W119,1249.935318631687,125.0,63.0
2027-03-14,W119,1215.6916551460522,122.0,61.0
2027-03-21,W119,1181.4479916604173,119.0,60.0
2027-03-28,W119,1147.2043281747824,115.0,58.0
2027-01-10,W120,3677.000983496903,368.0,184.0
2027-01-17,W120,3649.89157072702,365.0,183.0
2027-01-24,W120,3622.7821579571373,363.0,182.0
2027-01-31,W120,3595.672745187255,360.0,180.0
2027-02-07,W120,3568.5633324173723,357.0,179.0
2027-02-14,W120,3541.4539196474893,355.0,178.0
2027-02-21,W120,3514.344506877607,352.0,176.0
2027-02-28,W120,3487.2350941077243,349.0,175.0
2027-03-07,W120,3460.125681337842,347.0,174.0
2027-03-14,W120,3433.016268567959,344.0,172.0
2027-03-21,W120,3405.9068557980763,341.0,171.0
2027-03-28,W120,3378.797443028194,338.0,169.0
2027-01-10,W121,551.9681313720619,56.0,28.0
2027-01-17,W121,555.4000293172962,56.0,28.0
2027-01-24,W121,558.8319272625305,56.0,28.0
2027-01-31,W121,562.2638252077647,57.0,29.0
2027-02-07,W121,565.6957231529991,57.0,29.0
2027-02-14,W121,569.1276210982334,57.0,29.0
2027-02-21,W121,572.5595190434676,58.0,29.0
2027-02-28,W121,575.9914169887019,58.0,29.0
2027-03-07,W121,579.4233149339362,58.0,29.0
2027-03-14,W121,582.8552128791705,59.0,30.0
2027-03-21,W121,586.2871108244047,59.0,30.0
2027-03-28,W121,589.7190087696391,59.0,30.0
2027-01-10,W122,2158.1797194518567,216.0,108.0
2027-01-17,W122,2128.663380173465,213.0,107.0
2027-01-24,W122,2099.1470408950736,210.0,105.0
2027-01-31,W122,2069.630701616682,207.0,104.0
2027-02-07,W122,2040.1143623382904,205.0,103.0
2027-02-14,W122,2010.5980230598989,202.0,101.0
2027-02-21,W122,1981.0816837815073,199.0,100.0
2027-02-28,W122,1951.565344503116,196.0,98.0
2027-03-07,W122,1922.0490052247244,193.0,97.0
2027-03-14,W122,1892.5326659463328,190.0,95.0
2027-03-21,W122,1863.0163266679413,187.0,94.0
2027-03-28,W122,1833.4999873895497,184.0,92.0
2027-01-10,W123,1028.904153500554,103.0,52.0
2027-01-17,W123,1030.8533735904273,104.0,52.0
2027-01-24,W123,1032.8025936803008,104.0,52.0
2027-01-31,W123,1034.751813770174,104.0,52.0
2027-02-07,W123,1036.7010338600473,104.0,52.0
2027-02-14,W123,1038.6502539499206,104.0,52.0
2027-02-21,W123,1040.5994740397941,105.0,53.0
2027-02-28,W123,1042.5486941296674,105.0,53.0
2027-03-07,W123,1044.4979142195407,105.0,53.0
2027-03-14,W123,1046.447134309414,105.0,53.0
2027-03-21,W123,1048.3963543992875,105.0,53.0
2027-03-28,W123,1050.3455744891608,106.0,53.0
2027-01-10,W124,1171.7147217825263,118.0,59.0
2027-01-17,W124,1160.1145150483121,117.0,59.0
2027-01-24,W124,1148.5143083140977,115.0,58.0
2027-01-31,W124,1136.9141015798834,114.0,57.0
2027-02-07,W124,1125.313894845669,113.0,57.0
2027-02-14,W124,1113.7136881114545,112.0,56.0
2027-02-21,W124,1102.1134813772403,111.0,56.0
2027-02-28,W124,1090.5132746430259,110.0,55.0
2027-03-07,W124,1078.9130679088116,108.0,54.0
2027-03-14,W124,1067.3128611745972,107.0,54.0
2027-03-21,W124,1055.7126544403827,106.0,53.0
2027-03-28,W124,1044.1124477061685,105.0,53.0
2027-01-10,W125,1965.855944942191,197.0,99.0
2027-01-17,W125,1953.1801058374479,196.0,98.0
2027-01-24,W125,1940.504266732705,195.0,98.0
2027-01-31,W125,1927.8284276279621,193.0,97.0
2027-02-07,W125,1915.152588523219,192.0,96.0
2027-02-14,W125,1902.4767494184762,191.0,96.0
2027-02-21,W125,1889.8009103137333,189.0,95.0
2027-02-28,W125,1877.1250712089902,188.0,94.0
2027-03-07,W125,1864.4492321042474,187.0,94.0
2027-03-14,W125,1851.7733929995045,186.0,93.0
2027-03-21,W125,1839.0975538947614,184.0,92.0
2027-03-28,W125,1826.4217147900185,183.0,92.0
2027-01-10,W126,1174.4011288895667,118.0,59.0
2027-01-17,W126,1161.6667077506406,117.0,59.0
2027-01-24,W126,1148.9322866117147,115.0,58.0
2027-01-31,W126,1136.1978654727886,114.0,57.0
2027-02-07,W126,1123.4634443338628,113.0,57.0
2027-02-14,W126,1110.7290231949369,112.0,56.0
2027-02-21,W126,1097.9946020560108,110.0,55.0
2027-02-28,W126,1085.2601809170849,109.0,55.0
2027-03-07,W126,1072.5257597781588,108.0,54.0
2027-03-14,W126,1059.791338639233,106.0,53.0
2027-03-21,W126,1047.056917500307,105.0,53.0
2027-03-28,W126,1034.322496361381,104.0,52.0
2027-01-10,W127,2671.7355905173586,268.0,134.0
2027-01-17,W127,2640.4274389339835,265.0,133.0
2027-01-24,W127,2609.1192873506084,261.0,131.0
2027-01-31,W127,2577.8111357672333,258.0,129.0
2027-02-07,W127,2546.502984183858,255.0,128.0
2027-02-14,W127,2515.194832600483,252.0,126.0
2027-02-21,W127,2483.8866810171075,249.0,125.0
2027-02-28,W127,2452.5785294337325,246.0,123.0
2027-03-07,W127,2421.2703778503574,243.0,122.0
2027-03-14,W127,2389.9622262669823,239.0,120.0
2027-03-21,W127,2358.654074683607,236.0,118.0
2027-03-28,W127,2327.345923100232,233.0,117.0
2027-01-10,W128,622.9491137227628,63.0,32.0
2027-01-17,W128,613.4399254065783,62.0,31.0
2027-01-24,W128,603.9307370903937,61.0,31.0
2027-01-31,W128,594.4215487742091,60.0,30.0
2027-02-07,W128,584.9123604580245,59.0,30.0
2027-02-14,W128,575.40317214184,58.0,29.0
2027-02-21,W128,565.8939838256554,57.0,29.0
2027-02-28,W128,556.3847955094708,56.0,28.0
2027-03-07,W128,546.8756071932862,55.0,28.0
2027-03-14,W128,537.3664188771016,54.0,27.0
2027-03-21,W128,527.8572305609171,53.0,27.0
2027-03-28,W128,518.3480422447325,52.0,26.0
2027-01-10,W129,2034.9539716310667,204.0,102.0
2027-01-17,W129,2019.4977731639026,202.0,101.0
2027-01-24,W129,2004.0415746967387,201.0,101.0
2027-01-31,W129,1988.5853762295746,199.0,100.0
2027-02-07,W129,1973.1291777624108,198.0,99.0
2027-02-14,W129,1957.6729792952467,196.0,98.0
2027-02-21,W129,1942.2167808280828,195.0,98.0
2027-02-28,W129,1926.7605823609188,193.0,97.0
2027-03-07,W129,1911.304383893755,192.0,96.0
2027-03-14,W129,1895.848185426591,190.0,95.0
2027-03-21,W129,1880.391986959427,189.0,95.0
2027-03-28,W129,1864.9357884922629,187.0,94.0
2027-01-10,W130,449.9570953239457,45.0,23.0
2027-01-17,W130,452.16592720040734,46.0,23.0
2027-01-24,W130,454.37475907686894,46.0,23.0
2027-01-31,W130,456.5835909533306,46.0,23.0
2027-02-07,W130,458.7924228297922,46.0,23.0
2027-02-14,W130,461.0012547062538,47.0,24.0
2027-02-21,W130,463.21008658271546,47.0,24.0
2027-02-28,W130,465.41891845917706,47.0,24.0
2027-03-07,W130,467.62775033563867,47.0,24.0
2027-03-14,W130,469.8365822121003,47.0,24.0
2027-03-21,W130,472.0454140885619,48.0,24.0
2027-03-28,W130,474.2542459650236,48.0,24.0
2027-01-10,W131,2374.5761813203735,238.0,119.0
2027-01-17,W131,2380.259400975128,239.0,120.0
2027-01-24,W131,2385.942620629882,239.0,120.0
2027-01-31,W131,2391.6258402846365,240.0,120.0
2027-02-07,W131,2397.309059939391,240.0,120.0
2027-02-14,W131,2402.992279594145,241.0,121.0
2027-02-21,W131,2408.6754992488995,241.0,121.0
2027-02-28,W131,2414.358718903654,242.0,121.0
2027-03-07,W131,2420.041938558408,243.0,122.0
2027-03-14,W131,2425.7251582131626,243.0,122.0
2027-03-21,W131,2431.408377867917,244.0,122.0
2027-03-28,W131,2437.0915975226712,244.0,122.0
2027-01-10,W132,2300.170119231116,231.0,116.0
2027-01-17,W132,2313.030206237487,232.0,116.0
2027-01-24,W132,2325.890293243858,233.0,117.0
2027-01-31,W132,2338.7503802502292,234.0,117.0
2027-02-07,W132,2351.6104672566003,236.0,118.0
2027-02-14,W132,2364.4705542629713,237.0,119.0
2027-02-21,W132,2377.3306412693423,238.0,119.0
2027-02-28,W132,2390.1907282757134,240.0,120.0
2027-03-07,W132,2403.050815282084,241.0,121.0
2027-03-14,W132,2415.910902288455,242.0,121.0
2027-03-21,W132,2428.770989294826,243.0,122.0
2027-03-28,W132,2441.631076301197,245.0,123.0
2027-01-10,W133,2288.6033898418646,229.0,115.0
2027-01-17,W133,2293.108436666234,230.0,115.0
2027-01-24,W133,2297.613483490604,230.0,115.0
2027-01-31,W133,2302.118530314973,231.0,116.0
2027-02-07,W133,2306.623577139343,231.0,116.0
2027-02-14,W133,2311.1286239637125,232.0,116.0
2027-02-21,W133,2315.6336707880823,232.0,116.0
2027-02-28,W133,2320.1387176124517,233.0,117.0
2027-03-07,W133,2324.6437644368216,233.0,117.0
2027-03-14,W133,2329.148811261191,233.0,117.0
2027-03-21,W133,2333.653858085561,234.0,117.0
2027-03-28,W133,2338.1589049099302,234.0,117.0
2027-01-10,W134,4245.880765664282,425.0,213.0
2027-01-17,W134,4281.7886136404295,429.0,215.0
2027-01-24,W134,4317.696461616578,432.0,216.0
2027-01-31,W134,4353.604309592725,436.0,218.0
2027-02-07,W134,4389.512157568874,439.0,220.0
2027-02-14,W134,4425.420005545021,443.0,222.0
2027-02-21,W134,4461.327853521169,447.0,224.0
2027-02-28,W134,4497.235701497318,450.0,225.0
2027-03-07,W134,4533.143549473465,454.0,227.0
2027-03-14,W134,4569.051397449613,457.0,229.0
2027-03-21,W134,4604.959245425761,461.0,231.0
2027-03-28,W134,4640.867093401909,465.0,233.0
2027-01-10,W135,2086.7049817081315,209.0,105.0
2027-01-17,W135,2085.723620302452,209.0,105.0
2027-01-24,W135,2084.7422588967734,209.0,105.0
2027-01-31,W135,2083.7608974910945,209.0,105.0
2027-02-07,W135,2082.779536085415,209.0,105.0
2027-02-14,W135,2081.7981746797363,209.0,105.0
2027-02-21,W135,2080.8168132740575,209.0,105.0
2027-02-28,W135,2079.835451868378,208.0,104.0
2027-03-07,W135,2078.8540904626993,208.0,104.0
2027-03-14,W135,2077.8727290570205,208.0,104.0
2027-03-21,W135,2076.891367651341,208.0,104.0
2027-03-28,W135,2075.9100062456623,208.0,104.0
2027-01-10,W136,1839.4169317820654,184.0,92.0
2027-01-17,W136,1841.155005146969,185.0,93.0
2027-01-24,W136,1842.8930785118725,185.0,93.0
2027-01-31,W136,1844.6311518767761,185.0,93.0
2027-02-07,W136,1846.3692252416797,185.0,93.0
2027-02-14,W136,1848.1072986065833,185.0,93.0
2027-02-21,W136,1849.8453719714869,185.0,93.0
2027-02-28,W136,1851.5834453363902,186.0,93.0
2027-03-07,W136,1853.3215187012938,186.0,93.0
2027-03-14,W136,1855.0595920661974,186.0,93.0
2027-03-21,W136,1856.797665431101,186.0,93.0
2027-03-28,W136,1858.5357387960046,186.0,93.0
2027-01-10,W137,1823.092380626556,183.0,92.0
2027-01-17,W137,1834.7547796732022,184.0,92.0
2027-01-24,W137,1846.4171787198484,185.0,93.0
2027-01-31,W137,1858.0795777664944,186.0,93.0
2027-02-07,W137,1869.7419768131406,187.0,94.0
2027-02-14,W137,1881.4043758597868,189.0,95.0
2027-02-21,W137,1893.066774906433,190.0,95.0
2027-02-28,W137,1904.7291739530792,191.0,96.0
2027-03-07,W137,1916.3915729997252,192.0,96.0
2027-03-14,W137,1928.0539720463714,193.0,97.0
2027-03-21,W137,1939.7163710930176,194.0,97.0
2027-03-28,W137,1951.3787701396639,196.0,98.0
2027-01-10,W138,4936.7482368664005,494.0,247.0
2027-01-17,W138,4963.763663421567,497.0,249.0
2027-01-24,W138,4990.779089976734,500.0,250.0
2027-01-31,W138,5017.794516531901,502.0,251.0
2027-02-07,W138,5044.809943087067,505.0,253.0
2027-02-14,W138,5071.825369642233,508.0,254.0
2027-02-21,W138,5098.8407961974,510.0,255.0
2027-02-28,W138,5125.856222752566,513.0,257.0
2027-03-07,W138,5152.871649307734,516.0,258.0
2027-03-14,W138,5179.8870758629,518.0,259.0
2027-03-21,W138,5206.902502418066,521.0,261.0
2027-03-28,W138,5233.917928973233,524.0,262.0
2027-01-10,W139,911.3242751317309,92.0,46.0
2027-01-17,W139,915.8539031175973,92.0,46.0
2027-01-24,W139,920.3835311034637,93.0,47.0
2027-01-31,W139,924.9131590893301,93.0,47.0
2027-02-07,W139,929.4427870751965,93.0,47.0
2027-02-14,W139,933.9724150610629,94.0,47.0
2027-02-21,W139,938.5020430469293,94.0,47.0
2027-02-28,W139,943.0316710327957,95.0,48.0
2027-03-07,W139,947.5612990186621,95.0,48.0
2027-03-14,W139,952.0909270045285,96.0,48.0
2027-03-21,W139,956.6205549903949,96.0,48.0
2027-03-28,W139,961.1501829762612,97.0,49.0
2027-01-10,W140,585.9444488751727,59.0,30.0
2027-01-17,W140,587.3523983721185,59.0,30.0
2027-01-24,W140,588.7603478690643,59.0,30.0
2027-01-31,W140,590.16829736601,60.0,30.0
2027-02-07,W140,591.5762468629558,60.0,30.0
2027-02-14,W140,592.9841963599016,60.0,30.0
2027-02-21,W140,594.3921458568474,60.0,30.0
2027-02-28,W140,595.8000953537932,60.0,30.0
2027-03-07,W140,597.2080448507389,60.0,30.0
2027-03-14,W140,598.6159943476847,60.0,30.0
2027-03-21,W140,600.0239438446305,61.0,31.0
2027-03-28,W140,601.4318933415763,61.0,31.0
2027-01-10,W141,3850.188048489833,386.0,193.0
2027-01-17,W141,3880.4510360258296,389.0,195.0
2027-01-24,W141,3910.7140235618267,392.0,196.0
2027-01-31,W141,3940.9770110978234,395.0,198.0
2027-02-07,W141,3971.2399986338205,398.0,199.0
2027-02-14,W141,4001.502986169817,401.0,201.0
2027-02-21,W141,4031.7659737058143,404.0,202.0
2027-02-28,W141,4062.028961241811,407.0,204.0
2027-03-07,W141,4092.291948777808,410.0,205.0
2027-03-14,W141,4122.554936313805,413.0,207.0
2027-03-21,W141,4152.817923849801,416.0,208.0
2027-03-28,W141,4183.080911385799,419.0,210.0
2027-01-10,W142,1562.1331428982376,157.0,79.0
2027-01-17,W142,1558.4428165470833,156.0,78.0
2027-01-24,W142,1554.752490195929,156.0,78.0
2027-01-31,W142,1551.062163844775,156.0,78.0
2027-02-07,W142,1547.3718374936207,155.0,78.0
2027-02-14,W142,1543.6815111424664,155.0,78.0
2027-02-21,W142,1539.9911847913122,154.0,77.0
2027-02-28,W142,1536.300858440158,154.0,77.0
2027-03-07,W142,1532.6105320890038,154.0,77.0
2027-03-14,W142,1528.9202057378495,153.0,77.0
2027-03-21,W142,1525.2298793866953,153.0,77.0
2027-03-28,W142,1521.539553035541,153.0,77.0
2027-01-10,W143,1378.0239864085029,138.0,69.0
2027-01-17,W143,1375.842853636851,138.0,69.0
2027-01-24,W143,1373.6617208651994,138.0,69.0
2027-01-31,W143,1371.4805880935476,138.0,69.0
2027-02-07,W143,1369.299455321896,137.0,69.0
2027-02-14,W143,1367.118322550244,137.0,69.0
2027-02-21,W143,1364.9371897785925,137.0,69.0
2027-02-28,W143,1362.7560570069406,137.0,69.0
2027-03-07,W143,1360.574924235289,137.0,69.0
2027-03-14,W143,1358.3937914636372,136.0,68.0
2027-03-21,W143,1356.2126586919856,136.0,68.0
2027-03-28,W143,1354.0315259203337,136.0,68.0
2027-01-10,W144,2993.223472978765,300.0,150.0
2027-01-17,W144,3019.3600719308606,302.0,151.0
2027-01-24,W144,3045.496670882956,305.0,153.0
2027-01-31,W144,3071.6332698350516,308.0,154.0
2027-02-07,W144,3097.7698687871475,310.0,155.0
2027-02-14,W144,3123.906467739243,313.0,157.0
2027-02-21,W144,3150.0430666913385,316.0,158.0
2027-02-28,W144,3176.179665643434,318.0,159.0
2027-03-07,W144,3202.3162645955294,321.0,161.0
2027-03-14,W144,3228.452863547625,323.0,162.0
2027-03-21,W144,3254.5894624997204,326.0,163.0
2027-03-28,W144,3280.7260614518163,329.0,165.0
2027-01-10,W145,2266.5317043034793,227.0,114.0
2027-01-17,W145,2263.728927361288,227.0,114.0
2027-01-24,W145,2260.9261504190963,227.0,114.0
2027-01-31,W145,2258.1233734769053,226.0,113.0
2027-02-07,W145,2255.320596534714,226.0,113.0
2027-02-14,W145,2252.5178195925223,226.0,113.0
2027-02-21,W145,2249.715042650331,225.0,113.0
2027-02-28,W145,2246.9122657081393,225.0,113.0
2027-03-07,W145,2244.109488765948,225.0,113.0
2027-03-14,W145,2241.306711823757,225.0,113.0
2027-03-21,W145,2238.5039348815653,224.0,112.0
2027-03-28,W145,2235.701157939374,224.0,112.0
2027-01-10,W146,3386.1211005803907,339.0,170.0
2027-01-17,W146,3374.136525819465,338.0,169.0
2027-01-24,W146,3362.1519510585395,337.0,169.0
2027-01-31,W146,3350.167376297614,336.0,168.0
2027-02-07,W146,3338.182801536688,334.0,167.0
2027-02-14,W146,3326.1982267757626,333.0,167.0
2027-02-21,W146,3314.213652014837,332.0,166.0
2027-02-28,W146,3302.2290772539113,331.0,166.0
2027-03-07,W146,3290.2445024929857,330.0,165.0
2027-03-14,W146,3278.2599277320605,328.0,164.0
2027-03-21,W146,3266.275352971135,327.0,164.0
2027-03-28,W146,3254.2907782102093,326.0,163.0
2027-01-10,W147,4100.457409253171,411.0,206.0
2027-01-17,W147,4119.323523548699,412.0,206.0
2027-01-24,W147,4138.189637844227,414.0,207.0
2027-01-31,W147,4157.055752139755,416.0,208.0
2027-02-07,W147,4175.921866435283,418.0,209.0
2027-02-14,W147,4194.787980730811,420.0,210.0
2027-02-21,W147,4213.654095026339,422.0,211.0
2027-02-28,W147,4232.520209321867,424.0,212.0
2027-03-07,W147,4251.386323617395,426.0,213.0
2027-03-14,W147,4270.252437912923,428.0,214.0
2027-03-21,W147,4289.118552208451,429.0,215.0
2027-03-28,W147,4307.984666503979,431.0,216.0
2027-01-10,W148,3925.701300820335,393.0,197.0
2027-01-17,W148,3936.2495668224715,394.0,197.0
2027-01-24,W148,3946.7978328246077,395.0,198.0
2027-01-31,W148,3957.3460988267443,396.0,198.0
2027-02-07,W148,3967.894364828881,397.0,199.0
2027-02-14,W148,3978.4426308310176,398.0,199.0
2027-02-21,W148,3988.9908968331542,399.0,200.0
2027-02-28,W148,3999.5391628352904,400.0,200.0
2027-03-07,W148,4010.087428837427,402.0,201.0
2027-03-14,W148,4020.6356948395637,403.0,202.0
2027-03-21,W148,4031.1839608417004,404.0,202.0
2027-03-28,W148,4041.732226843837,405.0,203.0
2027-01-10,W149,3851.439403412658,386.0,193.0
2027-01-17,W149,3856.932498621324,386.0,193.0
2027-01-24,W149,3862.4255938299907,387.0,194.0
2027-01-31,W149,3867.918689038657,387.0,194.0
2027-02-07,W149,3873.4117842473233,388.0,194.0
2027-02-14,W149,3878.9048794559894,388.0,194.0
2027-02-21,W149,3884.397974664656,389.0,195.0
2027-02-28,W149,3889.891069873322,389.0,195.0
2027-03-07,W149,3895.3841650819886,390.0,195.0
2027-03-14,W149,3900.8772602906547,391.0,196.0
2027-03-21,W149,3906.3703554993212,391.0,196.0
2027-03-28,W149,3911.8634507079873,392.0,196.0
2027-01-10,W150,521.2669583397642,53.0,27.0
2027-01-17,W150,513.2421585703852,52.0,26.0
2027-01-24,W150,505.2173588010063,51.0,26.0
2027-01-31,W150,497.19255903162735,50.0,25.0
2027-02-07,W150,489.1677592622484,49.0,25.0
2027-02-14,W150,481.1429594928695,49.0,25.0
2027-02-21,W150,473.1181597234906,48.0,24.0
2027-02-28,W150,465.09335995411163,47.0,24.0
2027-03-07,W150,457.0685601847327,46.0,23.0
2027-03-14,W150,449.04376041535374,45.0,23.0
2027-03-21,W150,441.01896064597486,45.0,23.0
2027-03-28,W150,432.9941608765959,44.0,22.0
2027-01-10,W151,3029.773181716369,303.0,152.0
2027-01-17,W151,3039.6045151375274,304.0,152.0
2027-01-24,W151,3049.435848558686,305.0,153.0
2027-01-31,W151,3059.2671819798443,306.0,153.0
2027-02-07,W151,3069.0985154010027,307.0,154.0
2027-02-14,W151,3078.929848822161,308.0,154.0
2027-02-21,W151,3088.7611822433196,309.0,155.0
2027-02-28,W151,3098.592515664478,310.0,155.0
2027-03-07,W151,3108.4238490856364,311.0,156.0
2027-03-14,W151,3118.255182506795,312.0,156.0
2027-03-21,W151,3128.0865159279533,313.0,157.0
2027-03-28,W151,3137.9178493491117,314.0,157.0
2027-01-10,W152,3442.5566202916543,345.0,173.0
2027-01-17,W152,3451.331781365192,346.0,173.0
2027-01-24,W152,3460.1069424387297,347.0,174.0
2027-01-31,W152,3468.8821035122673,347.0,174.0
2027-02-07,W152,3477.657264585805,348.0,174.0
2027-02-14,W152,3486.4324256593427,349.0,175.0
2027-02-21,W152,3495.2075867328804,350.0,175.0
2027-02-28,W152,3503.982747806418,351.0,176.0
2027-03-07,W152,3512.7579088799557,352.0,176.0
2027-03-14,W152,3521.5330699534934,353.0,177.0
2027-03-21,W152,3530.308231027031,354.0,177.0
2027-03-28,W152,3539.0833921005687,354.0,177.0
2027-01-10,W153,716.2758065593789,72.0,36.0
2027-01-17,W153,716.9312508883758,72.0,36.0
2027-01-24,W153,717.5866952173727,72.0,36.0
2027-01-31,W153,718.2421395463696,72.0,36.0
2027-02-07,W153,718.8975838753664,72.0,36.0
2027-02-14,W153,719.5530282043633,72.0,36.0
2027-02-21,W153,720.2084725333601,73.0,37.0
2027-02-28,W153,720.8639168623571,73.0,37.0
2027-03-07,W153,721.5193611913539,73.0,37.0
2027-03-14,W153,722.1748055203508,73.0,37.0
2027-03-21,W153,722.8302498493476,73.0,37.0
2027-03-28,W153,723.4856941783445,73.0,37.0
2027-01-10,W154,2501.3227171656445,251.0,126.0
2027-01-17,W154,2506.6940991420893,251.0,126.0
2027-01-24,W154,2512.0654811185336,252.0,126.0
2027-01-31,W154,2517.4368630949784,252.0,126.0
2027-02-07,W154,2522.8082450714232,253.0,127.0
2027-02-14,W154,2528.179627047868,253.0,127.0
2027-02-21,W154,2533.551009024313,254.0,127.0
2027-02-28,W154,2538.9223910007577,254.0,127.0
2027-03-07,W154,2544.293772977202,255.0,128.0
2027-03-14,W154,2549.665154953647,255.0,128.0
2027-03-21,W154,2555.0365369300916,256.0,128.0
2027-03-28,W154,2560.4079189065365,257.0,129.0
2027-01-10,W155,3436.5494310862896,344.0,172.0
2027-01-17,W155,3421.7131578321823,343.0,172.0
2027-01-24,W155,3406.8768845780755,341.0,171.0
2027-01-31,W155,3392.0406113239683,340.0,170.0
2027-02-07,W155,3377.204338069861,338.0,169.0
2027-02-14,W155,3362.3680648157538,337.0,169.0
2027-02-21,W155,3347.5317915616465,335.0,168.0
2027-02-28,W155,3332.6955183075397,334.0,167.0
2027-03-07,W155,3317.8592450534325,332.0,166.0
2027-03-14,W155,3303.022971799325,331.0,166.0
2027-03-21,W155,3288.186698545218,329.0,165.0
2027-03-28,W155,3273.3504252911107,328.0,164.0
