year,month,zone_id,zone_name,rainfall_mm,temperature_c,water_quality_index,food_hygiene_index,cases,prev_month_cases
2015,1,1,Thiruvottiyur,314.15,24.7,42.72,59.64,69,32.0
2015,2,1,Thiruvottiyur,58.59,32.81,62.52,67.97,45,69.0
2015,3,1,Thiruvottiyur,29.25,32.26,63.17,64.69,45,45.0
2015,4,1,Thiruvottiyur,28.84,41.24,38.97,63.03,98,45.0
2015,5,1,Thiruvottiyur,18.6,36.22,57.98,65.59,72,98.0
2015,6,1,Thiruvottiyur,5.07,36.23,54.2,63.32,69,72.0
2015,7,1,Thiruvottiyur,51.53,32.83,61.24,70.31,62,69.0
2015,8,1,Thiruvottiyur,26.67,29.99,65.37,72.2,34,62.0
2015,9,1,Thiruvottiyur,37.71,31.26,68.3,65.06,42,34.0
2015,10,1,Thiruvottiyur,267.96,27.14,51.98,56.95,60,42.0
2015,11,1,Thiruvottiyur,715.91,25.3,17.67,59.46,88,60.0
2015,12,1,Thiruvottiyur,754.53,28.35,17.72,54.25,128,88.0
2016,1,1,Thiruvottiyur,323.69,28.34,43.58,58.34,72,128.0
2016,2,1,Thiruvottiyur,37.51,28.22,66.33,72.51,32,72.0
2016,3,1,Thiruvottiyur,32.36,31.0,65.16,72.19,25,32.0
2016,4,1,Thiruvottiyur,27.05,37.69,55.52,68.77,31,25.0
2016,5,1,Thiruvottiyur,4.47,36.44,62.63,62.3,28,31.0
2016,6,1,Thiruvottiyur,12.56,36.08,63.57,61.91,30,28.0
2016,7,1,Thiruvottiyur,51.3,28.5,62.4,64.42,22,30.0
2016,8,1,Thiruvottiyur,40.54,29.4,62.07,68.17,16,22.0
2016,9,1,Thiruvottiyur,17.13,32.45,63.46,64.54,22,16.0
2016,10,1,Thiruvottiyur,319.31,28.63,43.48,64.69,36,22.0
2016,11,1,Thiruvottiyur,232.06,28.82,51.4,62.05,32,36.0
2016,12,1,Thiruvottiyur,149.28,27.11,55.83,51.66,41,32.0
2017,1,1,Thiruvottiyur,403.37,25.41,38.92,52.86,38,41.0
2017,2,1,Thiruvottiyur,35.24,31.59,68.63,64.79,24,38.0
2017,3,1,Thiruvottiyur,31.72,31.62,60.09,68.89,19,24.0
2017,4,1,Thiruvottiyur,4.96,34.02,67.28,64.56,11,19.0
2017,5,1,Thiruvottiyur,6.45,37.4,54.87,60.34,14,11.0
2017,6,1,Thiruvottiyur,25.14,40.42,46.09,63.08,26,14.0
2017,7,1,Thiruvottiyur,37.84,32.23,67.96,64.75,19,26.0
2017,8,1,Thiruvottiyur,32.14,29.31,63.43,71.35,20,19.0
2017,9,1,Thiruvottiyur,56.63,28.59,69.34,69.84,12,20.0
2017,10,1,Thiruvottiyur,392.23,28.87,36.17,65.33,33,12.0
2017,11,1,Thiruvottiyur,312.1,28.25,46.53,60.96,28,33.0
2017,12,1,Thiruvottiyur,274.35,27.45,44.79,61.61,28,28.0
2018,1,1,Thiruvottiyur,387.17,28.13,37.72,60.12,30,28.0
2018,2,1,Thiruvottiyur,30.79,30.74,64.03,68.2,19,30.0
2018,3,1,Thiruvottiyur,49.09,31.83,66.92,72.66,10,19.0
2018,4,1,Thiruvottiyur,29.48,36.0,60.63,68.59,13,10.0
2018,5,1,Thiruvottiyur,8.22,41.65,40.59,58.66,25,13.0
2018,6,1,Thiruvottiyur,22.47,36.86,53.3,67.32,23,25.0
2018,7,1,Thiruvottiyur,13.74,28.53,68.37,65.4,10,23.0
2018,8,1,Thiruvottiyur,25.22,32.91,66.43,70.18,13,10.0
2018,9,1,Thiruvottiyur,49.18,28.05,67.62,71.93,14,13.0
2018,10,1,Thiruvottiyur,167.29,25.55,52.96,52.7,17,14.0
2018,11,1,Thiruvottiyur,343.84,27.63,46.82,59.39,24,17.0
2018,12,1,Thiruvottiyur,182.38,26.47,49.96,50.29,30,24.0
2019,1,1,Thiruvottiyur,195.1,28.08,47.88,57.64,26,30.0
2019,2,1,Thiruvottiyur,22.41,32.94,63.89,70.33,18,26.0
2019,3,1,Thiruvottiyur,33.6,30.45,68.47,71.32,10,18.0
2019,4,1,Thiruvottiyur,4.27,34.42,59.28,68.24,15,10.0
2019,5,1,Thiruvottiyur,0.88,38.94,50.62,64.05,15,15.0
2019,6,1,Thiruvottiyur,16.55,40.73,44.12,61.22,38,15.0
2019,7,1,Thiruvottiyur,33.54,28.25,61.91,70.91,19,38.0
2019,8,1,Thiruvottiyur,31.89,29.15,62.91,70.72,13,19.0
2019,9,1,Thiruvottiyur,28.33,31.1,61.59,72.68,17,13.0
2019,10,1,Thiruvottiyur,256.37,24.04,46.51,55.21,27,17.0
2019,11,1,Thiruvottiyur,318.11,24.37,40.62,58.7,31,27.0
2019,12,1,Thiruvottiyur,145.88,27.83,59.75,52.37,18,31.0
2020,1,1,Thiruvottiyur,110.92,28.83,55.64,56.36,26,18.0
2020,2,1,Thiruvottiyur,19.67,29.05,60.23,71.97,15,26.0
2020,3,1,Thiruvottiyur,48.98,29.26,68.3,70.04,20,15.0
2020,4,1,Thiruvottiyur,18.64,40.22,44.91,63.27,41,20.0
2020,5,1,Thiruvottiyur,0.73,38.65,48.24,64.54,43,41.0
2020,6,1,Thiruvottiyur,14.77,41.05,44.24,61.43,51,43.0
2020,7,1,Thiruvottiyur,36.22,32.03,63.53,69.42,23,51.0
2020,8,1,Thiruvottiyur,58.19,30.69,62.88,64.2,24,23.0
2020,9,1,Thiruvottiyur,41.14,30.06,68.6,65.52,22,24.0
2020,10,1,Thiruvottiyur,154.72,26.19,57.12,59.84,24,22.0
2020,11,1,Thiruvottiyur,428.5,24.93,41.38,53.78,31,24.0
2020,12,1,Thiruvottiyur,432.63,28.79,31.31,58.63,43,31.0
2021,1,1,Thiruvottiyur,118.88,26.58,53.57,53.99,25,43.0
2021,2,1,Thiruvottiyur,42.45,29.75,69.17,64.34,19,25.0
2021,3,1,Thiruvottiyur,35.75,28.83,69.78,64.08,15,19.0
2021,4,1,Thiruvottiyur,28.1,37.03,58.84,63.36,25,15.0
2021,5,1,Thiruvottiyur,0.57,34.8,64.49,63.87,23,25.0
2021,6,1,Thiruvottiyur,15.15,38.25,55.16,64.79,31,23.0
2021,7,1,Thiruvottiyur,14.99,29.82,65.01,63.43,18,31.0
2021,8,1,Thiruvottiyur,48.62,28.85,60.44,69.54,16,18.0
2021,9,1,Thiruvottiyur,45.7,31.68,61.38,72.66,19,16.0
2021,10,1,Thiruvottiyur,348.59,24.58,45.24,57.61,30,19.0
2021,11,1,Thiruvottiyur,123.32,28.88,52.38,52.86,25,30.0
2021,12,1,Thiruvottiyur,314.31,27.58,46.62,56.1,25,25.0
2022,1,1,Thiruvottiyur,131.94,27.39,60.85,53.35,29,25.0
2022,2,1,Thiruvottiyur,34.38,30.89,66.89,64.07,24,29.0
2022,3,1,Thiruvottiyur,56.86,31.14,63.22,65.46,14,24.0
2022,4,1,Thiruvottiyur,26.06,38.29,48.52,62.72,28,14.0
2022,5,1,Thiruvottiyur,5.86,35.32,58.32,64.38,25,28.0
2022,6,1,Thiruvottiyur,13.49,38.35,56.27,66.24,18,25.0
2022,7,1,Thiruvottiyur,35.63,31.38,69.6,65.54,17,18.0
2022,8,1,Thiruvottiyur,43.54,30.35,63.47,71.62,19,17.0
2022,9,1,Thiruvottiyur,45.89,32.49,69.02,66.29,24,19.0
2022,10,1,Thiruvottiyur,401.94,25.96,35.94,63.93,38,24.0
2022,11,1,Thiruvottiyur,111.24,24.67,54.71,59.71,19,38.0
2022,12,1,Thiruvottiyur,414.92,25.68,41.07,63.03,29,19.0
2023,1,1,Thiruvottiyur,208.99,24.61,51.0,55.07,62,29.0
2023,2,1,Thiruvottiyur,12.11,30.27,68.01,70.72,46,62.0
2023,3,1,Thiruvottiyur,23.62,30.75,67.22,72.93,23,46.0
2023,4,1,Thiruvottiyur,26.26,35.51,55.7,67.9,48,23.0
2023,5,1,Thiruvottiyur,12.4,34.58,65.28,65.57,44,48.0
2023,6,1,Thiruvottiyur,10.34,39.01,47.72,63.5,96,44.0
2023,7,1,Thiruvottiyur,58.89,30.17,61.5,67.66,60,96.0
2023,8,1,Thiruvottiyur,25.67,28.75,65.8,69.62,43,60.0
2023,9,1,Thiruvottiyur,18.99,29.43,64.55,65.91,33,43.0
2023,10,1,Thiruvottiyur,225.71,27.59,46.74,55.65,65,33.0
2023,11,1,Thiruvottiyur,673.26,25.03,23.15,55.98,101,65.0
2023,12,1,Thiruvottiyur,890.27,28.83,10.0,62.05,126,101.0
2024,1,1,Thiruvottiyur,314.71,26.06,48.97,60.84,50,126.0
2024,2,1,Thiruvottiyur,15.02,28.74,67.02,70.26,24,50.0
2024,3,1,Thiruvottiyur,52.3,32.06,64.76,71.53,12,24.0
2024,4,1,Thiruvottiyur,18.5,34.75,67.67,64.41,15,12.0
2024,5,1,Thiruvottiyur,4.01,37.91,49.36,63.51,25,15.0
2024,6,1,Thiruvottiyur,7.47,35.88,60.12,65.32,26,25.0
2024,7,1,Thiruvottiyur,56.55,30.76,66.97,68.97,10,26.0
2024,8,1,Thiruvottiyur,22.72,31.86,62.65,65.09,22,10.0
2024,9,1,Thiruvottiyur,44.34,30.84,63.49,70.05,15,22.0
2024,10,1,Thiruvottiyur,128.69,26.16,56.15,58.01,23,15.0
2024,11,1,Thiruvottiyur,370.69,24.26,39.59,58.25,34,23.0
2024,12,1,Thiruvottiyur,273.61,25.74,45.37,62.27,28,34.0
2015,1,2,Manali,279.98,26.96,42.41,54.24,62,40.0
2015,2,2,Manali,11.84,31.05,60.03,58.51,53,62.0
2015,3,2,Manali,44.8,30.85,55.97,64.15,55,53.0
2015,4,2,Manali,9.57,40.76,42.87,60.7,78,55.0
2015,5,2,Manali,29.23,41.89,36.69,57.6,126,78.0
2015,6,2,Manali,10.93,38.03,43.31,62.54,109,126.0
2015,7,2,Manali,13.32,31.71,60.74,66.42,54,109.0
2015,8,2,Manali,46.88,30.26,57.25,62.52,45,54.0
2015,9,2,Manali,39.87,31.0,61.65,59.75,62,45.0
2015,10,2,Manali,358.15,25.19,34.67,54.77,83,62.0
2015,11,2,Manali,881.5,25.71,10.0,47.7,153,83.0
2015,12,2,Manali,673.8,28.09,16.52,53.74,146,153.0
2016,1,2,Manali,110.49,25.54,49.65,52.69,98,146.0
2016,2,2,Manali,54.21,29.14,57.12,64.11,46,98.0
2016,3,2,Manali,56.53,28.58,63.17,61.81,35,46.0
2016,4,2,Manali,2.0,38.15,49.93,62.37,44,35.0
2016,5,2,Manali,26.59,38.74,44.89,63.0,44,44.0
2016,6,2,Manali,16.96,37.71,49.95,56.64,37,44.0
2016,7,2,Manali,47.44,31.26,61.21,61.52,35,37.0
2016,8,2,Manali,15.4,29.69,63.03,63.72,26,35.0
2016,9,2,Manali,13.59,30.05,58.11,64.77,27,26.0
2016,10,2,Manali,147.05,25.5,53.24,52.2,38,27.0
2016,11,2,Manali,346.35,24.02,39.04,57.99,58,38.0
2016,12,2,Manali,235.86,27.37,42.73,59.58,42,58.0
2017,1,2,Manali,365.57,25.41,39.57,58.93,43,42.0
2017,2,2,Manali,29.83,28.66,63.65,59.57,22,43.0
2017,3,2,Manali,22.1,31.57,55.91,59.99,28,22.0
2017,4,2,Manali,0.57,35.33,53.44,57.09,20,28.0
2017,5,2,Manali,11.48,40.57,43.24,57.42,37,20.0
2017,6,2,Manali,17.18,36.22,54.18,59.32,28,37.0
2017,7,2,Manali,20.91,32.37,57.5,60.63,28,28.0
2017,8,2,Manali,28.63,32.64,55.62,58.92,19,28.0
2017,9,2,Manali,33.78,30.04,56.61,64.56,21,19.0
2017,10,2,Manali,117.72,24.2,51.08,47.55,29,21.0
2017,11,2,Manali,216.19,26.33,41.4,55.45,30,29.0
2017,12,2,Manali,227.69,27.2,41.72,55.36,32,30.0
2018,1,2,Manali,321.01,27.92,37.74,56.59,32,32.0
2018,2,2,Manali,16.65,28.79,64.49,66.8,14,32.0
2018,3,2,Manali,43.59,31.65,60.75,60.07,17,14.0
2018,4,2,Manali,23.55,35.57,56.79,58.09,21,17.0
2018,5,2,Manali,28.43,35.13,52.7,63.99,20,21.0
2018,6,2,Manali,8.76,39.99,39.19,65.26,29,20.0
2018,7,2,Manali,48.44,28.31,60.77,59.19,9,29.0
2018,8,2,Manali,53.48,28.9,64.48,60.19,11,9.0
2018,9,2,Manali,38.99,29.41,57.79,62.05,16,11.0
2018,10,2,Manali,350.59,27.04,38.4,52.76,29,16.0
2018,11,2,Manali,144.92,27.25,54.46,47.57,14,29.0
2018,12,2,Manali,419.12,24.73,29.39,48.11,35,14.0
2019,1,2,Manali,445.16,28.1,26.02,50.75,30,35.0
2019,2,2,Manali,21.95,29.41,59.11,60.34,35,30.0
2019,3,2,Manali,34.6,30.86,57.38,65.94,22,35.0
2019,4,2,Manali,16.85,35.37,54.09,62.95,18,22.0
2019,5,2,Manali,28.52,37.27,45.72,56.04,33,18.0
2019,6,2,Manali,18.46,37.25,48.74,60.45,27,33.0
2019,7,2,Manali,29.2,32.27,62.49,60.72,14,27.0
2019,8,2,Manali,14.48,29.69,55.9,67.62,20,14.0
2019,9,2,Manali,16.06,28.43,64.09,59.94,16,20.0
2019,10,2,Manali,434.59,26.66,35.56,55.42,25,16.0
2019,11,2,Manali,358.4,25.68,35.43,50.19,35,25.0
2019,12,2,Manali,139.41,28.67,48.23,55.23,27,35.0
2020,1,2,Manali,186.1,26.66,49.62,48.86,30,27.0
2020,2,2,Manali,23.98,28.64,61.39,58.75,20,30.0
2020,3,2,Manali,43.1,30.32,61.31,62.5,17,20.0
2020,4,2,Manali,26.13,36.74,52.4,62.98,30,17.0
2020,5,2,Manali,0.02,41.49,34.85,59.81,33,30.0
2020,6,2,Manali,3.41,37.29,52.26,56.55,34,33.0
2020,7,2,Manali,49.72,28.49,57.71,66.55,25,34.0
2020,8,2,Manali,28.7,32.75,55.22,61.04,38,25.0
2020,9,2,Manali,19.17,31.79,55.22,66.17,27,38.0
2020,10,2,Manali,179.39,26.88,48.19,50.47,40,27.0
2020,11,2,Manali,248.57,25.55,48.15,51.73,44,40.0
2020,12,2,Manali,107.14,27.02,56.48,53.06,39,44.0
2021,1,2,Manali,313.4,24.98,35.84,60.06,45,39.0
2021,2,2,Manali,56.23,28.56,55.95,61.33,28,45.0
2021,3,2,Manali,31.8,31.15,58.41,61.01,25,28.0
2021,4,2,Manali,8.74,35.16,53.75,61.12,39,25.0
2021,5,2,Manali,21.12,37.94,48.07,57.93,32,39.0
2021,6,2,Manali,1.5,40.99,36.5,64.58,40,32.0
2021,7,2,Manali,42.35,30.32,59.95,62.28,38,40.0
2021,8,2,Manali,46.86,31.5,57.46,67.03,32,38.0
2021,9,2,Manali,19.31,28.63,56.38,65.48,24,32.0
2021,10,2,Manali,326.08,28.86,39.0,61.07,31,24.0
2021,11,2,Manali,390.56,28.75,32.5,52.69,36,31.0
2021,12,2,Manali,230.2,28.24,43.48,50.61,41,36.0
2022,1,2,Manali,167.81,25.31,47.12,56.48,35,41.0
2022,2,2,Manali,13.62,31.93,58.77,59.0,30,35.0
2022,3,2,Manali,18.33,30.64,60.9,60.98,11,30.0
2022,4,2,Manali,27.87,40.99,35.74,60.9,36,11.0
2022,5,2,Manali,26.31,40.94,34.33,60.01,51,36.0
2022,6,2,Manali,18.01,38.11,43.23,57.37,54,51.0
2022,7,2,Manali,55.34,30.42,59.6,63.66,24,54.0
2022,8,2,Manali,40.48,29.84,59.16,66.32,16,24.0
2022,9,2,Manali,28.84,32.48,57.75,60.73,20,16.0
2022,10,2,Manali,138.69,28.61,51.65,53.18,28,20.0
2022,11,2,Manali,449.5,26.17,26.86,52.07,48,28.0
2022,12,2,Manali,175.28,27.28,51.68,58.65,41,48.0
2023,1,2,Manali,167.39,27.73,44.88,58.83,60,41.0
2023,2,2,Manali,15.0,30.94,62.78,58.93,46,60.0
2023,3,2,Manali,44.72,32.16,63.46,64.78,60,46.0
2023,4,2,Manali,1.55,35.69,52.82,63.9,68,60.0
2023,5,2,Manali,17.8,35.87,55.29,56.41,74,68.0
2023,6,2,Manali,21.59,38.92,43.76,57.74,102,74.0
2023,7,2,Manali,32.94,30.97,57.67,64.46,78,102.0
2023,8,2,Manali,14.46,28.39,59.26,67.46,47,78.0
2023,9,2,Manali,10.39,30.7,62.94,60.66,50,47.0
2023,10,2,Manali,162.4,28.62,48.99,52.18,85,50.0
2023,11,2,Manali,569.78,25.55,24.85,50.06,112,85.0
2023,12,2,Manali,879.5,27.19,10.0,48.67,144,112.0
2024,1,2,Manali,132.07,24.56,55.64,51.84,66,144.0
2024,2,2,Manali,18.49,30.9,59.84,65.29,30,66.0
2024,3,2,Manali,40.96,30.29,60.67,66.99,23,30.0
2024,4,2,Manali,13.13,40.85,37.11,61.62,40,23.0
2024,5,2,Manali,25.35,38.82,44.63,60.7,28,40.0
2024,6,2,Manali,13.94,34.11,55.23,65.37,28,28.0
2024,7,2,Manali,50.68,31.09,63.38,63.16,18,28.0
2024,8,2,Manali,58.27,28.75,63.19,60.76,15,18.0
2024,9,2,Manali,35.57,31.18,61.6,60.89,12,15.0
2024,10,2,Manali,432.11,24.3,29.24,49.02,32,12.0
2024,11,2,Manali,110.16,24.2,55.72,51.25,28,32.0
2024,12,2,Manali,443.86,24.3,33.15,49.63,38,28.0
2015,1,3,Madhavaram,339.48,26.2,47.32,62.12,66,23.0
2015,2,3,Madhavaram,21.98,28.72,69.89,77.86,23,66.0
2015,3,3,Madhavaram,47.04,31.49,72.02,71.59,16,23.0
2015,4,3,Madhavaram,18.87,41.02,51.98,67.14,50,16.0
2015,5,3,Madhavaram,4.88,41.29,52.64,71.14,64,50.0
2015,6,3,Madhavaram,26.21,41.37,45.67,75.76,77,64.0
2015,7,3,Madhavaram,20.08,28.82,66.64,76.15,39,77.0
2015,8,3,Madhavaram,34.92,30.09,74.15,71.62,22,39.0
2015,9,3,Madhavaram,29.16,30.59,65.47,69.66,32,22.0
2015,10,3,Madhavaram,114.73,24.09,61.63,56.97,51,32.0
2015,11,3,Madhavaram,550.48,27.54,34.12,65.79,79,51.0
2015,12,3,Madhavaram,523.55,24.8,32.29,64.04,83,79.0
2016,1,3,Madhavaram,335.41,26.22,44.41,61.24,56,83.0
2016,2,3,Madhavaram,55.0,29.77,67.37,75.81,20,56.0
2016,3,3,Madhavaram,25.23,28.4,69.03,69.74,17,20.0
2016,4,3,Madhavaram,2.54,39.73,48.52,67.76,47,17.0
2016,5,3,Madhavaram,2.79,38.71,57.31,66.24,38,47.0
2016,6,3,Madhavaram,6.76,36.01,64.59,68.98,29,38.0
2016,7,3,Madhavaram,58.96,31.17,66.26,74.76,14,29.0
2016,8,3,Madhavaram,56.59,29.99,65.87,74.17,7,14.0
2016,9,3,Madhavaram,20.89,32.94,69.54,74.88,6,7.0
2016,10,3,Madhavaram,203.12,24.07,59.8,63.03,14,6.0
2016,11,3,Madhavaram,204.32,24.53,57.82,55.66,26,14.0
2016,12,3,Madhavaram,411.55,27.54,39.04,62.46,40,26.0
2017,1,3,Madhavaram,373.13,26.38,42.17,63.94,25,40.0
2017,2,3,Madhavaram,53.57,31.36,72.97,70.5,13,25.0
2017,3,3,Madhavaram,10.69,29.24,67.14,70.71,8,13.0
2017,4,3,Madhavaram,15.58,38.86,50.99,70.68,15,8.0
2017,5,3,Madhavaram,28.17,39.09,52.42,68.29,24,15.0
2017,6,3,Madhavaram,0.95,37.39,60.91,76.39,21,24.0
2017,7,3,Madhavaram,47.51,28.76,69.58,71.51,6,21.0
2017,8,3,Madhavaram,17.52,32.84,69.47,73.02,9,6.0
2017,9,3,Madhavaram,30.88,28.58,71.13,77.38,4,9.0
2017,10,3,Madhavaram,375.58,25.53,45.84,66.57,15,4.0
2017,11,3,Madhavaram,161.13,25.48,63.91,56.87,23,15.0
2017,12,3,Madhavaram,418.97,24.1,37.64,67.51,29,23.0
2018,1,3,Madhavaram,177.17,27.13,55.04,57.88,25,29.0
2018,2,3,Madhavaram,43.46,30.42,69.18,71.58,13,25.0
2018,3,3,Madhavaram,31.37,31.23,72.45,70.32,11,13.0
2018,4,3,Madhavaram,22.56,38.1,58.65,76.35,12,11.0
2018,5,3,Madhavaram,10.28,39.02,51.4,76.42,23,12.0
2018,6,3,Madhavaram,26.94,38.2,54.92,68.93,15,23.0
2018,7,3,Madhavaram,51.71,28.59,65.45,72.38,14,15.0
2018,8,3,Madhavaram,29.69,31.04,69.45,75.42,4,14.0
2018,9,3,Madhavaram,17.73,30.2,70.1,70.59,6,4.0
2018,10,3,Madhavaram,173.84,28.21,61.85,67.3,8,6.0
2018,11,3,Madhavaram,389.24,27.51,39.6,62.68,21,8.0
2018,12,3,Madhavaram,364.19,25.55,44.78,68.36,18,21.0
2019,1,3,Madhavaram,425.07,26.48,41.12,61.66,28,18.0
2019,2,3,Madhavaram,26.93,28.04,71.8,76.25,7,28.0
2019,3,3,Madhavaram,15.34,29.19,74.49,71.05,3,7.0
2019,4,3,Madhavaram,29.1,34.18,72.35,66.96,7,3.0
2019,5,3,Madhavaram,15.26,35.94,60.85,66.18,14,7.0
2019,6,3,Madhavaram,1.66,38.3,61.43,75.31,13,14.0
2019,7,3,Madhavaram,56.04,30.91,70.33,73.96,7,13.0
2019,8,3,Madhavaram,21.18,32.67,68.45,69.61,5,7.0
2019,9,3,Madhavaram,39.95,28.36,67.27,77.31,3,5.0
2019,10,3,Madhavaram,394.89,25.81,43.38,58.38,22,3.0
2019,11,3,Madhavaram,328.9,27.09,43.93,60.81,34,22.0
2019,12,3,Madhavaram,259.71,24.85,52.78,61.8,26,34.0
2020,1,3,Madhavaram,358.35,24.95,43.26,65.88,43,26.0
2020,2,3,Madhavaram,26.98,31.54,70.57,70.56,22,43.0
2020,3,3,Madhavaram,36.43,32.05,72.36,74.64,6,22.0
2020,4,3,Madhavaram,17.34,39.99,47.75,63.71,43,6.0
2020,5,3,Madhavaram,29.59,36.52,58.5,74.62,33,43.0
2020,6,3,Madhavaram,25.9,40.18,54.68,74.85,29,33.0
2020,7,3,Madhavaram,45.38,28.16,73.7,69.39,9,29.0
2020,8,3,Madhavaram,22.61,30.67,73.24,69.03,11,9.0
2020,9,3,Madhavaram,44.8,29.71,66.08,68.7,14,11.0
2020,10,3,Madhavaram,190.28,26.46,55.65,59.2,16,14.0
2020,11,3,Madhavaram,308.66,28.58,46.28,66.64,30,16.0
2020,12,3,Madhavaram,177.52,24.17,56.06,67.0,30,30.0
2021,1,3,Madhavaram,214.65,25.05,50.89,64.79,26,30.0
2021,2,3,Madhavaram,39.26,30.21,65.34,71.2,20,26.0
2021,3,3,Madhavaram,38.98,29.43,68.67,68.84,5,20.0
2021,4,3,Madhavaram,16.2,37.69,58.69,72.4,14,5.0
2021,5,3,Madhavaram,1.27,39.07,52.84,74.47,18,14.0
2021,6,3,Madhavaram,8.94,34.09,70.5,70.26,13,18.0
2021,7,3,Madhavaram,35.83,31.68,70.57,77.29,5,13.0
2021,8,3,Madhavaram,56.94,31.61,66.9,72.42,7,5.0
2021,9,3,Madhavaram,47.31,31.02,71.86,68.18,3,7.0
2021,10,3,Madhavaram,296.19,25.66,53.74,66.67,18,3.0
2021,11,3,Madhavaram,404.64,26.79,40.96,60.09,35,18.0
2021,12,3,Madhavaram,158.85,28.86,64.22,60.2,26,35.0
2022,1,3,Madhavaram,303.22,27.87,53.1,62.42,27,26.0
2022,2,3,Madhavaram,54.39,32.79,73.68,68.02,13,27.0
2022,3,3,Madhavaram,11.32,31.7,68.18,75.96,10,13.0
2022,4,3,Madhavaram,27.08,41.7,50.29,69.98,21,10.0
2022,5,3,Madhavaram,19.54,35.23,63.13,72.27,15,21.0
2022,6,3,Madhavaram,25.66,34.74,66.4,69.95,10,15.0
2022,7,3,Madhavaram,51.56,28.08,67.73,68.02,11,10.0
2022,8,3,Madhavaram,43.61,29.26,68.25,76.35,6,11.0
2022,9,3,Madhavaram,31.92,31.63,73.95,74.74,3,6.0
2022,10,3,Madhavaram,230.13,25.22,53.85,65.52,25,3.0
2022,11,3,Madhavaram,390.11,27.02,44.57,64.88,23,25.0
2022,12,3,Madhavaram,376.04,25.76,40.26,65.19,38,23.0
2023,1,3,Madhavaram,266.33,26.25,53.48,62.36,58,38.0
2023,2,3,Madhavaram,39.68,32.43,71.71,77.82,29,58.0
2023,3,3,Madhavaram,55.69,32.84,73.47,71.1,16,29.0
2023,4,3,Madhavaram,16.48,36.18,59.82,75.27,33,16.0
2023,5,3,Madhavaram,4.85,36.34,61.13,72.53,30,33.0
2023,6,3,Madhavaram,12.59,35.51,70.18,72.28,39,30.0
2023,7,3,Madhavaram,22.6,32.77,69.83,71.32,22,39.0
2023,8,3,Madhavaram,15.04,31.03,71.8,74.43,21,22.0
2023,9,3,Madhavaram,42.75,30.23,68.47,76.36,21,21.0
2023,10,3,Madhavaram,187.63,26.71,52.85,64.85,45,21.0
2023,11,3,Madhavaram,587.52,24.53,34.57,66.93,66,45.0
2023,12,3,Madhavaram,420.01,25.0,39.55,64.19,72,66.0
2024,1,3,Madhavaram,191.98,24.23,55.71,65.4,23,72.0
2024,2,3,Madhavaram,24.67,29.06,67.66,68.95,12,23.0
2024,3,3,Madhavaram,18.04,31.67,69.31,72.46,6,12.0
2024,4,3,Madhavaram,27.83,34.76,69.82,68.41,7,6.0
2024,5,3,Madhavaram,19.83,39.29,56.64,68.26,19,7.0
2024,6,3,Madhavaram,2.6,38.74,52.69,69.89,31,19.0
2024,7,3,Madhavaram,11.81,32.28,67.31,76.49,9,31.0
2024,8,3,Madhavaram,39.28,29.74,71.57,68.16,7,9.0
2024,9,3,Madhavaram,41.97,32.36,69.09,69.7,7,7.0
2024,10,3,Madhavaram,225.35,24.96,51.85,65.85,20,7.0
2024,11,3,Madhavaram,313.68,25.12,50.37,64.21,22,20.0
2024,12,3,Madhavaram,403.59,25.64,44.08,61.55,22,22.0
2015,1,4,Tondiarpet,331.88,25.56,33.34,44.65,91,48.0
2015,2,4,Tondiarpet,48.08,29.19,57.28,56.68,74,91.0
2015,3,4,Tondiarpet,50.51,32.34,59.13,58.11,65,74.0
2015,4,4,Tondiarpet,24.21,41.92,29.95,58.7,115,65.0
2015,5,4,Tondiarpet,27.98,40.93,29.48,56.54,122,115.0
2015,6,4,Tondiarpet,6.28,36.96,47.29,54.27,106,122.0
2015,7,4,Tondiarpet,27.94,32.39,53.92,61.17,76,106.0
2015,8,4,Tondiarpet,10.65,31.32,51.78,62.61,58,76.0
2015,9,4,Tondiarpet,40.16,29.23,53.89,55.89,62,58.0
2015,10,4,Tondiarpet,432.49,27.93,25.34,55.9,120,62.0
2015,11,4,Tondiarpet,886.74,28.84,10.0,48.09,99,120.0
2015,12,4,Tondiarpet,729.35,26.49,10.0,44.73,143,99.0
2016,1,4,Tondiarpet,316.25,28.34,29.22,51.6,89,143.0
2016,2,4,Tondiarpet,31.19,31.34,50.96,59.24,51,89.0
2016,3,4,Tondiarpet,58.78,31.2,58.22,54.33,39,51.0
2016,4,4,Tondiarpet,10.6,36.37,50.63,57.87,36,39.0
2016,5,4,Tondiarpet,16.82,38.83,43.57,52.32,60,36.0
2016,6,4,Tondiarpet,21.24,38.35,41.54,57.44,66,60.0
2016,7,4,Tondiarpet,13.48,28.87,58.56,55.27,49,66.0
2016,8,4,Tondiarpet,35.37,32.37,54.94,60.02,34,49.0
2016,9,4,Tondiarpet,11.55,29.94,51.6,53.23,42,34.0
2016,10,4,Tondiarpet,369.12,27.29,33.85,46.47,41,42.0
2016,11,4,Tondiarpet,260.19,25.04,36.35,44.84,58,41.0
2016,12,4,Tondiarpet,147.0,28.79,42.62,47.71,56,58.0
2017,1,4,Tondiarpet,399.26,25.04,24.07,56.7,45,56.0
2017,2,4,Tondiarpet,51.64,32.53,50.12,59.74,20,45.0
2017,3,4,Tondiarpet,32.95,31.66,56.07,59.73,14,20.0
2017,4,4,Tondiarpet,28.8,38.93,39.37,54.51,35,14.0
2017,5,4,Tondiarpet,17.86,36.12,51.8,57.47,36,35.0
2017,6,4,Tondiarpet,6.34,40.9,31.25,55.94,42,36.0
2017,7,4,Tondiarpet,56.04,28.2,52.91,55.08,26,42.0
2017,8,4,Tondiarpet,10.34,29.06,56.64,57.11,22,26.0
2017,9,4,Tondiarpet,51.68,32.07,56.12,56.73,20,22.0
2017,10,4,Tondiarpet,195.02,28.52,42.5,44.76,30,20.0
2017,11,4,Tondiarpet,297.37,26.5,31.07,53.32,33,30.0
2017,12,4,Tondiarpet,336.48,25.98,32.11,44.56,52,33.0
2018,1,4,Tondiarpet,283.19,25.13,31.92,45.75,35,52.0
2018,2,4,Tondiarpet,18.07,30.36,55.53,58.7,20,35.0
2018,3,4,Tondiarpet,26.96,28.31,54.86,54.09,18,20.0
2018,4,4,Tondiarpet,10.35,34.44,52.87,54.18,30,18.0
2018,5,4,Tondiarpet,18.76,40.47,33.95,55.79,43,30.0
2018,6,4,Tondiarpet,0.03,34.31,51.48,54.75,39,43.0
2018,7,4,Tondiarpet,31.09,28.2,54.49,58.78,27,39.0
2018,8,4,Tondiarpet,27.74,30.0,50.57,58.83,31,27.0
2018,9,4,Tondiarpet,55.48,28.03,58.11,62.48,14,31.0
2018,10,4,Tondiarpet,433.66,24.36,24.57,52.21,33,14.0
2018,11,4,Tondiarpet,324.38,25.56,29.04,52.47,33,33.0
2018,12,4,Tondiarpet,224.09,26.82,44.21,48.13,40,33.0
2019,1,4,Tondiarpet,226.43,27.19,38.52,52.64,41,40.0
2019,2,4,Tondiarpet,49.5,31.08,50.45,59.23,26,41.0
2019,3,4,Tondiarpet,26.16,30.72,55.52,56.57,23,26.0
2019,4,4,Tondiarpet,7.3,40.74,30.51,58.99,38,23.0
2019,5,4,Tondiarpet,7.42,39.16,42.76,53.92,28,38.0
2019,6,4,Tondiarpet,15.85,35.01,51.78,56.26,28,28.0
2019,7,4,Tondiarpet,53.48,31.82,52.48,53.36,19,28.0
2019,8,4,Tondiarpet,15.66,30.85,58.62,57.77,19,19.0
2019,9,4,Tondiarpet,41.4,29.38,59.1,59.34,29,19.0
2019,10,4,Tondiarpet,244.67,26.73,41.18,51.92,36,29.0
2019,11,4,Tondiarpet,144.49,25.78,48.72,42.51,29,36.0
2019,12,4,Tondiarpet,350.15,28.69,36.12,41.32,29,29.0
2020,1,4,Tondiarpet,223.31,25.17,37.8,54.04,42,29.0
2020,2,4,Tondiarpet,36.82,30.19,52.68,59.04,37,42.0
2020,3,4,Tondiarpet,35.02,32.47,59.2,53.55,40,37.0
2020,4,4,Tondiarpet,18.45,37.86,46.1,60.0,40,40.0
2020,5,4,Tondiarpet,0.63,35.78,45.68,57.03,38,40.0
2020,6,4,Tondiarpet,7.88,34.98,52.93,54.04,39,38.0
2020,7,4,Tondiarpet,58.01,31.47,58.01,56.98,30,39.0
2020,8,4,Tondiarpet,28.16,28.26,56.86,57.36,24,30.0
2020,9,4,Tondiarpet,47.11,30.55,54.22,56.98,27,24.0
2020,10,4,Tondiarpet,131.37,28.8,49.12,47.88,39,27.0
2020,11,4,Tondiarpet,211.76,25.26,45.12,43.01,53,39.0
2020,12,4,Tondiarpet,312.28,27.02,33.43,42.48,51,53.0
2021,1,4,Tondiarpet,157.54,28.02,40.77,44.07,38,51.0
2021,2,4,Tondiarpet,46.24,31.49,53.11,54.0,29,38.0
2021,3,4,Tondiarpet,13.71,28.52,58.13,53.39,30,29.0
2021,4,4,Tondiarpet,26.85,37.14,44.73,54.2,34,30.0
2021,5,4,Tondiarpet,5.07,40.2,35.94,57.42,50,34.0
2021,6,4,Tondiarpet,27.37,36.13,49.11,60.18,43,50.0
2021,7,4,Tondiarpet,37.23,30.66,50.76,59.98,35,43.0
2021,8,4,Tondiarpet,29.27,28.79,56.95,54.06,32,35.0
2021,9,4,Tondiarpet,52.59,31.42,52.65,59.88,34,32.0
2021,10,4,Tondiarpet,249.74,24.99,35.1,41.75,44,34.0
2021,11,4,Tondiarpet,213.8,26.36,36.99,48.39,41,44.0
2021,12,4,Tondiarpet,191.42,26.56,38.91,47.43,42,41.0
2022,1,4,Tondiarpet,266.43,25.59,41.91,46.93,38,42.0
2022,2,4,Tondiarpet,28.31,31.01,56.06,56.65,40,38.0
2022,3,4,Tondiarpet,41.01,30.72,57.4,60.06,30,40.0
2022,4,4,Tondiarpet,16.65,39.94,35.86,55.54,66,30.0
2022,5,4,Tondiarpet,1.44,37.26,42.48,57.43,54,66.0
2022,6,4,Tondiarpet,6.48,35.02,52.08,57.33,46,54.0
2022,7,4,Tondiarpet,49.94,32.73,56.09,55.55,46,46.0
2022,8,4,Tondiarpet,52.17,31.59,59.44,59.93,42,46.0
2022,9,4,Tondiarpet,14.5,30.82,51.14,54.39,32,42.0
2022,10,4,Tondiarpet,379.38,26.17,29.21,46.27,45,32.0
2022,11,4,Tondiarpet,220.2,26.0,40.15,49.79,39,45.0
2022,12,4,Tondiarpet,172.28,28.85,46.37,50.96,30,39.0
2023,1,4,Tondiarpet,212.82,26.19,45.66,53.07,60,30.0
2023,2,4,Tondiarpet,58.68,29.44,58.89,61.81,60,60.0
2023,3,4,Tondiarpet,32.65,32.39,51.0,55.58,80,60.0
2023,4,4,Tondiarpet,5.32,40.98,35.64,53.35,131,80.0
2023,5,4,Tondiarpet,2.05,34.1,55.51,52.03,88,131.0
2023,6,4,Tondiarpet,17.62,35.61,53.01,50.18,107,88.0
2023,7,4,Tondiarpet,51.64,31.07,59.13,55.32,64,107.0
2023,8,4,Tondiarpet,16.72,29.45,56.62,59.13,61,64.0
2023,9,4,Tondiarpet,15.15,28.36,50.94,58.83,49,61.0
2023,10,4,Tondiarpet,202.45,24.87,46.06,44.22,82,49.0
2023,11,4,Tondiarpet,831.93,26.98,10.0,50.12,144,82.0
2023,12,4,Tondiarpet,421.18,27.37,26.36,48.97,141,144.0
2024,1,4,Tondiarpet,143.57,28.57,45.8,52.53,65,141.0
2024,2,4,Tondiarpet,19.32,31.73,53.25,59.68,40,65.0
2024,3,4,Tondiarpet,21.56,32.44,50.55,54.77,33,40.0
2024,4,4,Tondiarpet,17.78,37.96,45.6,55.58,35,33.0
2024,5,4,Tondiarpet,15.38,37.81,44.16,56.21,39,35.0
2024,6,4,Tondiarpet,17.06,40.33,40.98,49.65,42,39.0
2024,7,4,Tondiarpet,54.41,30.37,57.47,61.05,26,42.0
2024,8,4,Tondiarpet,24.44,30.05,55.24,54.35,27,26.0
2024,9,4,Tondiarpet,45.63,28.35,54.96,57.73,21,27.0
2024,10,4,Tondiarpet,412.62,27.18,29.17,45.6,40,21.0
2024,11,4,Tondiarpet,134.81,25.9,48.08,40.71,38,40.0
2024,12,4,Tondiarpet,223.77,26.62,40.75,48.55,33,38.0
2015,1,5,Royapuram,130.97,24.98,54.52,61.43,41,31.0
2015,2,5,Royapuram,36.79,28.45,68.35,66.21,28,41.0
2015,3,5,Royapuram,42.5,31.51,67.96,71.9,23,28.0
2015,4,5,Royapuram,25.75,37.43,57.25,60.28,68,23.0
2015,5,5,Royapuram,11.43,41.76,45.11,63.48,88,68.0
2015,6,5,Royapuram,1.1,36.02,62.89,64.55,62,88.0
2015,7,5,Royapuram,33.13,29.51,67.48,68.03,34,62.0
2015,8,5,Royapuram,14.27,32.98,65.02,68.95,29,34.0
2015,9,5,Royapuram,24.86,30.83,64.76,69.64,42,29.0
2015,10,5,Royapuram,314.69,24.84,41.34,57.52,77,42.0
2015,11,5,Royapuram,644.32,27.85,21.5,53.9,108,77.0
2015,12,5,Royapuram,436.1,24.15,35.55,64.11,99,108.0
2016,1,5,Royapuram,175.49,27.29,54.81,55.13,52,99.0
2016,2,5,Royapuram,18.4,31.68,68.63,65.17,19,52.0
2016,3,5,Royapuram,48.24,28.87,65.03,66.99,13,19.0
2016,4,5,Royapuram,2.95,39.28,46.8,59.39,35,13.0
2016,5,5,Royapuram,2.31,34.47,66.44,68.41,27,35.0
2016,6,5,Royapuram,13.87,37.29,55.57,60.37,35,27.0
2016,7,5,Royapuram,42.14,31.47,65.13,66.05,19,35.0
2016,8,5,Royapuram,31.09,30.06,69.08,70.14,15,19.0
2016,9,5,Royapuram,24.46,32.5,61.16,72.56,15,15.0
2016,10,5,Royapuram,127.18,26.04,52.18,57.42,41,15.0
2016,11,5,Royapuram,387.76,28.25,40.72,60.6,51,41.0
2016,12,5,Royapuram,196.15,28.03,52.39,57.73,24,51.0
2017,1,5,Royapuram,383.81,28.18,41.35,62.39,29,24.0
2017,2,5,Royapuram,24.38,29.53,63.53,69.21,15,29.0
2017,3,5,Royapuram,51.92,32.03,68.23,72.33,11,15.0
2017,4,5,Royapuram,21.06,35.37,60.0,69.2,16,11.0
2017,5,5,Royapuram,2.65,39.59,47.55,61.47,24,16.0
2017,6,5,Royapuram,29.92,34.24,65.51,68.25,16,24.0
2017,7,5,Royapuram,33.4,30.33,67.61,64.54,13,16.0
2017,8,5,Royapuram,54.78,32.55,63.14,69.91,10,13.0
2017,9,5,Royapuram,27.74,30.07,66.76,69.58,4,10.0
2017,10,5,Royapuram,381.98,25.12,42.71,65.04,12,4.0
2017,11,5,Royapuram,242.31,24.72,46.78,56.11,28,12.0
2017,12,5,Royapuram,142.16,26.92,54.3,48.93,25,28.0
2018,1,5,Royapuram,170.8,25.93,52.59,62.61,21,25.0
2018,2,5,Royapuram,11.26,29.77,67.8,68.64,10,21.0
2018,3,5,Royapuram,50.44,32.38,63.02,71.59,7,10.0
2018,4,5,Royapuram,5.03,34.96,64.35,71.95,8,7.0
2018,5,5,Royapuram,4.46,38.77,49.51,60.25,18,8.0
2018,6,5,Royapuram,4.59,39.82,49.84,67.7,21,18.0
2018,7,5,Royapuram,25.78,28.53,63.67,63.99,17,21.0
2018,8,5,Royapuram,39.89,31.32,64.19,70.01,12,17.0
2018,9,5,Royapuram,58.04,30.69,60.14,65.58,13,12.0
2018,10,5,Royapuram,201.4,25.19,50.68,62.9,15,13.0
2018,11,5,Royapuram,224.35,27.41,52.2,54.06,19,15.0
2018,12,5,Royapuram,329.8,28.53,47.7,60.84,32,19.0
2019,1,5,Royapuram,378.74,26.98,38.86,55.18,34,32.0
2019,2,5,Royapuram,48.49,32.05,64.0,72.47,16,34.0
2019,3,5,Royapuram,28.87,29.29,62.43,67.58,17,16.0
2019,4,5,Royapuram,19.51,34.72,60.42,61.63,17,17.0
2019,5,5,Royapuram,29.4,38.77,45.76,64.63,27,17.0
2019,6,5,Royapuram,11.51,37.39,55.85,62.42,23,27.0
2019,7,5,Royapuram,19.98,29.86,65.02,70.25,9,23.0
2019,8,5,Royapuram,37.89,29.52,60.86,63.01,13,9.0
2019,9,5,Royapuram,36.62,29.52,63.93,64.8,13,13.0
2019,10,5,Royapuram,167.95,26.68,57.15,57.08,16,13.0
2019,11,5,Royapuram,103.21,25.01,59.25,51.03,12,16.0
2019,12,5,Royapuram,413.28,28.86,33.55,58.88,25,12.0
2020,1,5,Royapuram,238.7,27.47,49.21,55.78,32,25.0
2020,2,5,Royapuram,21.26,29.29,64.79,66.67,29,32.0
2020,3,5,Royapuram,28.36,30.71,61.48,70.46,22,29.0
2020,4,5,Royapuram,25.14,34.58,60.83,64.52,33,22.0
2020,5,5,Royapuram,7.6,41.52,43.1,62.01,43,33.0
2020,6,5,Royapuram,19.23,41.21,42.18,63.59,50,43.0
2020,7,5,Royapuram,34.03,30.76,66.32,65.57,38,50.0
2020,8,5,Royapuram,50.13,30.43,62.98,69.38,20,38.0
2020,9,5,Royapuram,52.36,30.21,60.18,63.75,25,20.0
2020,10,5,Royapuram,400.43,28.78,42.62,58.84,36,25.0
2020,11,5,Royapuram,248.54,24.78,48.81,53.96,36,36.0
2020,12,5,Royapuram,257.2,26.2,50.04,59.23,28,36.0
2021,1,5,Royapuram,192.14,26.78,56.67,55.15,31,28.0
2021,2,5,Royapuram,59.02,30.47,60.1,64.4,20,31.0
2021,3,5,Royapuram,53.58,30.42,63.06,68.18,15,20.0
2021,4,5,Royapuram,15.62,36.15,59.08,65.73,18,15.0
2021,5,5,Royapuram,24.32,34.36,61.73,62.98,17,18.0
2021,6,5,Royapuram,0.24,34.07,64.66,60.92,22,17.0
2021,7,5,Royapuram,33.47,31.6,65.29,66.95,15,22.0
2021,8,5,Royapuram,19.95,32.68,60.19,67.38,17,15.0
2021,9,5,Royapuram,11.8,32.66,63.45,64.06,18,17.0
2021,10,5,Royapuram,173.45,27.0,49.02,60.83,28,18.0
2021,11,5,Royapuram,230.77,25.66,50.69,61.0,34,28.0
2021,12,5,Royapuram,160.09,24.51,50.27,59.42,38,34.0
2022,1,5,Royapuram,241.01,28.68,49.81,62.9,38,38.0
2022,2,5,Royapuram,33.24,32.99,64.94,64.78,24,38.0
2022,3,5,Royapuram,53.68,30.16,64.13,70.64,17,24.0
2022,4,5,Royapuram,22.65,40.01,47.7,70.62,28,17.0
2022,5,5,Royapuram,10.61,37.86,53.15,67.0,28,28.0
2022,6,5,Royapuram,18.26,37.29,54.26,69.05,22,28.0
2022,7,5,Royapuram,38.72,31.48,69.24,70.12,12,22.0
2022,8,5,Royapuram,40.01,32.88,66.42,63.31,20,12.0
2022,9,5,Royapuram,40.21,32.08,67.61,65.62,14,20.0
2022,10,5,Royapuram,169.77,26.13,54.73,57.33,20,14.0
2022,11,5,Royapuram,375.43,26.73,35.5,56.52,32,20.0
2022,12,5,Royapuram,195.92,24.33,48.09,58.21,36,32.0
2023,1,5,Royapuram,114.97,25.22,57.67,65.44,50,36.0
2023,2,5,Royapuram,16.0,30.66,63.57,70.92,29,50.0
2023,3,5,Royapuram,26.04,29.94,66.23,64.58,41,29.0
2023,4,5,Royapuram,25.43,40.07,46.05,63.37,65,41.0
2023,5,5,Royapuram,15.27,41.93,42.55,62.51,95,65.0
2023,6,5,Royapuram,18.39,41.89,45.91,62.01,85,95.0
2023,7,5,Royapuram,35.39,32.99,66.95,66.08,60,85.0
2023,8,5,Royapuram,41.87,32.41,65.86,70.79,34,60.0
2023,9,5,Royapuram,47.66,29.47,67.63,70.45,24,34.0
2023,10,5,Royapuram,252.24,26.79,50.15,57.95,65,24.0
2023,11,5,Royapuram,898.07,24.58,10.0,53.38,123,65.0
2023,12,5,Royapuram,876.79,28.2,10.0,55.51,136,123.0
2024,1,5,Royapuram,211.58,24.26,47.78,59.66,63,136.0
2024,2,5,Royapuram,57.93,28.11,67.39,72.59,31,63.0
2024,3,5,Royapuram,12.29,28.04,69.88,69.59,13,31.0
2024,4,5,Royapuram,7.72,36.16,55.96,62.24,26,13.0
2024,5,5,Royapuram,19.28,38.16,52.02,62.01,25,26.0
2024,6,5,Royapuram,7.87,35.78,55.51,66.87,25,25.0
2024,7,5,Royapuram,12.39,29.23,61.43,68.58,13,25.0
2024,8,5,Royapuram,19.48,29.69,60.78,64.92,21,13.0
2024,9,5,Royapuram,18.52,29.76,67.74,63.3,17,21.0
2024,10,5,Royapuram,400.95,27.89,40.95,55.67,23,17.0
2024,11,5,Royapuram,448.55,28.49,38.68,66.98,24,23.0
2024,12,5,Royapuram,366.28,28.25,39.65,60.42,29,24.0
2015,1,6,Thiru-Vi-Ka Nagar,224.86,25.4,49.42,63.6,55,26.0
2015,2,6,Thiru-Vi-Ka Nagar,39.54,31.39,63.17,71.12,34,55.0
2015,3,6,Thiru-Vi-Ka Nagar,14.7,30.89,63.36,70.66,34,34.0
2015,4,6,Thiru-Vi-Ka Nagar,24.79,36.56,59.21,61.63,66,34.0
2015,5,6,Thiru-Vi-Ka Nagar,1.69,40.92,52.24,71.9,67,66.0
2015,6,6,Thiru-Vi-Ka Nagar,13.42,38.26,52.91,68.56,59,67.0
2015,7,6,Thiru-Vi-Ka Nagar,29.19,30.72,72.06,72.24,31,59.0
2015,8,6,Thiru-Vi-Ka Nagar,11.83,30.36,68.65,66.66,35,31.0
2015,9,6,Thiru-Vi-Ka Nagar,20.75,28.16,65.62,71.95,17,35.0
2015,10,6,Thiru-Vi-Ka Nagar,279.44,25.15,46.58,61.1,63,17.0
2015,11,6,Thiru-Vi-Ka Nagar,746.84,25.1,20.02,66.72,82,63.0
2015,12,6,Thiru-Vi-Ka Nagar,572.97,25.86,25.2,59.79,103,82.0
2016,1,6,Thiru-Vi-Ka Nagar,373.83,26.84,46.86,57.66,54,103.0
2016,2,6,Thiru-Vi-Ka Nagar,42.1,31.04,68.47,68.32,25,54.0
2016,3,6,Thiru-Vi-Ka Nagar,13.41,28.13,64.35,75.63,15,25.0
2016,4,6,Thiru-Vi-Ka Nagar,18.74,37.06,55.05,71.12,29,15.0
2016,5,6,Thiru-Vi-Ka Nagar,13.21,35.18,63.8,65.25,20,29.0
2016,6,6,Thiru-Vi-Ka Nagar,13.78,34.42,63.77,64.65,17,20.0
2016,7,6,Thiru-Vi-Ka Nagar,25.2,31.27,72.38,74.71,14,17.0
2016,8,6,Thiru-Vi-Ka Nagar,51.19,32.78,71.21,66.02,16,14.0
2016,9,6,Thiru-Vi-Ka Nagar,40.15,32.13,72.84,68.88,21,16.0
2016,10,6,Thiru-Vi-Ka Nagar,434.29,26.61,34.82,63.01,44,21.0
2016,11,6,Thiru-Vi-Ka Nagar,337.23,27.04,41.88,64.56,45,44.0
2016,12,6,Thiru-Vi-Ka Nagar,255.94,25.05,54.37,70.31,35,45.0
2017,1,6,Thiru-Vi-Ka Nagar,406.56,26.7,40.15,58.55,24,35.0
2017,2,6,Thiru-Vi-Ka Nagar,30.23,28.34,70.84,68.86,12,24.0
2017,3,6,Thiru-Vi-Ka Nagar,40.84,31.71,70.38,71.21,11,12.0
2017,4,6,Thiru-Vi-Ka Nagar,3.46,38.85,51.84,66.84,24,11.0
2017,5,6,Thiru-Vi-Ka Nagar,26.38,35.95,57.55,69.88,17,24.0
2017,6,6,Thiru-Vi-Ka Nagar,1.87,36.68,64.71,73.83,7,17.0
2017,7,6,Thiru-Vi-Ka Nagar,39.85,33.0,70.69,69.98,4,7.0
2017,8,6,Thiru-Vi-Ka Nagar,19.23,29.71,67.3,74.31,6,4.0
2017,9,6,Thiru-Vi-Ka Nagar,19.09,28.78,71.27,66.42,12,6.0
2017,10,6,Thiru-Vi-Ka Nagar,218.11,28.35,50.57,67.69,17,12.0
2017,11,6,Thiru-Vi-Ka Nagar,337.87,28.73,40.49,60.76,21,17.0
2017,12,6,Thiru-Vi-Ka Nagar,156.67,27.29,57.07,54.57,21,21.0
2018,1,6,Thiru-Vi-Ka Nagar,393.7,24.73,37.37,56.65,29,21.0
2018,2,6,Thiru-Vi-Ka Nagar,38.37,31.98,70.35,72.1,13,29.0
2018,3,6,Thiru-Vi-Ka Nagar,57.25,31.41,66.32,71.01,12,13.0
2018,4,6,Thiru-Vi-Ka Nagar,29.83,35.86,59.31,66.12,15,12.0
2018,5,6,Thiru-Vi-Ka Nagar,9.0,39.14,54.53,66.62,25,15.0
2018,6,6,Thiru-Vi-Ka Nagar,2.05,41.18,44.74,73.56,27,25.0
2018,7,6,Thiru-Vi-Ka Nagar,24.26,31.15,67.56,70.82,17,27.0
2018,8,6,Thiru-Vi-Ka Nagar,10.37,31.46,69.61,66.38,11,17.0
2018,9,6,Thiru-Vi-Ka Nagar,46.66,32.98,65.88,71.38,10,11.0
2018,10,6,Thiru-Vi-Ka Nagar,236.82,28.88,55.21,53.87,11,10.0
2018,11,6,Thiru-Vi-Ka Nagar,329.43,24.2,49.74,63.93,17,11.0
2018,12,6,Thiru-Vi-Ka Nagar,205.56,24.94,50.23,59.4,14,17.0
2019,1,6,Thiru-Vi-Ka Nagar,150.51,24.47,61.7,63.2,11,14.0
2019,2,6,Thiru-Vi-Ka Nagar,34.19,32.49,72.08,66.87,11,11.0
2019,3,6,Thiru-Vi-Ka Nagar,45.46,28.11,67.19,73.76,8,11.0
2019,4,6,Thiru-Vi-Ka Nagar,14.9,34.99,63.55,71.72,14,8.0
2019,5,6,Thiru-Vi-Ka Nagar,28.35,39.39,51.49,68.08,21,14.0
2019,6,6,Thiru-Vi-Ka Nagar,28.98,35.05,60.12,66.36,22,21.0
2019,7,6,Thiru-Vi-Ka Nagar,34.25,30.7,71.18,67.72,16,22.0
2019,8,6,Thiru-Vi-Ka Nagar,38.62,33.0,65.87,68.8,9,16.0
2019,9,6,Thiru-Vi-Ka Nagar,41.0,29.7,71.56,70.35,6,9.0
2019,10,6,Thiru-Vi-Ka Nagar,264.75,24.79,54.82,63.1,12,6.0
2019,11,6,Thiru-Vi-Ka Nagar,185.66,28.41,57.83,66.02,14,12.0
2019,12,6,Thiru-Vi-Ka Nagar,254.84,24.23,49.4,60.3,22,14.0
2020,1,6,Thiru-Vi-Ka Nagar,347.32,28.7,40.27,62.67,34,22.0
2020,2,6,Thiru-Vi-Ka Nagar,28.67,29.92,71.37,72.51,17,34.0
2020,3,6,Thiru-Vi-Ka Nagar,55.83,31.53,69.72,69.94,13,17.0
2020,4,6,Thiru-Vi-Ka Nagar,12.43,39.52,49.22,74.25,30,13.0
2020,5,6,Thiru-Vi-Ka Nagar,21.83,37.61,61.6,65.08,28,30.0
2020,6,6,Thiru-Vi-Ka Nagar,27.96,36.23,56.94,67.28,28,28.0
2020,7,6,Thiru-Vi-Ka Nagar,58.28,28.07,67.81,69.33,17,28.0
2020,8,6,Thiru-Vi-Ka Nagar,46.53,28.2,63.95,66.07,13,17.0
2020,9,6,Thiru-Vi-Ka Nagar,19.47,31.86,71.41,72.18,7,13.0
2020,10,6,Thiru-Vi-Ka Nagar,173.25,24.02,56.55,62.38,18,7.0
2020,11,6,Thiru-Vi-Ka Nagar,338.02,27.18,40.65,57.47,40,18.0
2020,12,6,Thiru-Vi-Ka Nagar,179.72,26.92,55.51,62.66,25,40.0
2021,1,6,Thiru-Vi-Ka Nagar,150.08,28.29,59.58,63.58,21,25.0
2021,2,6,Thiru-Vi-Ka Nagar,13.75,32.72,66.65,75.13,14,21.0
2021,3,6,Thiru-Vi-Ka Nagar,15.73,32.98,67.26,69.48,15,14.0
2021,4,6,Thiru-Vi-Ka Nagar,18.52,37.24,62.9,70.12,19,15.0
2021,5,6,Thiru-Vi-Ka Nagar,15.66,39.31,54.27,67.46,21,19.0
2021,6,6,Thiru-Vi-Ka Nagar,16.8,36.41,59.85,67.49,21,21.0
2021,7,6,Thiru-Vi-Ka Nagar,56.96,31.36,63.75,70.61,21,21.0
2021,8,6,Thiru-Vi-Ka Nagar,16.61,29.88,69.72,73.82,11,21.0
2021,9,6,Thiru-Vi-Ka Nagar,21.08,29.35,65.43,75.92,13,11.0
2021,10,6,Thiru-Vi-Ka Nagar,248.01,26.83,55.83,57.89,26,13.0
2021,11,6,Thiru-Vi-Ka Nagar,325.35,27.81,50.17,60.7,36,26.0
2021,12,6,Thiru-Vi-Ka Nagar,125.54,28.11,63.1,62.08,19,36.0
2022,1,6,Thiru-Vi-Ka Nagar,338.53,27.4,49.85,62.54,24,19.0
2022,2,6,Thiru-Vi-Ka Nagar,48.84,31.94,70.08,68.54,11,24.0
2022,3,6,Thiru-Vi-Ka Nagar,54.61,28.15,70.48,73.59,6,11.0
2022,4,6,Thiru-Vi-Ka Nagar,6.43,34.59,69.7,71.47,12,6.0
2022,5,6,Thiru-Vi-Ka Nagar,6.42,34.05,70.35,72.44,8,12.0
2022,6,6,Thiru-Vi-Ka Nagar,19.54,35.62,66.73,62.32,10,8.0
2022,7,6,Thiru-Vi-Ka Nagar,12.01,29.93,67.06,67.67,8,10.0
2022,8,6,Thiru-Vi-Ka Nagar,43.57,32.95,63.91,72.67,9,8.0
2022,9,6,Thiru-Vi-Ka Nagar,45.36,30.94,66.18,71.54,13,9.0
2022,10,6,Thiru-Vi-Ka Nagar,115.54,28.09,59.37,51.21,18,13.0
2022,11,6,Thiru-Vi-Ka Nagar,336.68,25.7,48.96,64.4,19,18.0
2022,12,6,Thiru-Vi-Ka Nagar,220.01,26.09,57.44,58.87,30,19.0
2023,1,6,Thiru-Vi-Ka Nagar,239.75,26.54,55.41,62.0,49,30.0
2023,2,6,Thiru-Vi-Ka Nagar,11.04,31.14,69.3,75.87,24,49.0
2023,3,6,Thiru-Vi-Ka Nagar,55.85,30.34,65.75,67.42,22,24.0
2023,4,6,Thiru-Vi-Ka Nagar,8.03,40.56,44.08,65.75,81,22.0
2023,5,6,Thiru-Vi-Ka Nagar,3.05,36.63,55.85,67.58,65,81.0
2023,6,6,Thiru-Vi-Ka Nagar,15.01,40.35,50.56,68.49,68,65.0
2023,7,6,Thiru-Vi-Ka Nagar,10.77,32.08,66.01,67.5,39,68.0
2023,8,6,Thiru-Vi-Ka Nagar,55.11,29.93,70.79,73.25,28,39.0
2023,9,6,Thiru-Vi-Ka Nagar,47.39,29.99,65.1,71.21,38,28.0
2023,10,6,Thiru-Vi-Ka Nagar,182.98,25.62,56.77,59.06,55,38.0
2023,11,6,Thiru-Vi-Ka Nagar,835.45,25.07,16.7,61.02,97,55.0
2023,12,6,Thiru-Vi-Ka Nagar,863.82,26.04,11.2,51.43,132,97.0
2024,1,6,Thiru-Vi-Ka Nagar,251.98,25.94,48.39,59.93,63,132.0
2024,2,6,Thiru-Vi-Ka Nagar,26.34,28.86,69.01,73.12,21,63.0
2024,3,6,Thiru-Vi-Ka Nagar,23.33,29.72,69.49,74.83,7,21.0
2024,4,6,Thiru-Vi-Ka Nagar,25.84,40.65,48.53,65.42,32,7.0
2024,5,6,Thiru-Vi-Ka Nagar,6.05,34.56,63.8,68.23,22,32.0
2024,6,6,Thiru-Vi-Ka Nagar,7.59,39.03,56.67,70.71,27,22.0
2024,7,6,Thiru-Vi-Ka Nagar,11.8,32.16,68.91,69.58,20,27.0
2024,8,6,Thiru-Vi-Ka Nagar,42.67,29.92,69.73,71.89,8,20.0
2024,9,6,Thiru-Vi-Ka Nagar,56.61,32.38,66.19,71.86,7,8.0
2024,10,6,Thiru-Vi-Ka Nagar,373.08,27.78,38.17,57.88,28,7.0
2024,11,6,Thiru-Vi-Ka Nagar,254.74,27.28,49.24,61.84,19,28.0
2024,12,6,Thiru-Vi-Ka Nagar,114.56,27.61,60.05,68.66,15,19.0
2015,1,7,Ambattur,101.93,28.08,70.49,68.64,14,12.0
2015,2,7,Ambattur,18.72,31.45,73.87,82.37,5,14.0
2015,3,7,Ambattur,39.54,28.15,70.37,81.23,6,5.0
2015,4,7,Ambattur,9.58,41.6,52.93,74.57,43,6.0
2015,5,7,Ambattur,28.34,40.8,54.11,73.05,72,43.0
2015,6,7,Ambattur,3.59,41.12,55.42,77.92,55,72.0
2015,7,7,Ambattur,16.96,31.97,76.2,78.33,13,55.0
2015,8,7,Ambattur,36.22,30.2,74.01,78.6,6,13.0
2015,9,7,Ambattur,39.84,29.67,77.71,74.07,9,6.0
2015,10,7,Ambattur,120.24,28.85,71.26,69.11,13,9.0
2015,11,7,Ambattur,609.86,27.19,32.08,73.86,56,13.0
2015,12,7,Ambattur,643.33,28.37,31.33,61.76,87,56.0
2016,1,7,Ambattur,382.75,27.81,48.84,68.2,38,87.0
2016,2,7,Ambattur,34.84,32.94,71.36,79.95,13,38.0
2016,3,7,Ambattur,35.31,30.2,71.06,79.41,4,13.0
2016,4,7,Ambattur,15.91,34.34,76.98,71.09,9,4.0
2016,5,7,Ambattur,22.07,41.99,52.47,72.55,28,9.0
2016,6,7,Ambattur,22.7,38.16,66.31,80.77,20,28.0
2016,7,7,Ambattur,31.13,28.21,77.4,82.18,6,20.0
2016,8,7,Ambattur,22.88,28.3,76.04,79.87,0,6.0
2016,9,7,Ambattur,29.28,29.7,75.41,74.54,5,0.0
2016,10,7,Ambattur,117.58,24.36,65.11,66.3,11,5.0
2016,11,7,Ambattur,325.69,25.98,50.28,69.77,19,11.0
2016,12,7,Ambattur,184.69,28.8,67.2,75.98,13,19.0
2017,1,7,Ambattur,100.0,26.08,63.88,72.51,8,13.0
2017,2,7,Ambattur,26.62,28.28,73.74,82.44,3,8.0
2017,3,7,Ambattur,22.42,31.53,74.28,77.43,2,3.0
2017,4,7,Ambattur,11.76,41.17,53.58,76.17,7,2.0
2017,5,7,Ambattur,26.64,36.6,72.15,76.75,4,7.0
2017,6,7,Ambattur,2.13,35.69,69.63,74.54,4,4.0
2017,7,7,Ambattur,35.53,31.08,79.11,78.1,1,4.0
2017,8,7,Ambattur,31.69,28.82,71.17,78.47,6,1.0
2017,9,7,Ambattur,41.49,30.02,77.52,78.31,4,6.0
2017,10,7,Ambattur,238.1,26.65,59.85,74.44,7,4.0
2017,11,7,Ambattur,321.8,26.97,55.83,71.07,15,7.0
2017,12,7,Ambattur,409.15,26.07,49.32,68.55,21,15.0
2018,1,7,Ambattur,407.31,26.79,43.33,59.38,13,21.0
2018,2,7,Ambattur,23.07,30.1,75.99,78.14,1,13.0
2018,3,7,Ambattur,16.0,29.56,78.02,81.61,1,1.0
2018,4,7,Ambattur,10.24,37.55,64.43,78.24,5,1.0
2018,5,7,Ambattur,14.07,40.41,51.88,80.94,11,5.0
2018,6,7,Ambattur,14.2,40.84,58.19,72.18,11,11.0
2018,7,7,Ambattur,25.9,32.62,70.56,77.86,8,11.0
2018,8,7,Ambattur,55.5,31.59,75.82,80.98,3,8.0
2018,9,7,Ambattur,18.46,32.89,78.53,77.98,2,3.0
2018,10,7,Ambattur,193.38,26.53,65.69,68.67,5,2.0
2018,11,7,Ambattur,126.94,27.35,63.98,64.0,8,5.0
2018,12,7,Ambattur,378.45,24.71,51.2,68.67,9,8.0
2019,1,7,Ambattur,212.01,26.53,65.46,74.89,5,9.0
2019,2,7,Ambattur,42.26,28.08,79.6,73.45,1,5.0
2019,3,7,Ambattur,46.13,29.6,79.06,74.27,1,1.0
2019,4,7,Ambattur,11.0,36.99,69.02,79.32,2,1.0
2019,5,7,Ambattur,17.46,36.85,66.47,80.48,5,2.0
2019,6,7,Ambattur,2.4,37.8,59.46,81.03,14,5.0
2019,7,7,Ambattur,37.79,31.5,74.12,74.38,8,14.0
2019,8,7,Ambattur,24.26,31.96,79.06,82.75,2,8.0
2019,9,7,Ambattur,33.27,32.72,79.32,75.07,1,2.0
2019,10,7,Ambattur,424.98,26.9,50.78,64.79,16,1.0
2019,11,7,Ambattur,280.99,28.54,51.93,66.88,19,16.0
2019,12,7,Ambattur,331.67,26.17,56.94,61.0,19,19.0
2020,1,7,Ambattur,366.16,28.92,47.56,67.3,30,19.0
2020,2,7,Ambattur,50.9,28.19,78.71,78.13,7,30.0
2020,3,7,Ambattur,30.87,31.65,75.22,73.74,6,7.0
2020,4,7,Ambattur,10.66,34.39,74.36,80.47,2,6.0
2020,5,7,Ambattur,6.01,37.31,68.84,73.55,12,2.0
2020,6,7,Ambattur,24.95,35.2,75.18,75.96,3,12.0
2020,7,7,Ambattur,31.78,30.07,77.33,79.86,2,3.0
2020,8,7,Ambattur,59.79,29.44,71.49,75.41,6,2.0
2020,9,7,Ambattur,20.06,28.89,73.38,77.18,3,6.0
2020,10,7,Ambattur,146.73,24.24,65.92,67.85,7,3.0
2020,11,7,Ambattur,213.36,24.68,60.48,67.91,17,7.0
2020,12,7,Ambattur,408.15,26.17,43.15,68.86,28,17.0
2021,1,7,Ambattur,356.28,24.44,55.21,61.9,18,28.0
2021,2,7,Ambattur,41.9,31.14,75.54,82.86,5,18.0
2021,3,7,Ambattur,51.66,30.27,77.2,74.07,3,5.0
2021,4,7,Ambattur,10.65,37.26,65.67,76.39,7,3.0
2021,5,7,Ambattur,0.71,34.64,77.51,78.13,3,7.0
2021,6,7,Ambattur,15.25,35.26,73.76,70.75,5,3.0
2021,7,7,Ambattur,59.44,32.75,70.78,82.33,6,5.0
2021,8,7,Ambattur,20.03,29.44,71.62,75.49,7,6.0
2021,9,7,Ambattur,18.78,30.11,77.94,77.65,5,7.0
2021,10,7,Ambattur,203.57,27.59,64.55,74.35,6,5.0
2021,11,7,Ambattur,276.12,24.07,53.99,68.94,13,6.0
2021,12,7,Ambattur,261.11,24.2,53.78,74.35,17,13.0
2022,1,7,Ambattur,257.97,25.92,62.59,64.56,25,17.0
2022,2,7,Ambattur,58.78,32.34,78.93,81.86,9,25.0
2022,3,7,Ambattur,33.95,28.52,76.12,80.38,6,9.0
2022,4,7,Ambattur,26.46,37.56,60.73,70.09,12,6.0
2022,5,7,Ambattur,21.48,36.76,65.12,77.26,6,12.0
2022,6,7,Ambattur,18.28,36.2,69.35,72.66,9,6.0
2022,7,7,Ambattur,47.75,28.44,78.61,81.13,0,9.0
2022,8,7,Ambattur,40.38,28.77,72.07,79.22,0,0.0
2022,9,7,Ambattur,10.56,30.29,71.32,79.64,1,0.0
2022,10,7,Ambattur,314.23,27.94,56.69,72.34,10,1.0
2022,11,7,Ambattur,217.33,24.21,64.06,65.83,17,10.0
2022,12,7,Ambattur,233.39,27.07,59.26,65.77,18,17.0
2023,1,7,Ambattur,139.13,26.83,65.04,71.85,21,18.0
2023,2,7,Ambattur,41.22,32.13,79.37,81.03,6,21.0
2023,3,7,Ambattur,39.46,29.38,71.75,80.75,4,6.0
2023,4,7,Ambattur,22.8,36.79,67.57,80.47,10,4.0
2023,5,7,Ambattur,14.56,36.68,67.45,75.3,13,10.0
2023,6,7,Ambattur,14.01,40.5,58.41,72.86,32,13.0
2023,7,7,Ambattur,31.24,29.44,71.72,80.62,11,32.0
2023,8,7,Ambattur,16.09,30.97,73.45,73.35,12,11.0
2023,9,7,Ambattur,18.65,31.41,74.27,78.92,8,12.0
2023,10,7,Ambattur,119.42,24.01,69.96,76.6,11,8.0
2023,11,7,Ambattur,716.0,28.0,30.44,68.82,61,11.0
2023,12,7,Ambattur,810.43,25.38,18.85,61.98,102,61.0
2024,1,7,Ambattur,204.06,26.35,56.86,68.18,35,102.0
2024,2,7,Ambattur,44.55,30.11,78.54,80.72,8,35.0
2024,3,7,Ambattur,16.08,29.07,70.37,74.41,11,8.0
2024,4,7,Ambattur,11.81,36.42,65.25,74.45,8,11.0
2024,5,7,Ambattur,26.29,37.55,68.31,80.19,2,8.0
2024,6,7,Ambattur,28.98,37.79,59.91,72.97,9,2.0
2024,7,7,Ambattur,59.02,31.08,71.83,79.79,4,9.0
2024,8,7,Ambattur,34.6,32.11,74.06,82.85,5,4.0
2024,9,7,Ambattur,32.95,32.85,72.96,79.27,1,5.0
2024,10,7,Ambattur,327.43,24.42,52.93,72.72,7,1.0
2024,11,7,Ambattur,222.04,26.0,60.16,64.5,9,7.0
2024,12,7,Ambattur,444.76,28.45,44.46,62.13,31,9.0
2015,1,8,Anna Nagar,140.55,28.32,73.94,72.4,12,5.0
2015,2,8,Anna Nagar,43.0,32.09,85.55,88.3,1,12.0
2015,3,8,Anna Nagar,12.58,30.66,85.41,89.37,3,1.0
2015,4,8,Anna Nagar,9.86,39.38,71.78,87.13,2,3.0
2015,5,8,Anna Nagar,6.86,39.37,67.46,81.04,13,2.0
2015,6,8,Anna Nagar,16.11,38.69,70.23,80.55,8,13.0
2015,7,8,Anna Nagar,22.42,31.72,80.34,88.7,4,8.0
2015,8,8,Anna Nagar,30.44,28.13,81.56,90.16,1,4.0
2015,9,8,Anna Nagar,39.51,29.8,80.92,92.17,1,1.0
2015,10,8,Anna Nagar,365.38,27.48,63.8,78.71,11,1.0
2015,11,8,Anna Nagar,506.55,24.16,49.92,80.13,26,11.0
2015,12,8,Anna Nagar,711.48,27.16,33.88,77.83,68,26.0
2016,1,8,Anna Nagar,102.02,25.62,77.16,81.29,19,68.0
2016,2,8,Anna Nagar,45.88,31.46,89.91,84.28,4,19.0
2016,3,8,Anna Nagar,49.04,30.3,80.58,92.95,0,4.0
2016,4,8,Anna Nagar,11.17,37.46,75.76,90.23,1,0.0
2016,5,8,Anna Nagar,3.55,37.28,74.0,84.52,1,1.0
2016,6,8,Anna Nagar,13.54,41.88,56.63,79.79,15,1.0
2016,7,8,Anna Nagar,58.14,31.63,83.05,91.29,4,15.0
2016,8,8,Anna Nagar,29.19,30.28,83.69,84.21,2,4.0
2016,9,8,Anna Nagar,22.97,28.97,80.58,86.42,3,2.0
2016,10,8,Anna Nagar,425.23,26.03,54.87,73.7,12,3.0
2016,11,8,Anna Nagar,120.33,24.56,74.65,81.2,0,12.0
2016,12,8,Anna Nagar,252.95,26.97,69.36,87.08,8,0.0
2017,1,8,Anna Nagar,206.38,25.15,73.53,87.65,4,8.0
2017,2,8,Anna Nagar,30.92,31.75,81.01,85.78,1,4.0
2017,3,8,Anna Nagar,51.24,29.46,84.44,83.22,2,1.0
2017,4,8,Anna Nagar,16.82,39.03,67.45,79.66,9,2.0
2017,5,8,Anna Nagar,29.97,36.61,80.23,87.84,2,9.0
2017,6,8,Anna Nagar,29.03,37.52,77.43,84.87,1,2.0
2017,7,8,Anna Nagar,11.75,30.76,84.38,91.39,1,1.0
2017,8,8,Anna Nagar,42.85,32.49,84.0,86.27,0,1.0
2017,9,8,Anna Nagar,51.65,30.7,88.45,87.31,2,0.0
2017,10,8,Anna Nagar,112.14,25.96,74.46,77.44,3,2.0
2017,11,8,Anna Nagar,219.96,24.67,73.65,86.24,1,3.0
2017,12,8,Anna Nagar,384.8,28.7,63.89,73.03,7,1.0
2018,1,8,Anna Nagar,289.44,27.23,70.16,85.97,2,7.0
2018,2,8,Anna Nagar,34.81,29.43,87.35,83.24,2,2.0
2018,3,8,Anna Nagar,26.44,31.31,87.52,91.12,3,2.0
2018,4,8,Anna Nagar,29.61,40.04,67.27,91.68,4,3.0
2018,5,8,Anna Nagar,0.76,39.52,64.0,87.52,3,4.0
2018,6,8,Anna Nagar,4.96,39.65,69.39,82.29,1,3.0
2018,7,8,Anna Nagar,10.8,32.82,83.77,89.03,0,1.0
2018,8,8,Anna Nagar,58.34,31.49,80.83,91.63,1,0.0
2018,9,8,Anna Nagar,44.75,30.58,89.9,89.11,2,1.0
2018,10,8,Anna Nagar,243.21,25.65,71.45,74.11,6,2.0
2018,11,8,Anna Nagar,167.37,24.51,77.05,76.49,0,6.0
2018,12,8,Anna Nagar,423.31,28.11,58.34,79.83,5,0.0
2019,1,8,Anna Nagar,305.31,26.28,59.72,77.05,11,5.0
2019,2,8,Anna Nagar,38.34,32.66,86.66,91.23,0,11.0
2019,3,8,Anna Nagar,14.1,28.98,89.44,92.76,3,0.0
2019,4,8,Anna Nagar,18.85,34.97,84.89,81.97,3,3.0
2019,5,8,Anna Nagar,22.24,40.62,69.04,84.17,1,3.0
2019,6,8,Anna Nagar,6.35,40.34,61.65,92.05,7,1.0
2019,7,8,Anna Nagar,49.71,30.47,88.95,85.68,5,7.0
2019,8,8,Anna Nagar,15.64,32.35,86.36,84.65,1,5.0
2019,9,8,Anna Nagar,35.5,30.3,89.01,92.3,4,1.0
2019,10,8,Anna Nagar,165.37,28.16,72.48,74.1,1,4.0
2019,11,8,Anna Nagar,142.87,26.67,74.58,74.03,0,1.0
2019,12,8,Anna Nagar,116.47,27.34,73.86,77.5,4,0.0
2020,1,8,Anna Nagar,289.21,28.25,64.45,78.13,7,4.0
2020,2,8,Anna Nagar,31.97,30.48,84.04,89.79,4,7.0
2020,3,8,Anna Nagar,10.59,32.99,82.81,89.68,1,4.0
2020,4,8,Anna Nagar,11.0,35.9,75.03,90.3,2,1.0
2020,5,8,Anna Nagar,3.55,34.11,86.65,89.39,2,2.0
2020,6,8,Anna Nagar,8.25,34.26,88.16,90.72,1,2.0
2020,7,8,Anna Nagar,39.26,29.85,84.86,86.14,1,1.0
2020,8,8,Anna Nagar,28.89,29.58,86.77,85.9,1,1.0
2020,9,8,Anna Nagar,40.26,29.98,82.99,91.67,3,1.0
2020,10,8,Anna Nagar,188.77,25.14,68.72,80.98,3,3.0
2020,11,8,Anna Nagar,381.49,27.3,59.7,82.05,8,3.0
2020,12,8,Anna Nagar,347.46,24.89,64.94,84.95,4,8.0
2021,1,8,Anna Nagar,253.05,26.02,68.2,77.9,9,4.0
2021,2,8,Anna Nagar,35.7,32.15,84.44,88.71,1,9.0
2021,3,8,Anna Nagar,25.81,32.88,82.57,87.56,0,1.0
2021,4,8,Anna Nagar,12.05,41.27,65.88,83.5,6,0.0
2021,5,8,Anna Nagar,24.61,37.23,75.42,87.38,7,6.0
2021,6,8,Anna Nagar,27.73,38.39,70.84,89.58,6,7.0
2021,7,8,Anna Nagar,39.66,28.93,83.46,86.48,2,6.0
2021,8,8,Anna Nagar,22.75,29.31,80.39,86.05,1,2.0
2021,9,8,Anna Nagar,44.78,32.69,85.42,90.68,0,1.0
2021,10,8,Anna Nagar,230.55,24.74,73.8,76.33,1,0.0
2021,11,8,Anna Nagar,109.98,28.55,80.03,79.44,4,1.0
2021,12,8,Anna Nagar,111.15,26.35,76.57,75.0,6,4.0
2022,1,8,Anna Nagar,318.31,28.15,63.08,78.49,6,6.0
2022,2,8,Anna Nagar,23.94,28.79,81.96,92.73,1,6.0
2022,3,8,Anna Nagar,31.77,30.01,85.76,88.83,2,1.0
2022,4,8,Anna Nagar,2.98,41.27,60.23,83.74,15,2.0
2022,5,8,Anna Nagar,10.23,37.27,77.83,82.23,5,15.0
2022,6,8,Anna Nagar,23.25,37.46,78.65,84.02,0,5.0
2022,7,8,Anna Nagar,14.55,28.25,83.35,88.09,2,0.0
2022,8,8,Anna Nagar,23.26,32.18,83.27,87.88,2,2.0
2022,9,8,Anna Nagar,19.88,30.74,81.16,83.23,0,2.0
2022,10,8,Anna Nagar,151.55,26.26,74.11,77.58,1,0.0
2022,11,8,Anna Nagar,231.48,24.71,73.11,77.77,0,1.0
2022,12,8,Anna Nagar,194.35,24.5,71.07,74.64,3,0.0
2023,1,8,Anna Nagar,103.58,24.11,74.2,80.31,2,3.0
2023,2,8,Anna Nagar,45.91,28.56,82.44,85.98,3,2.0
2023,3,8,Anna Nagar,58.88,28.02,88.74,86.07,3,3.0
2023,4,8,Anna Nagar,8.08,41.91,60.9,85.78,20,3.0
2023,5,8,Anna Nagar,14.19,41.75,65.74,82.48,29,20.0
2023,6,8,Anna Nagar,25.65,36.02,79.31,83.48,9,29.0
2023,7,8,Anna Nagar,20.88,28.68,85.51,89.05,3,9.0
2023,8,8,Anna Nagar,15.05,32.01,89.15,90.57,2,3.0
2023,9,8,Anna Nagar,34.41,29.29,87.55,90.22,1,2.0
2023,10,8,Anna Nagar,151.4,26.76,76.02,85.89,2,1.0
2023,11,8,Anna Nagar,679.02,24.28,37.58,79.13,47,2.0
2023,12,8,Anna Nagar,857.35,27.37,31.47,75.77,68,47.0
2024,1,8,Anna Nagar,397.2,25.18,63.07,78.24,32,68.0
2024,2,8,Anna Nagar,57.84,32.4,84.05,85.92,4,32.0
2024,3,8,Anna Nagar,27.32,31.87,82.62,86.29,0,4.0
2024,4,8,Anna Nagar,26.21,34.42,80.93,85.34,3,0.0
2024,5,8,Anna Nagar,8.6,41.78,60.4,89.09,13,3.0
2024,6,8,Anna Nagar,3.7,40.45,63.79,84.7,9,13.0
2024,7,8,Anna Nagar,14.67,29.05,82.39,92.18,1,9.0
2024,8,8,Anna Nagar,58.21,29.62,87.99,85.11,1,1.0
2024,9,8,Anna Nagar,34.47,32.07,80.99,83.7,1,1.0
2024,10,8,Anna Nagar,171.56,25.19,72.51,82.27,3,1.0
2024,11,8,Anna Nagar,439.95,25.86,52.62,75.43,9,3.0
2024,12,8,Anna Nagar,398.32,25.71,63.3,79.87,4,9.0
2015,1,9,Teynampet,355.36,27.19,56.03,65.32,44,9.0
2015,2,9,Teynampet,54.86,32.5,81.33,81.39,11,44.0
2015,3,9,Teynampet,49.76,29.35,79.39,78.78,4,11.0
2015,4,9,Teynampet,16.49,37.53,67.91,74.73,19,4.0
2015,5,9,Teynampet,23.17,38.16,68.04,79.35,22,19.0
2015,6,9,Teynampet,19.38,38.57,71.17,82.28,9,22.0
2015,7,9,Teynampet,52.32,28.64,78.97,85.97,1,9.0
2015,8,9,Teynampet,21.1,29.16,81.72,78.2,0,1.0
2015,9,9,Teynampet,32.3,28.93,80.42,86.73,5,0.0
2015,10,9,Teynampet,307.53,26.9,63.27,74.74,30,5.0
2015,11,9,Teynampet,785.46,28.22,28.9,66.7,77,30.0
2015,12,9,Teynampet,885.7,24.9,20.88,66.93,110,77.0
2016,1,9,Teynampet,183.14,25.87,63.52,76.76,44,110.0
2016,2,9,Teynampet,14.28,32.47,76.92,81.23,10,44.0
2016,3,9,Teynampet,44.75,32.92,77.39,79.42,2,10.0
2016,4,9,Teynampet,5.92,41.1,56.57,82.93,22,2.0
2016,5,9,Teynampet,10.87,36.68,67.21,86.19,9,22.0
2016,6,9,Teynampet,16.16,37.98,69.62,85.69,10,9.0
2016,7,9,Teynampet,14.83,29.21,75.12,82.69,3,10.0
2016,8,9,Teynampet,14.01,29.77,84.42,84.69,3,3.0
2016,9,9,Teynampet,39.02,28.7,79.44,84.26,4,3.0
2016,10,9,Teynampet,442.64,27.02,51.97,70.65,25,4.0
2016,11,9,Teynampet,232.68,25.69,60.73,76.94,17,25.0
2016,12,9,Teynampet,266.92,27.59,63.61,77.19,9,17.0
2017,1,9,Teynampet,206.03,25.63,69.43,67.69,13,9.0
2017,2,9,Teynampet,59.02,28.34,80.19,79.79,5,13.0
2017,3,9,Teynampet,34.55,32.64,76.05,85.64,2,5.0
2017,4,9,Teynampet,25.65,41.06,54.58,79.55,9,2.0
2017,5,9,Teynampet,12.34,35.04,75.48,85.73,3,9.0
2017,6,9,Teynampet,3.89,36.05,75.58,76.85,2,3.0
2017,7,9,Teynampet,32.45,29.19,75.5,85.25,0,2.0
2017,8,9,Teynampet,51.33,32.0,76.04,83.77,1,0.0
2017,9,9,Teynampet,52.21,30.42,80.14,81.08,2,1.0
2017,10,9,Teynampet,180.5,26.06,69.69,78.86,3,2.0
2017,11,9,Teynampet,240.71,27.64,60.13,65.2,14,3.0
2017,12,9,Teynampet,357.03,25.04,56.72,78.37,17,14.0
2018,1,9,Teynampet,144.43,24.62,67.83,71.4,18,17.0
2018,2,9,Teynampet,33.58,28.46,81.26,83.51,4,18.0
2018,3,9,Teynampet,45.25,31.71,81.78,80.52,2,4.0
2018,4,9,Teynampet,12.1,35.88,72.74,82.18,0,2.0
2018,5,9,Teynampet,8.94,34.72,72.91,78.28,0,0.0
2018,6,9,Teynampet,9.66,38.48,68.24,78.06,5,0.0
2018,7,9,Teynampet,44.16,32.66,80.76,79.26,4,5.0
2018,8,9,Teynampet,37.49,30.09,83.78,80.04,2,4.0
2018,9,9,Teynampet,29.23,29.73,79.32,85.82,3,2.0
2018,10,9,Teynampet,331.81,27.05,54.44,71.37,12,3.0
2018,11,9,Teynampet,395.31,26.19,54.11,70.49,18,12.0
2018,12,9,Teynampet,411.84,26.85,57.46,66.31,19,18.0
2019,1,9,Teynampet,403.45,27.35,52.98,70.56,19,19.0
2019,2,9,Teynampet,37.1,30.3,79.99,78.72,6,19.0
2019,3,9,Teynampet,45.12,31.29,84.89,80.65,1,6.0
2019,4,9,Teynampet,11.36,40.75,61.27,83.45,10,1.0
2019,5,9,Teynampet,7.4,37.68,69.54,82.28,5,10.0
2019,6,9,Teynampet,2.26,36.0,77.87,79.25,1,5.0
2019,7,9,Teynampet,53.25,29.6,76.78,80.39,1,1.0
2019,8,9,Teynampet,46.84,30.27,84.89,78.55,2,1.0
2019,9,9,Teynampet,26.0,30.11,77.3,80.0,0,2.0
2019,10,9,Teynampet,184.44,25.04,70.76,73.29,3,0.0
2019,11,9,Teynampet,197.35,25.62,64.67,68.16,11,3.0
2019,12,9,Teynampet,293.32,24.25,62.65,77.01,3,11.0
2020,1,9,Teynampet,127.54,26.64,72.39,69.86,8,3.0
2020,2,9,Teynampet,29.86,29.68,80.69,86.61,0,8.0
2020,3,9,Teynampet,55.2,29.6,81.7,79.88,2,0.0
2020,4,9,Teynampet,29.57,38.43,61.76,80.83,8,2.0
2020,5,9,Teynampet,12.32,35.85,71.41,77.87,1,8.0
2020,6,9,Teynampet,27.18,38.13,71.83,84.81,3,1.0
2020,7,9,Teynampet,15.28,31.42,81.61,87.51,1,3.0
2020,8,9,Teynampet,19.56,30.04,84.37,81.77,2,1.0
2020,9,9,Teynampet,44.81,29.03,79.41,78.65,1,2.0
2020,10,9,Teynampet,169.68,26.94,72.31,81.97,1,1.0
2020,11,9,Teynampet,123.48,26.97,75.05,66.98,11,1.0
2020,12,9,Teynampet,150.29,27.55,66.42,67.76,18,11.0
2021,1,9,Teynampet,143.02,25.02,73.92,72.44,9,18.0
2021,2,9,Teynampet,40.76,32.14,76.58,83.94,2,9.0
2021,3,9,Teynampet,29.86,30.86,84.53,83.17,2,2.0
2021,4,9,Teynampet,25.66,34.26,76.97,79.62,2,2.0
2021,5,9,Teynampet,7.95,37.96,68.17,81.25,3,2.0
2021,6,9,Teynampet,21.03,36.33,70.99,83.77,1,3.0
2021,7,9,Teynampet,17.28,28.17,79.7,87.54,0,1.0
2021,8,9,Teynampet,20.96,31.53,82.83,82.55,2,0.0
2021,9,9,Teynampet,20.56,30.51,75.2,80.53,1,2.0
2021,10,9,Teynampet,158.98,24.15,73.48,70.69,4,1.0
2021,11,9,Teynampet,444.71,28.39,51.95,67.5,23,4.0
2021,12,9,Teynampet,198.08,24.27,65.97,67.34,13,23.0
2022,1,9,Teynampet,316.68,24.72,53.96,70.94,20,13.0
2022,2,9,Teynampet,39.53,31.05,76.54,85.94,6,20.0
2022,3,9,Teynampet,52.91,29.55,84.71,79.18,1,6.0
2022,4,9,Teynampet,5.65,36.28,77.7,78.09,2,1.0
2022,5,9,Teynampet,8.74,36.98,72.02,80.56,1,2.0
2022,6,9,Teynampet,0.61,38.98,63.17,77.89,8,1.0
2022,7,9,Teynampet,28.41,28.23,78.0,83.31,2,8.0
2022,8,9,Teynampet,40.32,31.78,84.02,87.15,2,2.0
2022,9,9,Teynampet,57.71,28.71,82.08,78.68,0,2.0
2022,10,9,Teynampet,303.39,26.53,55.97,73.18,6,0.0
2022,11,9,Teynampet,175.68,24.35,70.85,68.4,14,6.0
2022,12,9,Teynampet,161.25,28.45,73.75,76.9,11,14.0
2023,1,9,Teynampet,144.6,26.73,72.14,67.38,20,11.0
2023,2,9,Teynampet,16.2,30.5,78.37,80.96,4,20.0
2023,3,9,Teynampet,22.12,31.87,80.29,87.28,5,4.0
2023,4,9,Teynampet,3.41,34.91,79.89,82.34,0,5.0
2023,5,9,Teynampet,3.4,34.27,76.3,87.18,5,0.0
2023,6,9,Teynampet,24.92,36.84,74.88,77.09,5,5.0
2023,7,9,Teynampet,44.08,29.75,77.13,81.74,1,5.0
2023,8,9,Teynampet,20.43,31.83,84.48,85.17,3,1.0
2023,9,9,Teynampet,19.05,31.99,79.57,81.28,1,3.0
2023,10,9,Teynampet,231.42,24.55,61.31,73.21,21,1.0
2023,11,9,Teynampet,532.67,25.55,41.65,76.57,36,21.0
2023,12,9,Teynampet,808.48,27.27,30.55,67.34,64,36.0
2024,1,9,Teynampet,125.44,26.84,75.14,77.37,20,64.0
2024,2,9,Teynampet,26.19,29.1,84.71,85.27,4,20.0
2024,3,9,Teynampet,56.75,29.46,80.21,81.91,4,4.0
2024,4,9,Teynampet,10.41,38.31,64.25,81.97,5,4.0
2024,5,9,Teynampet,22.89,35.35,71.81,84.31,2,5.0
2024,6,9,Teynampet,17.97,35.93,69.94,75.9,5,2.0
2024,7,9,Teynampet,36.62,32.49,84.98,85.53,4,5.0
2024,8,9,Teynampet,27.37,32.66,76.46,84.32,1,4.0
2024,9,9,Teynampet,46.2,30.83,79.68,86.88,5,1.0
2024,10,9,Teynampet,117.09,28.39,68.68,72.42,8,5.0
2024,11,9,Teynampet,444.9,25.7,54.4,75.73,17,8.0
2024,12,9,Teynampet,246.63,27.9,68.38,71.26,12,17.0
2015,1,10,Kodambakkam,296.45,27.85,58.46,70.34,30,11.0
2015,2,10,Kodambakkam,54.86,32.44,80.8,82.42,4,30.0
2015,3,10,Kodambakkam,18.66,28.78,75.5,81.49,2,4.0
2015,4,10,Kodambakkam,2.52,39.61,64.4,82.7,9,2.0
2015,5,10,Kodambakkam,4.02,34.23,78.51,79.27,1,9.0
2015,6,10,Kodambakkam,4.59,35.97,68.96,78.05,5,1.0
2015,7,10,Kodambakkam,46.11,31.6,79.41,82.94,2,5.0
2015,8,10,Kodambakkam,50.0,28.89,79.53,78.38,0,2.0
2015,9,10,Kodambakkam,34.47,29.11,82.88,85.44,0,0.0
2015,10,10,Kodambakkam,383.33,27.28,48.31,69.58,38,0.0
2015,11,10,Kodambakkam,458.65,24.63,46.73,66.15,57,38.0
2015,12,10,Kodambakkam,579.62,26.96,38.27,79.06,54,57.0
2016,1,10,Kodambakkam,262.22,25.9,60.71,67.16,29,54.0
2016,2,10,Kodambakkam,13.47,30.6,73.68,84.0,13,29.0
2016,3,10,Kodambakkam,44.61,28.31,78.09,85.97,6,13.0
2016,4,10,Kodambakkam,22.65,37.68,69.23,79.55,6,6.0
2016,5,10,Kodambakkam,8.96,41.53,54.72,83.43,23,6.0
2016,6,10,Kodambakkam,27.45,38.26,67.17,83.14,11,23.0
2016,7,10,Kodambakkam,47.16,28.24,82.03,84.52,4,11.0
2016,8,10,Kodambakkam,41.8,32.57,79.13,84.74,1,4.0
2016,9,10,Kodambakkam,38.47,31.1,75.01,79.95,0,1.0
2016,10,10,Kodambakkam,257.27,26.93,56.57,71.58,12,0.0
2016,11,10,Kodambakkam,285.83,26.98,58.59,80.54,13,12.0
2016,12,10,Kodambakkam,370.07,26.49,48.42,74.45,30,13.0
2017,1,10,Kodambakkam,433.28,24.21,50.13,71.31,25,30.0
2017,2,10,Kodambakkam,27.33,29.99,75.64,78.05,7,25.0
2017,3,10,Kodambakkam,17.97,28.8,73.7,77.86,5,7.0
2017,4,10,Kodambakkam,26.32,37.12,73.33,73.96,4,5.0
2017,5,10,Kodambakkam,0.43,40.11,62.28,73.27,15,4.0
2017,6,10,Kodambakkam,10.28,40.92,53.08,80.07,14,15.0
2017,7,10,Kodambakkam,40.42,29.41,74.73,79.8,5,14.0
2017,8,10,Kodambakkam,59.03,29.07,73.67,81.95,1,5.0
2017,9,10,Kodambakkam,23.6,28.03,82.78,85.66,2,1.0
2017,10,10,Kodambakkam,358.28,25.8,51.82,65.1,19,2.0
2017,11,10,Kodambakkam,189.07,24.06,68.91,75.17,8,19.0
2017,12,10,Kodambakkam,220.92,28.02,59.06,71.26,17,8.0
2018,1,10,Kodambakkam,233.75,26.77,57.46,76.94,14,17.0
2018,2,10,Kodambakkam,53.08,30.89,81.91,81.97,6,14.0
2018,3,10,Kodambakkam,45.87,30.38,81.49,79.83,2,6.0
2018,4,10,Kodambakkam,9.23,35.93,67.89,76.7,7,2.0
2018,5,10,Kodambakkam,9.23,41.41,60.43,77.25,13,7.0
2018,6,10,Kodambakkam,21.78,34.97,75.41,80.13,5,13.0
2018,7,10,Kodambakkam,54.96,31.12,74.31,79.1,3,5.0
2018,8,10,Kodambakkam,58.59,30.56,75.91,80.69,2,3.0
2018,9,10,Kodambakkam,50.5,29.19,75.24,81.05,1,2.0
2018,10,10,Kodambakkam,266.05,25.67,64.15,70.9,5,1.0
2018,11,10,Kodambakkam,165.31,24.94,62.55,75.04,3,5.0
2018,12,10,Kodambakkam,442.98,28.93,45.9,72.12,9,3.0
2019,1,10,Kodambakkam,448.48,26.4,48.76,75.31,18,9.0
2019,2,10,Kodambakkam,53.62,31.07,74.57,85.62,7,18.0
2019,3,10,Kodambakkam,15.68,28.02,82.99,84.02,2,7.0
2019,4,10,Kodambakkam,13.91,35.39,69.01,78.32,5,2.0
2019,5,10,Kodambakkam,29.72,36.22,69.63,77.92,5,5.0
2019,6,10,Kodambakkam,24.15,41.74,54.73,75.52,15,5.0
2019,7,10,Kodambakkam,26.03,28.67,75.96,81.72,7,15.0
2019,8,10,Kodambakkam,25.8,31.65,81.75,85.39,4,7.0
2019,9,10,Kodambakkam,42.17,29.31,73.52,78.31,5,4.0
2019,10,10,Kodambakkam,127.49,25.78,70.01,71.69,7,5.0
2019,11,10,Kodambakkam,426.76,27.6,46.74,67.89,18,7.0
2019,12,10,Kodambakkam,382.06,24.4,51.39,73.93,15,18.0
2020,1,10,Kodambakkam,248.33,27.25,64.55,76.12,9,15.0
2020,2,10,Kodambakkam,13.63,32.25,75.13,82.69,2,9.0
2020,3,10,Kodambakkam,25.66,28.89,82.02,79.97,1,2.0
2020,4,10,Kodambakkam,24.3,34.7,80.04,74.92,2,1.0
2020,5,10,Kodambakkam,18.82,36.53,67.34,74.59,3,2.0
2020,6,10,Kodambakkam,20.65,35.76,75.55,81.65,4,3.0
2020,7,10,Kodambakkam,54.21,32.31,77.43,81.86,3,4.0
2020,8,10,Kodambakkam,12.93,29.53,74.58,77.74,1,3.0
2020,9,10,Kodambakkam,55.15,32.32,77.65,83.44,4,1.0
2020,10,10,Kodambakkam,107.75,27.2,68.52,68.93,11,4.0
2020,11,10,Kodambakkam,194.0,28.31,66.84,72.03,10,11.0
2020,12,10,Kodambakkam,312.18,25.68,55.34,66.01,16,10.0
2021,1,10,Kodambakkam,407.49,25.51,49.12,68.41,18,16.0
2021,2,10,Kodambakkam,59.0,29.97,75.27,77.71,7,18.0
2021,3,10,Kodambakkam,25.75,30.88,82.51,84.59,1,7.0
2021,4,10,Kodambakkam,0.17,37.43,63.84,80.72,3,1.0
2021,5,10,Kodambakkam,10.54,36.12,73.73,77.93,1,3.0
2021,6,10,Kodambakkam,21.46,35.37,71.27,79.28,1,1.0
2021,7,10,Kodambakkam,57.31,31.67,79.37,82.45,1,1.0
2021,8,10,Kodambakkam,29.91,30.9,82.48,76.69,2,1.0
2021,9,10,Kodambakkam,23.23,30.57,78.73,85.26,4,2.0
2021,10,10,Kodambakkam,110.34,26.17,74.34,74.27,3,4.0
2021,11,10,Kodambakkam,296.95,24.5,54.61,64.03,17,3.0
2021,12,10,Kodambakkam,391.87,26.77,51.62,68.76,28,17.0
2022,1,10,Kodambakkam,442.39,28.37,43.96,75.87,33,28.0
2022,2,10,Kodambakkam,30.91,30.8,74.87,80.48,9,33.0
2022,3,10,Kodambakkam,21.55,28.23,80.05,84.5,5,9.0
2022,4,10,Kodambakkam,13.68,34.57,73.72,79.26,0,5.0
2022,5,10,Kodambakkam,25.0,39.64,64.96,80.12,5,0.0
2022,6,10,Kodambakkam,2.43,41.0,56.04,78.73,15,5.0
2022,7,10,Kodambakkam,50.96,32.98,76.3,79.82,9,15.0
2022,8,10,Kodambakkam,29.19,28.71,80.1,82.61,0,9.0
2022,9,10,Kodambakkam,35.44,30.32,82.52,85.45,3,0.0
2022,10,10,Kodambakkam,245.57,25.53,60.39,69.32,13,3.0
2022,11,10,Kodambakkam,383.52,26.41,51.67,71.59,28,13.0
2022,12,10,Kodambakkam,217.85,24.72,67.53,69.04,13,28.0
2023,1,10,Kodambakkam,354.84,27.33,58.05,68.08,34,13.0
2023,2,10,Kodambakkam,58.74,31.41,77.17,83.02,10,34.0
2023,3,10,Kodambakkam,54.3,32.24,75.11,82.24,2,10.0
2023,4,10,Kodambakkam,25.57,38.81,65.27,72.95,23,2.0
2023,5,10,Kodambakkam,9.44,38.49,67.77,83.15,16,23.0
2023,6,10,Kodambakkam,21.44,38.22,63.47,77.24,25,16.0
2023,7,10,Kodambakkam,51.51,32.27,75.2,76.65,14,25.0
2023,8,10,Kodambakkam,13.77,28.16,79.95,80.38,5,14.0
2023,9,10,Kodambakkam,43.09,30.75,74.22,77.13,3,5.0
2023,10,10,Kodambakkam,329.82,28.59,52.94,69.7,43,3.0
2023,11,10,Kodambakkam,707.92,25.46,32.87,76.53,75,43.0
2023,12,10,Kodambakkam,513.6,24.02,48.45,74.52,56,75.0
2024,1,10,Kodambakkam,165.07,24.02,67.55,74.16,22,56.0
2024,2,10,Kodambakkam,51.77,31.08,79.34,81.41,8,22.0
2024,3,10,Kodambakkam,28.91,31.74,82.13,83.55,2,8.0
2024,4,10,Kodambakkam,10.69,38.81,62.62,77.51,7,2.0
2024,5,10,Kodambakkam,28.38,39.7,60.91,77.04,6,7.0
2024,6,10,Kodambakkam,18.74,41.7,54.52,79.22,9,6.0
2024,7,10,Kodambakkam,30.1,31.23,76.51,78.73,2,9.0
2024,8,10,Kodambakkam,26.3,30.81,74.87,84.01,2,2.0
2024,9,10,Kodambakkam,56.3,28.12,73.52,85.59,2,2.0
2024,10,10,Kodambakkam,146.3,24.57,66.31,78.21,5,2.0
2024,11,10,Kodambakkam,283.43,28.57,56.73,63.39,8,5.0
2024,12,10,Kodambakkam,356.85,28.97,54.77,67.66,12,8.0
2015,1,11,Valasaravakkam,417.65,25.25,49.71,66.18,34,14.0
2015,2,11,Valasaravakkam,15.07,31.32,70.05,74.61,22,34.0
2015,3,11,Valasaravakkam,57.74,31.69,75.54,79.12,4,22.0
2015,4,11,Valasaravakkam,29.6,36.99,69.15,80.62,10,4.0
2015,5,11,Valasaravakkam,0.44,36.8,65.51,74.43,30,10.0
2015,6,11,Valasaravakkam,12.31,41.86,50.4,82.13,56,30.0
2015,7,11,Valasaravakkam,19.08,32.54,75.83,77.01,19,56.0
2015,8,11,Valasaravakkam,22.16,31.61,78.56,81.3,5,19.0
2015,9,11,Valasaravakkam,45.28,32.63,71.81,78.68,10,5.0
2015,10,11,Valasaravakkam,353.2,26.48,48.66,74.02,28,10.0
2015,11,11,Valasaravakkam,534.5,27.99,38.92,65.01,49,28.0
2015,12,11,Valasaravakkam,786.74,24.65,22.09,60.66,76,49.0
2016,1,11,Valasaravakkam,303.06,26.67,57.44,70.05,47,76.0
2016,2,11,Valasaravakkam,38.11,32.79,71.75,79.9,12,47.0
2016,3,11,Valasaravakkam,54.33,30.25,71.95,76.68,6,12.0
2016,4,11,Valasaravakkam,3.95,39.81,54.71,73.97,22,6.0
2016,5,11,Valasaravakkam,24.08,37.67,60.34,71.39,26,22.0
2016,6,11,Valasaravakkam,27.18,36.22,64.76,70.1,23,26.0
2016,7,11,Valasaravakkam,21.98,31.97,70.35,78.83,11,23.0
2016,8,11,Valasaravakkam,55.12,28.33,75.34,74.42,2,11.0
2016,9,11,Valasaravakkam,33.78,30.72,72.28,82.64,4,2.0
2016,10,11,Valasaravakkam,387.89,28.02,49.34,63.9,28,4.0
2016,11,11,Valasaravakkam,209.15,27.87,61.27,70.03,15,28.0
2016,12,11,Valasaravakkam,322.03,25.11,57.01,72.07,12,15.0
2017,1,11,Valasaravakkam,135.88,26.57,64.63,72.24,14,12.0
2017,2,11,Valasaravakkam,57.57,29.49,70.92,78.99,3,14.0
2017,3,11,Valasaravakkam,25.49,29.25,75.15,78.36,1,3.0
2017,4,11,Valasaravakkam,29.92,38.47,58.78,74.9,10,1.0
2017,5,11,Valasaravakkam,16.9,39.0,60.88,74.49,12,10.0
2017,6,11,Valasaravakkam,24.11,35.1,71.76,71.54,7,12.0
2017,7,11,Valasaravakkam,43.87,30.83,79.29,76.87,1,7.0
2017,8,11,Valasaravakkam,42.94,30.66,71.03,74.73,7,1.0
2017,9,11,Valasaravakkam,43.55,32.03,79.47,77.0,3,7.0
2017,10,11,Valasaravakkam,302.23,28.33,54.53,71.3,11,3.0
2017,11,11,Valasaravakkam,210.22,24.48,65.86,70.67,14,11.0
2017,12,11,Valasaravakkam,203.71,24.72,60.75,72.44,15,14.0
2018,1,11,Valasaravakkam,271.38,26.08,55.26,69.53,16,15.0
2018,2,11,Valasaravakkam,19.93,29.23,73.06,78.55,4,16.0
2018,3,11,Valasaravakkam,19.46,31.6,75.11,79.04,4,4.0
2018,4,11,Valasaravakkam,3.2,41.63,50.09,75.68,14,4.0
2018,5,11,Valasaravakkam,26.53,38.43,58.66,71.99,22,14.0
2018,6,11,Valasaravakkam,27.68,40.1,53.63,76.71,20,22.0
2018,7,11,Valasaravakkam,25.05,28.92,77.56,77.74,4,20.0
2018,8,11,Valasaravakkam,16.45,29.49,77.8,77.72,1,4.0
2018,9,11,Valasaravakkam,42.41,30.56,74.46,82.67,2,1.0
2018,10,11,Valasaravakkam,163.62,26.52,61.67,69.41,12,2.0
2018,11,11,Valasaravakkam,386.82,25.63,50.18,67.25,19,12.0
2018,12,11,Valasaravakkam,418.57,25.91,46.4,66.07,18,19.0
2019,1,11,Valasaravakkam,351.54,26.93,48.49,67.72,20,18.0
2019,2,11,Valasaravakkam,32.75,31.77,71.32,78.47,6,20.0
2019,3,11,Valasaravakkam,17.56,29.42,73.76,80.56,1,6.0
2019,4,11,Valasaravakkam,25.55,35.25,74.67,73.13,2,1.0
2019,5,11,Valasaravakkam,26.66,36.63,67.22,80.83,2,2.0
2019,6,11,Valasaravakkam,4.33,37.54,64.61,77.19,4,2.0
2019,7,11,Valasaravakkam,16.52,29.73,78.08,75.46,0,4.0
2019,8,11,Valasaravakkam,29.92,29.58,74.67,75.86,2,0.0
2019,9,11,Valasaravakkam,20.77,29.46,71.73,76.79,4,2.0
2019,10,11,Valasaravakkam,333.35,25.42,53.64,66.6,18,4.0
2019,11,11,Valasaravakkam,136.39,28.81,63.61,67.33,14,18.0
2019,12,11,Valasaravakkam,437.37,27.21,45.14,76.52,14,14.0
2020,1,11,Valasaravakkam,156.87,28.48,62.04,61.8,22,14.0
2020,2,11,Valasaravakkam,16.49,30.78,79.46,77.15,7,22.0
2020,3,11,Valasaravakkam,26.03,31.72,79.71,77.38,4,7.0
2020,4,11,Valasaravakkam,4.92,39.89,56.97,77.49,11,4.0
2020,5,11,Valasaravakkam,28.21,41.14,54.03,76.86,19,11.0
2020,6,11,Valasaravakkam,8.22,36.52,65.18,74.51,15,19.0
2020,7,11,Valasaravakkam,19.55,30.2,75.85,81.16,4,15.0
2020,8,11,Valasaravakkam,37.89,29.9,75.07,78.63,1,4.0
2020,9,11,Valasaravakkam,57.05,30.43,74.63,80.85,2,1.0
2020,10,11,Valasaravakkam,430.74,24.71,45.1,71.14,28,2.0
2020,11,11,Valasaravakkam,194.49,27.84,59.25,63.79,24,28.0
2020,12,11,Valasaravakkam,249.81,27.29,53.47,70.55,25,24.0
2021,1,11,Valasaravakkam,243.75,27.6,63.19,63.3,20,25.0
2021,2,11,Valasaravakkam,29.5,32.32,79.29,76.03,7,20.0
2021,3,11,Valasaravakkam,20.06,32.61,78.53,80.75,2,7.0
2021,4,11,Valasaravakkam,28.62,40.51,50.62,77.82,27,2.0
2021,5,11,Valasaravakkam,24.15,36.96,68.38,71.85,22,27.0
2021,6,11,Valasaravakkam,29.12,39.73,56.0,75.87,22,22.0
2021,7,11,Valasaravakkam,35.24,31.49,75.87,81.33,7,22.0
2021,8,11,Valasaravakkam,11.2,29.57,78.2,78.54,2,7.0
2021,9,11,Valasaravakkam,16.54,31.38,75.6,80.9,4,2.0
2021,10,11,Valasaravakkam,449.83,28.18,48.24,60.1,17,4.0
2021,11,11,Valasaravakkam,316.77,25.16,56.45,77.84,18,17.0
2021,12,11,Valasaravakkam,246.46,25.72,58.15,68.21,12,18.0
2022,1,11,Valasaravakkam,144.78,28.99,67.59,74.49,10,12.0
2022,2,11,Valasaravakkam,42.09,30.36,79.08,76.63,6,10.0
2022,3,11,Valasaravakkam,27.71,32.53,79.01,82.76,1,6.0
2022,4,11,Valasaravakkam,28.65,35.54,73.46,78.26,3,1.0
2022,5,11,Valasaravakkam,20.92,38.05,67.1,81.39,4,3.0
2022,6,11,Valasaravakkam,9.45,38.19,60.97,79.49,6,4.0
2022,7,11,Valasaravakkam,26.62,30.35,73.15,80.0,6,6.0
2022,8,11,Valasaravakkam,51.83,29.24,74.32,79.68,2,6.0
2022,9,11,Valasaravakkam,57.35,31.01,75.79,75.32,0,2.0
2022,10,11,Valasaravakkam,191.04,28.71,65.58,66.35,7,0.0
2022,11,11,Valasaravakkam,433.61,24.9,49.21,67.55,21,7.0
2022,12,11,Valasaravakkam,315.91,26.67,50.58,68.19,23,21.0
2023,1,11,Valasaravakkam,386.37,24.03,46.07,62.78,67,23.0
2023,2,11,Valasaravakkam,10.55,32.63,76.03,75.03,31,67.0
2023,3,11,Valasaravakkam,13.54,30.0,75.77,81.55,12,31.0
2023,4,11,Valasaravakkam,0.85,34.12,72.16,76.65,11,12.0
2023,5,11,Valasaravakkam,2.99,40.21,51.75,74.78,48,11.0
2023,6,11,Valasaravakkam,13.68,35.65,69.58,78.81,19,48.0
2023,7,11,Valasaravakkam,29.67,28.32,72.26,80.93,8,19.0
2023,8,11,Valasaravakkam,51.03,30.26,76.04,81.96,3,8.0
2023,9,11,Valasaravakkam,38.01,28.42,79.04,82.07,5,3.0
2023,10,11,Valasaravakkam,259.25,24.75,55.5,72.93,38,5.0
2023,11,11,Valasaravakkam,401.75,24.14,45.21,60.37,58,38.0
2023,12,11,Valasaravakkam,484.92,24.53,47.65,60.57,50,58.0
2024,1,11,Valasaravakkam,319.83,28.2,57.23,73.27,19,50.0
2024,2,11,Valasaravakkam,19.88,30.4,78.88,78.66,5,19.0
2024,3,11,Valasaravakkam,38.81,32.16,71.88,80.85,3,5.0
2024,4,11,Valasaravakkam,16.14,40.25,56.08,81.11,13,3.0
2024,5,11,Valasaravakkam,7.41,41.82,50.68,70.53,26,13.0
2024,6,11,Valasaravakkam,8.37,35.29,67.44,77.86,12,26.0
2024,7,11,Valasaravakkam,48.46,31.61,79.64,82.31,6,12.0
2024,8,11,Valasaravakkam,32.75,31.74,72.82,73.2,13,6.0
2024,9,11,Valasaravakkam,15.96,28.4,71.57,75.5,8,13.0
2024,10,11,Valasaravakkam,150.11,28.73,60.44,59.64,15,8.0
2024,11,11,Valasaravakkam,104.76,26.06,67.07,67.67,16,15.0
2024,12,11,Valasaravakkam,195.11,27.84,64.78,65.78,14,16.0
2015,1,12,Alandur,156.43,28.65,70.91,73.63,18,10.0
2015,2,12,Alandur,42.6,29.12,82.12,80.37,7,18.0
2015,3,12,Alandur,15.8,28.23,75.41,86.55,2,7.0
2015,4,12,Alandur,14.06,34.45,74.82,83.9,4,2.0
2015,5,12,Alandur,15.42,40.27,62.41,84.64,30,4.0
2015,6,12,Alandur,7.74,35.37,80.19,80.22,8,30.0
2015,7,12,Alandur,17.67,30.93,80.06,84.11,0,8.0
2015,8,12,Alandur,14.28,29.04,75.27,79.81,4,0.0
2015,9,12,Alandur,51.45,28.19,80.96,80.3,0,4.0
2015,10,12,Alandur,273.3,26.4,65.03,70.55,23,0.0
2015,11,12,Alandur,700.01,25.46,36.93,73.85,45,23.0
2015,12,12,Alandur,568.5,28.14,39.59,74.86,63,45.0
2016,1,12,Alandur,424.46,24.3,50.22,64.67,41,63.0
2016,2,12,Alandur,14.83,30.25,82.56,81.48,14,41.0
2016,3,12,Alandur,10.96,29.3,82.6,79.37,2,14.0
2016,4,12,Alandur,15.25,36.38,74.75,83.91,2,2.0
2016,5,12,Alandur,13.11,39.84,59.08,80.27,8,2.0
2016,6,12,Alandur,13.21,38.92,69.06,85.62,9,8.0
2016,7,12,Alandur,51.57,30.99,76.15,78.94,7,9.0
2016,8,12,Alandur,34.3,30.89,75.44,79.23,4,7.0
2016,9,12,Alandur,49.53,28.62,82.94,80.76,2,4.0
2016,10,12,Alandur,273.84,25.42,63.04,72.21,14,2.0
2016,11,12,Alandur,369.56,28.04,53.02,71.97,18,14.0
2016,12,12,Alandur,110.21,26.4,68.84,69.26,13,18.0
2017,1,12,Alandur,350.01,26.31,58.61,71.08,18,13.0
2017,2,12,Alandur,58.25,29.25,81.76,85.07,6,18.0
2017,3,12,Alandur,51.43,31.95,78.08,87.14,2,6.0
2017,4,12,Alandur,11.09,37.71,70.43,81.47,0,2.0
2017,5,12,Alandur,11.68,35.83,78.79,84.31,2,0.0
2017,6,12,Alandur,12.56,37.67,69.74,81.05,7,2.0
2017,7,12,Alandur,51.34,30.62,82.75,80.34,1,7.0
2017,8,12,Alandur,27.38,28.25,75.53,84.92,1,1.0
2017,9,12,Alandur,40.18,31.3,81.88,79.2,2,1.0
2017,10,12,Alandur,215.6,26.82,62.64,73.84,6,2.0
2017,11,12,Alandur,207.01,26.01,68.02,69.43,11,6.0
2017,12,12,Alandur,389.95,24.4,55.3,76.52,16,11.0
2018,1,12,Alandur,210.38,25.97,61.94,72.42,13,16.0
2018,2,12,Alandur,18.59,30.59,77.14,80.83,2,13.0
2018,3,12,Alandur,51.94,31.36,81.97,81.63,2,2.0
2018,4,12,Alandur,23.49,34.98,73.3,75.53,4,2.0
2018,5,12,Alandur,11.16,40.08,66.28,83.69,4,4.0
2018,6,12,Alandur,14.69,38.23,67.51,78.3,4,4.0
2018,7,12,Alandur,17.4,32.92,77.09,79.3,2,4.0
2018,8,12,Alandur,26.64,32.7,78.43,87.88,1,2.0
2018,9,12,Alandur,38.46,32.34,80.83,85.18,1,1.0
2018,10,12,Alandur,260.43,26.64,64.03,73.47,6,1.0
2018,11,12,Alandur,359.59,27.38,54.55,72.2,7,6.0
2018,12,12,Alandur,427.66,28.7,55.24,78.63,8,7.0
2019,1,12,Alandur,290.03,24.65,56.66,75.47,10,8.0
2019,2,12,Alandur,23.13,32.37,76.29,85.2,2,10.0
2019,3,12,Alandur,10.9,28.51,79.1,87.33,3,2.0
2019,4,12,Alandur,19.15,36.8,67.26,78.85,5,3.0
2019,5,12,Alandur,11.88,35.59,74.08,85.03,4,5.0
2019,6,12,Alandur,22.65,41.64,55.31,78.64,13,4.0
2019,7,12,Alandur,16.59,32.29,81.34,80.53,5,13.0
2019,8,12,Alandur,36.34,28.29,76.11,80.19,3,5.0
2019,9,12,Alandur,20.51,30.83,81.16,78.4,3,3.0
2019,10,12,Alandur,257.02,26.69,65.7,70.31,6,3.0
2019,11,12,Alandur,210.05,26.9,65.11,71.99,9,6.0
2019,12,12,Alandur,365.43,27.03,51.17,68.7,17,9.0
2020,1,12,Alandur,241.58,25.82,65.59,80.54,7,17.0
2020,2,12,Alandur,51.03,29.43,77.39,85.87,0,7.0
2020,3,12,Alandur,42.53,32.45,79.4,87.01,3,0.0
2020,4,12,Alandur,9.08,39.3,65.98,78.49,8,3.0
2020,5,12,Alandur,1.34,34.43,79.2,84.59,1,8.0
2020,6,12,Alandur,3.13,39.76,58.67,83.79,13,1.0
2020,7,12,Alandur,19.93,30.47,82.42,85.7,5,13.0
2020,8,12,Alandur,46.67,32.36,76.93,78.98,3,5.0
2020,9,12,Alandur,33.39,32.84,82.53,86.11,0,3.0
2020,10,12,Alandur,381.24,28.98,53.95,75.68,11,0.0
2020,11,12,Alandur,366.98,26.57,59.01,66.39,17,11.0
2020,12,12,Alandur,300.69,28.64,58.18,67.09,17,17.0
2021,1,12,Alandur,422.07,24.25,55.4,69.68,24,17.0
2021,2,12,Alandur,38.24,29.7,78.23,84.45,6,24.0
2021,3,12,Alandur,22.67,30.53,75.3,79.32,4,6.0
2021,4,12,Alandur,17.12,41.57,58.3,80.55,18,4.0
2021,5,12,Alandur,12.86,35.46,78.17,75.37,11,18.0
2021,6,12,Alandur,5.67,40.88,58.18,85.43,16,11.0
2021,7,12,Alandur,51.24,30.01,76.02,78.62,4,16.0
2021,8,12,Alandur,29.16,32.18,84.67,82.39,3,4.0
2021,9,12,Alandur,51.41,29.26,82.77,87.57,3,3.0
2021,10,12,Alandur,206.23,24.54,68.02,77.02,3,3.0
2021,11,12,Alandur,416.32,26.05,52.02,72.23,18,3.0
2021,12,12,Alandur,184.85,24.92,70.3,76.63,11,18.0
2022,1,12,Alandur,346.96,24.95,54.4,77.03,11,11.0
2022,2,12,Alandur,58.64,29.33,82.16,81.94,9,11.0
2022,3,12,Alandur,51.19,30.05,84.91,82.72,3,9.0
2022,4,12,Alandur,13.29,35.33,71.98,78.98,3,3.0
2022,5,12,Alandur,15.2,41.73,60.71,81.63,10,3.0
2022,6,12,Alandur,17.31,39.26,63.13,86.49,8,10.0
2022,7,12,Alandur,46.71,28.52,82.89,83.32,3,8.0
2022,8,12,Alandur,30.07,31.82,84.15,82.13,3,3.0
2022,9,12,Alandur,57.26,29.57,79.43,79.15,1,3.0
2022,10,12,Alandur,442.8,26.32,50.56,69.78,20,1.0
2022,11,12,Alandur,401.33,28.11,56.73,75.92,16,20.0
2022,12,12,Alandur,431.66,26.32,53.52,75.7,19,16.0
2023,1,12,Alandur,266.88,24.66,58.98,72.69,35,19.0
2023,2,12,Alandur,21.55,28.49,84.79,80.96,15,35.0
2023,3,12,Alandur,21.91,32.26,80.57,80.07,5,15.0
2023,4,12,Alandur,20.2,38.77,60.83,77.3,24,5.0
2023,5,12,Alandur,27.72,34.62,80.21,76.65,10,24.0
2023,6,12,Alandur,28.22,39.31,67.35,77.24,19,10.0
2023,7,12,Alandur,52.0,32.03,75.17,79.87,9,19.0
2023,8,12,Alandur,23.05,29.39,84.09,84.49,1,9.0
2023,9,12,Alandur,20.89,29.64,81.28,79.73,1,1.0
2023,10,12,Alandur,280.83,25.13,65.05,74.17,15,1.0
2023,11,12,Alandur,712.17,25.19,36.78,76.12,56,15.0
2023,12,12,Alandur,502.41,25.51,49.25,78.12,50,56.0
2024,1,12,Alandur,424.28,24.16,49.85,75.03,33,50.0
2024,2,12,Alandur,34.67,29.48,78.26,87.61,11,33.0
2024,3,12,Alandur,51.64,28.1,76.12,87.91,3,11.0
2024,4,12,Alandur,4.0,35.63,73.05,74.38,2,3.0
2024,5,12,Alandur,5.68,35.69,77.79,78.36,0,2.0
2024,6,12,Alandur,4.39,35.12,81.5,76.05,2,0.0
2024,7,12,Alandur,19.76,31.0,78.32,78.09,1,2.0
2024,8,12,Alandur,25.17,31.91,77.97,83.63,2,1.0
2024,9,12,Alandur,10.09,28.49,76.02,85.05,5,2.0
2024,10,12,Alandur,227.36,24.65,62.56,71.95,15,5.0
2024,11,12,Alandur,214.91,28.35,62.86,66.26,17,15.0
2024,12,12,Alandur,236.79,28.21,66.19,71.59,16,17.0
2015,1,13,Adyar,412.4,26.7,61.47,73.11,19,6.0
2015,2,13,Adyar,23.26,29.22,89.73,86.93,8,19.0
2015,3,13,Adyar,34.58,30.37,81.73,87.34,3,8.0
2015,4,13,Adyar,26.06,35.79,74.76,87.88,0,3.0
2015,5,13,Adyar,27.8,37.94,72.78,91.51,3,0.0
2015,6,13,Adyar,18.32,36.31,74.62,84.91,1,3.0
2015,7,13,Adyar,53.61,32.66,85.65,89.97,2,1.0
2015,8,13,Adyar,22.97,29.9,85.9,85.68,3,2.0
2015,9,13,Adyar,13.85,31.48,83.4,90.25,0,3.0
2015,10,13,Adyar,193.46,28.39,73.69,78.53,7,0.0
2015,11,13,Adyar,471.25,26.49,55.61,77.41,27,7.0
2015,12,13,Adyar,418.34,27.68,56.86,79.8,34,27.0
2016,1,13,Adyar,199.71,25.54,72.08,73.08,17,34.0
2016,2,13,Adyar,56.36,29.17,83.99,84.52,8,17.0
2016,3,13,Adyar,22.06,32.88,88.02,92.6,1,8.0
2016,4,13,Adyar,13.85,34.07,87.04,91.68,0,1.0
2016,5,13,Adyar,19.71,41.65,57.61,85.48,11,0.0
2016,6,13,Adyar,0.38,38.48,73.76,89.27,2,11.0
2016,7,13,Adyar,31.73,31.87,86.02,91.93,3,2.0
2016,8,13,Adyar,44.62,30.15,86.73,85.75,2,3.0
2016,9,13,Adyar,33.13,32.9,84.83,91.64,2,2.0
2016,10,13,Adyar,100.05,26.56,76.09,84.6,0,2.0
2016,11,13,Adyar,281.29,25.74,61.26,77.28,10,0.0
2016,12,13,Adyar,447.64,24.22,53.87,74.31,27,10.0
2017,1,13,Adyar,382.47,24.98,57.86,84.33,18,27.0
2017,2,13,Adyar,17.74,32.72,87.37,91.83,5,18.0
2017,3,13,Adyar,35.28,32.71,88.76,84.03,2,5.0
2017,4,13,Adyar,6.53,39.29,64.17,88.62,9,2.0
2017,5,13,Adyar,29.87,41.85,64.5,86.9,9,9.0
2017,6,13,Adyar,5.85,37.92,73.18,84.12,5,9.0
2017,7,13,Adyar,58.07,31.34,89.33,85.65,2,5.0
2017,8,13,Adyar,40.7,29.26,85.78,86.59,3,2.0
2017,9,13,Adyar,21.13,29.54,85.46,87.17,1,3.0
2017,10,13,Adyar,411.47,28.96,54.67,82.71,9,1.0
2017,11,13,Adyar,108.99,25.42,78.9,82.07,1,9.0
2017,12,13,Adyar,429.31,24.62,61.09,71.02,10,1.0
2018,1,13,Adyar,422.85,24.36,55.31,83.02,7,10.0
2018,2,13,Adyar,42.47,31.34,87.99,92.33,0,7.0
2018,3,13,Adyar,30.39,32.43,80.47,92.61,2,0.0
2018,4,13,Adyar,28.66,35.98,75.76,87.24,0,2.0
2018,5,13,Adyar,6.81,39.95,66.38,81.83,8,0.0
2018,6,13,Adyar,13.13,36.21,76.83,89.54,4,8.0
2018,7,13,Adyar,38.27,28.11,80.34,87.46,2,4.0
2018,8,13,Adyar,54.56,30.3,87.1,92.84,0,2.0
2018,9,13,Adyar,32.9,29.97,88.67,85.44,3,0.0
2018,10,13,Adyar,136.51,24.73,76.18,73.9,3,3.0
2018,11,13,Adyar,400.51,28.81,55.14,72.77,14,3.0
2018,12,13,Adyar,231.36,27.13,72.81,78.89,4,14.0
2019,1,13,Adyar,177.16,24.82,77.45,81.04,2,4.0
2019,2,13,Adyar,49.45,29.17,86.39,85.36,2,2.0
2019,3,13,Adyar,15.42,32.38,87.83,84.68,4,2.0
2019,4,13,Adyar,24.81,38.5,73.63,81.26,4,4.0
2019,5,13,Adyar,7.87,37.49,79.01,89.88,2,4.0
2019,6,13,Adyar,10.69,39.58,67.14,84.4,1,2.0
2019,7,13,Adyar,44.71,28.08,83.73,86.52,1,1.0
2019,8,13,Adyar,31.32,29.67,83.16,90.74,0,1.0
2019,9,13,Adyar,26.03,28.47,84.27,84.29,3,0.0
2019,10,13,Adyar,270.48,28.39,71.27,77.57,3,3.0
2019,11,13,Adyar,362.4,24.48,65.76,80.94,3,3.0
2019,12,13,Adyar,276.42,26.72,71.06,83.59,1,3.0
2020,1,13,Adyar,248.46,26.23,71.69,80.31,2,1.0
2020,2,13,Adyar,28.47,30.53,85.6,90.29,2,2.0
2020,3,13,Adyar,59.18,31.34,80.44,86.27,1,2.0
2020,4,13,Adyar,11.75,39.71,69.13,82.53,4,1.0
2020,5,13,Adyar,6.3,37.15,74.54,82.92,3,4.0
2020,6,13,Adyar,22.7,36.06,74.22,87.93,2,3.0
2020,7,13,Adyar,46.56,29.21,81.72,88.3,2,2.0
2020,8,13,Adyar,16.29,30.95,85.25,85.03,3,2.0
2020,9,13,Adyar,33.39,31.23,88.3,83.49,2,3.0
2020,10,13,Adyar,177.05,25.41,69.91,82.3,3,2.0
2020,11,13,Adyar,359.11,26.71,59.54,77.91,12,3.0
2020,12,13,Adyar,360.42,26.52,63.21,85.38,16,12.0
2021,1,13,Adyar,356.36,28.67,60.63,71.88,21,16.0
2021,2,13,Adyar,37.84,31.31,85.92,90.36,4,21.0
2021,3,13,Adyar,47.04,31.92,87.63,90.23,1,4.0
2021,4,13,Adyar,15.03,39.5,69.34,88.13,2,1.0
2021,5,13,Adyar,20.22,38.33,74.62,79.37,5,2.0
2021,6,13,Adyar,20.51,34.16,84.4,87.45,5,5.0
2021,7,13,Adyar,12.54,29.11,82.74,88.48,1,5.0
2021,8,13,Adyar,21.55,31.72,85.32,91.09,2,1.0
2021,9,13,Adyar,27.65,31.18,87.51,89.79,1,2.0
2021,10,13,Adyar,331.47,25.45,61.21,78.16,7,1.0
2021,11,13,Adyar,210.85,25.29,71.78,79.92,4,7.0
2021,12,13,Adyar,320.64,25.51,67.51,80.08,6,4.0
2022,1,13,Adyar,181.46,26.46,75.02,75.07,2,6.0
2022,2,13,Adyar,28.52,28.1,85.24,88.05,3,2.0
2022,3,13,Adyar,54.78,32.01,81.4,90.77,2,3.0
2022,4,13,Adyar,16.65,36.3,80.73,88.02,0,2.0
2022,5,13,Adyar,14.14,40.95,60.44,90.1,11,0.0
2022,6,13,Adyar,22.2,37.59,76.61,82.89,5,11.0
2022,7,13,Adyar,11.52,30.17,85.7,91.77,4,5.0
2022,8,13,Adyar,32.01,31.98,86.1,84.11,1,4.0
2022,9,13,Adyar,51.7,28.7,88.87,90.3,1,1.0
2022,10,13,Adyar,290.75,25.12,65.46,81.88,2,1.0
2022,11,13,Adyar,192.19,24.02,68.19,80.59,2,2.0
2022,12,13,Adyar,299.76,27.86,62.63,72.07,8,2.0
2023,1,13,Adyar,110.57,24.53,82.04,70.28,8,8.0
2023,2,13,Adyar,11.05,30.33,82.39,89.9,1,8.0
2023,3,13,Adyar,29.8,32.92,88.08,84.6,1,1.0
2023,4,13,Adyar,11.3,39.03,67.24,83.7,14,1.0
2023,5,13,Adyar,18.04,39.37,68.76,90.95,10,14.0
2023,6,13,Adyar,16.07,35.84,79.75,83.39,2,10.0
2023,7,13,Adyar,35.82,31.96,84.33,87.68,3,2.0
2023,8,13,Adyar,17.78,31.15,87.35,91.6,2,3.0
2023,9,13,Adyar,21.65,30.94,89.23,90.48,3,2.0
2023,10,13,Adyar,380.11,27.12,56.83,76.66,37,3.0
2023,11,13,Adyar,484.2,27.64,52.83,77.1,50,37.0
2023,12,13,Adyar,884.77,24.87,26.27,76.68,71,50.0
2024,1,13,Adyar,249.42,28.91,72.34,74.55,20,71.0
2024,2,13,Adyar,25.42,31.4,85.65,87.36,8,20.0
2024,3,13,Adyar,47.64,31.29,85.81,88.3,2,8.0
2024,4,13,Adyar,7.11,35.88,83.56,89.68,2,2.0
2024,5,13,Adyar,13.94,39.98,64.24,91.36,10,2.0
2024,6,13,Adyar,26.28,38.19,70.51,83.93,9,10.0
2024,7,13,Adyar,52.14,29.29,82.85,92.6,1,9.0
2024,8,13,Adyar,51.47,31.01,81.87,88.42,1,1.0
2024,9,13,Adyar,35.49,28.88,88.06,91.88,3,1.0
2024,10,13,Adyar,406.21,27.53,58.15,79.64,8,3.0
2024,11,13,Adyar,368.13,26.23,59.97,82.03,6,8.0
2024,12,13,Adyar,233.4,27.89,73.33,76.54,5,6.0
2015,1,14,Perungudi,249.49,28.09,53.44,64.5,40,15.0
2015,2,14,Perungudi,11.22,31.23,71.77,82.4,14,40.0
2015,3,14,Perungudi,28.73,31.13,75.03,81.56,2,14.0
2015,4,14,Perungudi,26.73,38.22,58.07,73.57,35,2.0
2015,5,14,Perungudi,2.28,35.03,68.43,73.75,29,35.0
2015,6,14,Perungudi,10.1,35.08,76.67,75.91,17,29.0
2015,7,14,Perungudi,38.81,31.03,74.24,80.36,9,17.0
2015,8,14,Perungudi,24.72,32.74,77.64,74.4,9,9.0
2015,9,14,Perungudi,25.76,30.7,77.91,76.19,6,9.0
2015,10,14,Perungudi,408.3,28.36,51.04,69.0,37,6.0
2015,11,14,Perungudi,416.6,24.39,43.55,69.71,61,37.0
2015,12,14,Perungudi,502.92,24.56,37.04,70.61,87,61.0
2016,1,14,Perungudi,195.42,26.07,58.78,73.59,32,87.0
2016,2,14,Perungudi,51.3,31.91,77.09,73.36,11,32.0
2016,3,14,Perungudi,37.4,30.27,78.44,73.98,6,11.0
2016,4,14,Perungudi,12.04,40.4,56.35,79.31,18,6.0
2016,5,14,Perungudi,27.19,36.0,71.6,76.14,13,18.0
2016,6,14,Perungudi,25.75,40.55,57.44,73.44,22,13.0
2016,7,14,Perungudi,45.13,29.19,75.12,74.04,11,22.0
2016,8,14,Perungudi,49.92,32.11,78.58,82.17,3,11.0
2016,9,14,Perungudi,20.16,31.81,73.87,78.11,6,3.0
2016,10,14,Perungudi,393.77,24.02,51.16,68.69,14,6.0
2016,11,14,Perungudi,179.88,25.23,65.48,67.9,24,14.0
2016,12,14,Perungudi,224.99,27.94,60.64,69.08,23,24.0
2017,1,14,Perungudi,431.48,26.48,42.86,72.06,26,23.0
2017,2,14,Perungudi,39.15,29.27,74.5,82.58,6,26.0
2017,3,14,Perungudi,19.69,32.29,76.77,81.38,4,6.0
2017,4,14,Perungudi,20.13,38.96,56.81,71.24,20,4.0
2017,5,14,Perungudi,20.91,39.19,55.99,77.98,18,20.0
2017,6,14,Perungudi,22.87,35.01,76.49,73.77,9,18.0
2017,7,14,Perungudi,52.41,32.74,78.85,80.39,3,9.0
2017,8,14,Perungudi,28.13,32.03,73.28,75.09,2,3.0
2017,9,14,Perungudi,30.91,31.79,78.98,73.84,1,2.0
2017,10,14,Perungudi,311.1,27.41,53.55,65.01,17,1.0
2017,11,14,Perungudi,437.22,24.54,46.71,68.63,13,17.0
2017,12,14,Perungudi,443.88,24.43,43.21,61.18,22,13.0
2018,1,14,Perungudi,243.39,28.89,61.77,69.53,18,22.0
2018,2,14,Perungudi,17.69,32.43,74.59,78.65,8,18.0
2018,3,14,Perungudi,22.44,32.71,72.98,80.76,2,8.0
2018,4,14,Perungudi,15.35,40.16,60.63,76.52,9,2.0
2018,5,14,Perungudi,13.01,40.79,57.58,80.59,13,9.0
2018,6,14,Perungudi,14.24,36.69,62.05,73.93,15,13.0
2018,7,14,Perungudi,36.92,32.57,73.88,81.3,7,15.0
2018,8,14,Perungudi,14.83,31.6,72.82,74.84,1,7.0
2018,9,14,Perungudi,54.78,32.83,74.43,76.21,2,1.0
2018,10,14,Perungudi,319.12,24.38,49.22,69.45,9,2.0
2018,11,14,Perungudi,316.4,27.91,57.25,61.53,13,9.0
2018,12,14,Perungudi,418.35,25.35,52.1,61.92,15,13.0
2019,1,14,Perungudi,444.6,27.33,46.22,66.24,33,15.0
2019,2,14,Perungudi,53.33,30.97,71.27,77.28,8,33.0
2019,3,14,Perungudi,37.01,28.25,70.63,74.87,3,8.0
2019,4,14,Perungudi,4.28,37.12,63.85,76.92,9,3.0
2019,5,14,Perungudi,28.24,41.05,56.59,76.05,15,9.0
2019,6,14,Perungudi,2.36,41.05,55.92,81.81,12,15.0
2019,7,14,Perungudi,49.51,29.09,76.77,81.03,5,12.0
2019,8,14,Perungudi,10.64,31.98,74.77,74.31,8,5.0
2019,9,14,Perungudi,34.9,29.55,78.12,81.67,1,8.0
2019,10,14,Perungudi,414.86,28.55,47.54,65.34,19,1.0
2019,11,14,Perungudi,373.03,27.86,54.35,71.64,15,19.0
2019,12,14,Perungudi,137.15,26.46,70.64,67.98,10,15.0
2020,1,14,Perungudi,130.07,27.57,68.23,69.94,11,10.0
2020,2,14,Perungudi,37.38,31.2,72.59,73.85,8,11.0
2020,3,14,Perungudi,11.19,30.25,73.33,77.38,4,8.0
2020,4,14,Perungudi,7.47,36.6,62.47,74.74,13,4.0
2020,5,14,Perungudi,25.46,39.65,55.63,79.4,19,13.0
2020,6,14,Perungudi,20.31,40.18,57.64,75.2,28,19.0
2020,7,14,Perungudi,42.75,29.42,70.0,74.27,11,28.0
2020,8,14,Perungudi,37.4,31.51,77.93,79.29,3,11.0
2020,9,14,Perungudi,25.86,29.41,75.31,73.52,2,3.0
2020,10,14,Perungudi,434.68,24.02,50.3,74.84,19,2.0
2020,11,14,Perungudi,349.95,28.31,51.19,70.53,26,19.0
2020,12,14,Perungudi,224.59,25.42,62.46,68.76,19,26.0
2021,1,14,Perungudi,110.15,27.45,63.9,65.32,9,19.0
2021,2,14,Perungudi,13.98,30.15,75.54,76.29,7,9.0
2021,3,14,Perungudi,33.49,29.65,77.55,76.29,3,7.0
2021,4,14,Perungudi,0.7,36.64,71.2,78.78,1,3.0
2021,5,14,Perungudi,10.43,41.01,49.75,79.87,21,1.0
2021,6,14,Perungudi,20.7,41.07,57.97,80.12,14,21.0
2021,7,14,Perungudi,57.19,32.02,71.81,77.07,7,14.0
2021,8,14,Perungudi,50.0,29.73,71.73,73.03,6,7.0
2021,9,14,Perungudi,49.58,30.38,75.37,80.71,3,6.0
2021,10,14,Perungudi,359.63,27.78,48.36,67.21,19,3.0
2021,11,14,Perungudi,412.92,28.68,48.83,62.96,20,19.0
2021,12,14,Perungudi,206.9,25.61,58.26,74.29,11,20.0
2022,1,14,Perungudi,375.23,25.25,48.49,72.42,13,11.0
2022,2,14,Perungudi,28.44,30.12,73.61,80.98,6,13.0
2022,3,14,Perungudi,52.99,31.5,75.48,79.1,0,6.0
2022,4,14,Perungudi,8.55,35.56,67.73,79.73,5,0.0
2022,5,14,Perungudi,24.42,38.85,58.85,69.33,18,5.0
2022,6,14,Perungudi,6.42,34.3,77.79,79.57,10,18.0
2022,7,14,Perungudi,20.24,29.86,76.34,73.18,9,10.0
2022,8,14,Perungudi,35.51,30.65,78.76,77.62,3,9.0
2022,9,14,Perungudi,25.63,28.89,78.59,77.04,1,3.0
2022,10,14,Perungudi,401.62,24.87,43.47,65.78,20,1.0
2022,11,14,Perungudi,200.33,27.91,63.12,75.66,8,20.0
2022,12,14,Perungudi,322.61,28.75,52.24,64.02,26,8.0
2023,1,14,Perungudi,280.44,26.85,58.87,68.88,48,26.0
2023,2,14,Perungudi,18.13,29.94,71.86,80.92,17,48.0
2023,3,14,Perungudi,42.52,31.78,77.5,78.1,12,17.0
2023,4,14,Perungudi,10.87,36.92,61.63,78.48,26,12.0
2023,5,14,Perungudi,8.75,40.12,54.56,69.99,51,26.0
2023,6,14,Perungudi,1.31,35.74,74.58,74.69,29,51.0
2023,7,14,Perungudi,52.11,31.24,74.04,73.16,18,29.0
2023,8,14,Perungudi,22.02,29.79,79.15,78.75,3,18.0
2023,9,14,Perungudi,54.74,29.24,70.91,80.5,2,3.0
2023,10,14,Perungudi,240.24,26.61,57.38,62.0,40,2.0
2023,11,14,Perungudi,872.44,24.03,12.08,72.45,91,40.0
2023,12,14,Perungudi,565.45,26.71,34.36,64.96,65,91.0
2024,1,14,Perungudi,350.63,24.55,47.09,69.62,41,65.0
2024,2,14,Perungudi,46.23,28.18,79.97,81.73,10,41.0
2024,3,14,Perungudi,17.77,30.98,72.51,76.34,2,10.0
2024,4,14,Perungudi,7.3,34.42,70.61,70.29,3,2.0
2024,5,14,Perungudi,27.29,40.62,58.84,74.9,6,3.0
2024,6,14,Perungudi,19.3,41.06,49.49,76.15,16,6.0
2024,7,14,Perungudi,24.19,28.6,71.03,73.77,9,16.0
2024,8,14,Perungudi,27.58,28.32,79.86,73.32,7,9.0
2024,9,14,Perungudi,12.01,31.77,74.25,82.96,1,7.0
2024,10,14,Perungudi,390.33,28.18,50.43,63.52,14,1.0
2024,11,14,Perungudi,426.36,27.15,49.15,59.69,18,14.0
2024,12,14,Perungudi,329.58,24.6,55.82,61.11,22,18.0
2015,1,15,Shollinganallur,141.95,25.69,63.77,63.76,34,16.0
2015,2,15,Shollinganallur,56.42,30.14,79.67,82.64,14,34.0
2015,3,15,Shollinganallur,42.12,28.13,75.86,82.4,6,14.0
2015,4,15,Shollinganallur,13.64,39.02,63.95,70.53,38,6.0
2015,5,15,Shollinganallur,10.37,41.17,55.15,72.35,45,38.0
2015,6,15,Shollinganallur,20.45,40.08,56.47,74.14,46,45.0
2015,7,15,Shollinganallur,39.56,30.0,70.55,76.35,27,46.0
2015,8,15,Shollinganallur,16.97,32.17,79.84,78.26,6,27.0
2015,9,15,Shollinganallur,53.74,30.64,79.39,80.99,3,6.0
2015,10,15,Shollinganallur,156.27,28.09,64.66,59.74,29,3.0
2015,11,15,Shollinganallur,483.74,24.52,44.82,61.95,76,29.0
2015,12,15,Shollinganallur,626.1,28.67,33.33,65.25,110,76.0
2016,1,15,Shollinganallur,348.17,24.53,49.35,71.96,51,110.0
2016,2,15,Shollinganallur,28.01,28.44,79.37,78.54,14,51.0
2016,3,15,Shollinganallur,32.97,31.93,78.92,82.55,6,14.0
2016,4,15,Shollinganallur,10.66,40.27,51.24,77.84,20,6.0
2016,5,15,Shollinganallur,14.63,34.27,78.26,74.08,9,20.0
2016,6,15,Shollinganallur,13.78,36.86,69.7,73.88,7,9.0
2016,7,15,Shollinganallur,12.28,28.7,72.77,82.72,2,7.0
2016,8,15,Shollinganallur,40.05,31.53,76.88,76.75,1,2.0
2016,9,15,Shollinganallur,38.68,32.78,72.0,74.09,7,1.0
2016,10,15,Shollinganallur,194.64,28.21,64.91,73.79,10,7.0
2016,11,15,Shollinganallur,446.96,26.72,40.96,62.03,27,10.0
2016,12,15,Shollinganallur,167.06,28.59,63.92,69.19,8,27.0
2017,1,15,Shollinganallur,108.82,28.19,69.78,77.59,6,8.0
2017,2,15,Shollinganallur,31.68,28.46,77.48,82.15,1,6.0
2017,3,15,Shollinganallur,43.68,28.9,76.94,75.3,0,1.0
2017,4,15,Shollinganallur,27.25,40.07,58.33,78.91,8,0.0
2017,5,15,Shollinganallur,21.15,37.64,67.45,71.36,11,8.0
2017,6,15,Shollinganallur,5.56,36.23,65.14,80.16,8,11.0
2017,7,15,Shollinganallur,45.8,31.53,76.23,82.9,2,8.0
2017,8,15,Shollinganallur,52.05,29.11,73.81,81.08,3,2.0
2017,9,15,Shollinganallur,10.83,31.31,76.02,74.63,1,3.0
2017,10,15,Shollinganallur,342.32,25.17,54.65,63.93,7,1.0
2017,11,15,Shollinganallur,136.92,26.93,63.21,68.93,14,7.0
2017,12,15,Shollinganallur,233.33,24.27,63.47,65.84,10,14.0
2018,1,15,Shollinganallur,302.43,28.16,58.5,60.55,18,10.0
2018,2,15,Shollinganallur,54.87,29.28,72.21,74.38,12,18.0
2018,3,15,Shollinganallur,37.21,32.88,73.69,76.57,6,12.0
2018,4,15,Shollinganallur,9.31,38.03,65.31,75.47,5,6.0
2018,5,15,Shollinganallur,24.15,40.76,50.23,75.04,18,5.0
2018,6,15,Shollinganallur,2.56,41.78,52.8,72.78,20,18.0
2018,7,15,Shollinganallur,26.61,31.5,77.65,82.29,5,20.0
2018,8,15,Shollinganallur,48.72,28.67,74.68,79.06,1,5.0
2018,9,15,Shollinganallur,46.82,28.26,70.49,76.86,3,1.0
2018,10,15,Shollinganallur,234.77,28.71,62.7,69.0,9,3.0
2018,11,15,Shollinganallur,209.96,28.79,61.8,69.33,13,9.0
2018,12,15,Shollinganallur,437.91,28.58,48.76,64.33,14,13.0
2019,1,15,Shollinganallur,326.81,25.23,55.98,67.56,9,14.0
2019,2,15,Shollinganallur,47.94,28.53,75.06,81.15,6,9.0
2019,3,15,Shollinganallur,51.8,28.77,73.01,75.49,5,6.0
2019,4,15,Shollinganallur,13.29,37.01,66.23,79.25,8,5.0
2019,5,15,Shollinganallur,3.78,38.24,57.5,78.88,11,8.0
2019,6,15,Shollinganallur,17.07,41.05,56.23,69.16,20,11.0
2019,7,15,Shollinganallur,38.56,31.73,73.79,76.03,12,20.0
2019,8,15,Shollinganallur,50.56,28.99,72.14,79.76,6,12.0
2019,9,15,Shollinganallur,38.32,31.82,71.37,75.29,3,6.0
2019,10,15,Shollinganallur,310.34,24.17,50.86,64.85,14,3.0
2019,11,15,Shollinganallur,311.77,26.8,54.26,64.9,22,14.0
2019,12,15,Shollinganallur,323.79,24.65,51.16,72.57,23,22.0
2020,1,15,Shollinganallur,228.7,24.5,61.39,71.56,15,23.0
2020,2,15,Shollinganallur,19.59,28.31,75.91,82.89,1,15.0
2020,3,15,Shollinganallur,25.98,30.96,70.72,74.47,8,1.0
2020,4,15,Shollinganallur,0.92,41.03,58.35,77.83,14,8.0
2020,5,15,Shollinganallur,8.07,40.43,60.65,74.08,23,14.0
2020,6,15,Shollinganallur,25.25,40.41,53.07,75.01,32,23.0
2020,7,15,Shollinganallur,40.43,32.85,73.74,79.81,4,32.0
2020,8,15,Shollinganallur,30.59,29.66,76.69,75.16,5,4.0
2020,9,15,Shollinganallur,21.67,30.27,75.17,80.64,3,5.0
2020,10,15,Shollinganallur,132.02,26.57,63.01,73.79,6,3.0
2020,11,15,Shollinganallur,324.09,28.39,57.5,73.75,9,6.0
2020,12,15,Shollinganallur,443.73,25.96,41.32,73.11,25,9.0
2021,1,15,Shollinganallur,317.71,26.53,57.43,65.99,20,25.0
2021,2,15,Shollinganallur,44.83,29.88,79.43,81.18,5,20.0
2021,3,15,Shollinganallur,40.61,30.16,70.71,77.88,4,5.0
2021,4,15,Shollinganallur,17.68,38.26,66.22,80.94,9,4.0
2021,5,15,Shollinganallur,25.63,39.49,61.82,74.59,10,9.0
2021,6,15,Shollinganallur,3.37,36.33,71.05,78.92,2,10.0
2021,7,15,Shollinganallur,34.89,29.72,72.42,76.99,0,2.0
2021,8,15,Shollinganallur,34.04,30.49,72.15,75.72,3,0.0
2021,9,15,Shollinganallur,59.78,28.59,70.15,81.9,5,3.0
2021,10,15,Shollinganallur,292.49,26.46,57.66,63.44,19,5.0
2021,11,15,Shollinganallur,119.89,28.89,67.58,68.67,14,19.0
2021,12,15,Shollinganallur,320.27,28.88,49.83,70.39,21,14.0
2022,1,15,Shollinganallur,149.72,27.52,64.36,63.83,26,21.0
2022,2,15,Shollinganallur,24.73,28.25,74.87,76.55,6,26.0
2022,3,15,Shollinganallur,33.7,28.97,72.08,79.61,5,6.0
2022,4,15,Shollinganallur,13.67,35.42,69.39,78.35,6,5.0
2022,5,15,Shollinganallur,29.09,34.31,74.32,72.92,5,6.0
2022,6,15,Shollinganallur,4.14,38.73,56.33,80.91,15,5.0
2022,7,15,Shollinganallur,18.11,29.55,79.0,79.88,5,15.0
2022,8,15,Shollinganallur,31.29,28.94,77.73,77.74,3,5.0
2022,9,15,Shollinganallur,29.15,32.36,73.63,82.52,2,3.0
2022,10,15,Shollinganallur,416.78,28.35,43.03,71.89,17,2.0
2022,11,15,Shollinganallur,413.09,27.58,49.1,65.75,26,17.0
2022,12,15,Shollinganallur,341.35,26.04,51.27,66.7,28,26.0
2023,1,15,Shollinganallur,252.72,27.95,56.06,63.22,60,28.0
2023,2,15,Shollinganallur,34.22,28.45,71.29,75.4,32,60.0
2023,3,15,Shollinganallur,26.15,30.32,74.15,74.49,26,32.0
2023,4,15,Shollinganallur,1.14,38.84,56.53,73.36,53,26.0
2023,5,15,Shollinganallur,26.74,37.93,59.17,73.83,60,53.0
2023,6,15,Shollinganallur,29.16,35.14,67.7,78.23,35,60.0
2023,7,15,Shollinganallur,10.06,31.08,71.89,74.92,21,35.0
2023,8,15,Shollinganallur,36.9,31.59,72.15,80.22,13,21.0
2023,9,15,Shollinganallur,16.85,28.87,70.54,79.57,13,13.0
2023,10,15,Shollinganallur,349.45,28.41,47.46,73.87,40,13.0
2023,11,15,Shollinganallur,591.75,28.7,39.23,64.74,64,40.0
2023,12,15,Shollinganallur,452.47,24.11,45.48,73.32,52,64.0
2024,1,15,Shollinganallur,336.36,28.66,54.51,75.38,39,52.0
2024,2,15,Shollinganallur,29.07,29.78,73.72,76.18,15,39.0
2024,3,15,Shollinganallur,44.3,30.14,78.65,79.95,0,15.0
2024,4,15,Shollinganallur,11.34,39.47,57.82,77.43,15,0.0
2024,5,15,Shollinganallur,19.61,34.76,77.65,78.19,3,15.0
2024,6,15,Shollinganallur,28.53,37.88,64.89,71.7,8,3.0
2024,7,15,Shollinganallur,14.47,31.26,74.87,80.9,6,8.0
2024,8,15,Shollinganallur,42.84,29.4,70.29,77.15,5,6.0
2024,9,15,Shollinganallur,34.0,32.14,78.17,82.16,2,5.0
2024,10,15,Shollinganallur,391.76,24.44,48.92,66.96,23,2.0
2024,11,15,Shollinganallur,159.54,26.47,68.93,67.62,19,23.0
2024,12,15,Shollinganallur,164.59,25.37,66.02,70.3,13,19.0
