year,month,zone_id,zone_name,rainfall_mm,temperature_c,humidity_percent,mosquito_index,cases,prev_month_cases
2021,1,1,Thiruvottiyur,3.25,31.73,78.98,0.488,2035,0.0
2021,2,1,Thiruvottiyur,8.06,30.46,78.59,0.521,1866,2035.0
2021,3,1,Thiruvottiyur,4.66,31.2,77.94,0.497,1821,1866.0
2021,4,1,Thiruvottiyur,15.92,34.7,67.8,0.409,1879,1821.0
2021,5,1,Thiruvottiyur,7.76,35.67,62.87,0.354,1856,1879.0
2021,6,1,Thiruvottiyur,14.02,38.57,51.46,0.262,1780,1856.0
2021,7,1,Thiruvottiyur,19.75,36.75,53.01,0.316,1781,1780.0
2021,8,1,Thiruvottiyur,3.45,32.33,53.85,0.376,1806,1781.0
2021,9,1,Thiruvottiyur,202.6,25.56,94.65,0.89,3655,1806.0
2021,10,1,Thiruvottiyur,256.06,29.7,77.34,0.903,6002,3655.0
2021,11,1,Thiruvottiyur,234.35,26.73,93.4,0.908,8852,6002.0
2021,12,1,Thiruvottiyur,323.17,26.71,91.35,0.9,12225,8852.0
2022,1,1,Thiruvottiyur,38.55,24.6,62.13,0.418,3556,12225.0
2022,2,1,Thiruvottiyur,23.99,30.99,72.55,0.518,2210,3556.0
2022,3,1,Thiruvottiyur,29.62,26.78,76.49,0.501,1952,2210.0
2022,4,1,Thiruvottiyur,13.09,39.61,55.47,0.256,1757,1952.0
2022,5,1,Thiruvottiyur,2.09,37.65,62.73,0.302,1732,1757.0
2022,6,1,Thiruvottiyur,7.18,33.31,61.86,0.396,1911,1732.0
2022,7,1,Thiruvottiyur,18.62,37.41,63.79,0.344,1868,1911.0
2022,8,1,Thiruvottiyur,3.62,33.45,63.62,0.393,1959,1868.0
2022,9,1,Thiruvottiyur,282.66,25.3,84.3,0.843,4123,1959.0
2022,10,1,Thiruvottiyur,209.88,28.2,77.11,0.873,7125,4123.0
2022,11,1,Thiruvottiyur,259.3,29.48,88.19,0.942,12190,7125.0
2022,12,1,Thiruvottiyur,294.11,25.89,88.12,0.87,18346,12190.0
2023,1,1,Thiruvottiyur,39.24,30.31,74.15,0.569,5635,18346.0
2023,2,1,Thiruvottiyur,33.19,28.48,79.27,0.553,2829,5635.0
2023,3,1,Thiruvottiyur,39.9,31.32,67.92,0.525,2083,2829.0
2023,4,1,Thiruvottiyur,16.74,37.14,55.59,0.313,1929,2083.0
2023,5,1,Thiruvottiyur,13.38,39.03,66.59,0.312,1881,1929.0
2023,6,1,Thiruvottiyur,1.19,37.49,62.08,0.301,1789,1881.0
2023,7,1,Thiruvottiyur,19.76,37.51,59.08,0.326,1806,1789.0
2023,8,1,Thiruvottiyur,4.06,35.09,65.24,0.367,1912,1806.0
2023,9,1,Thiruvottiyur,300.87,27.03,93.58,0.915,4369,1912.0
2023,10,1,Thiruvottiyur,190.01,27.5,94.14,0.907,7760,4369.0
2023,11,1,Thiruvottiyur,295.09,26.99,84.16,0.876,12221,7760.0
2023,12,1,Thiruvottiyur,279.58,28.2,79.95,0.884,18702,12221.0
2024,1,1,Thiruvottiyur,34.68,29.24,75.42,0.556,5519,18702.0
2024,2,1,Thiruvottiyur,36.35,31.58,71.24,0.526,2639,5519.0
2024,3,1,Thiruvottiyur,20.18,29.64,74.76,0.532,2036,2639.0
2024,4,1,Thiruvottiyur,13.46,39.61,51.62,0.241,1849,2036.0
2024,5,1,Thiruvottiyur,10.06,38.87,53.88,0.258,1814,1849.0
2024,6,1,Thiruvottiyur,16.87,34.67,59.7,0.379,1966,1814.0
2024,7,1,Thiruvottiyur,8.5,36.06,68.16,0.368,1905,1966.0
2024,8,1,Thiruvottiyur,15.13,37.66,58.85,0.312,1853,1905.0
2024,9,1,Thiruvottiyur,116.75,29.08,94.51,0.793,3892,1853.0
2024,10,1,Thiruvottiyur,213.5,25.63,90.25,0.874,6789,3892.0
2024,11,1,Thiruvottiyur,140.17,27.25,75.5,0.727,9235,6789.0
2024,12,1,Thiruvottiyur,101.72,28.32,79.25,0.687,11512,9235.0
2025,1,1,Thiruvottiyur,10.45,27.73,61.69,0.422,3406,11512.0
2025,2,1,Thiruvottiyur,42.23,27.03,68.63,0.5,2239,3406.0
2025,3,1,Thiruvottiyur,41.62,25.79,76.11,0.504,1897,2239.0
2025,4,1,Thiruvottiyur,5.06,32.82,67.31,0.423,2019,1897.0
2025,5,1,Thiruvottiyur,6.85,32.76,52.69,0.369,1980,2019.0
2025,6,1,Thiruvottiyur,14.6,37.13,57.3,0.316,1880,1980.0
2025,7,1,Thiruvottiyur,15.1,38.63,61.73,0.305,1777,1880.0
2025,8,1,Thiruvottiyur,16.78,36.05,52.91,0.324,1768,1777.0
2025,9,1,Thiruvottiyur,316.61,28.46,76.19,0.874,3852,1768.0
2025,10,1,Thiruvottiyur,176.6,27.94,86.1,0.856,6681,3852.0
2025,11,1,Thiruvottiyur,302.21,26.51,92.51,0.9,11115,6681.0
2025,12,1,Thiruvottiyur,319.98,27.54,85.11,0.891,17030,11115.0
2021,1,2,Manali,4.88,27.52,73.68,0.455,1844,0.0
2021,2,2,Manali,40.18,31.14,63.73,0.512,1963,1844.0
2021,3,2,Manali,17.46,31.18,74.52,0.509,2049,1963.0
2021,4,2,Manali,11.57,35.72,50.72,0.312,2002,2049.0
2021,5,2,Manali,7.72,39.24,69.22,0.307,1935,2002.0
2021,6,2,Manali,1.7,34.99,69.73,0.382,2060,1935.0
2021,7,2,Manali,16.84,35.75,66.77,0.386,2109,2060.0
2021,8,2,Manali,3.54,32.97,51.77,0.355,2079,2109.0
2021,9,2,Manali,316.38,26.29,91.34,0.891,5089,2079.0
2021,10,2,Manali,134.82,28.1,90.88,0.795,9529,5089.0
2021,11,2,Manali,213.05,27.26,79.49,0.863,17649,9529.0
2021,12,2,Manali,247.57,28.12,80.36,0.884,32400,17649.0
2022,1,2,Manali,34.42,25.97,68.7,0.463,10293,32400.0
2022,2,2,Manali,36.88,24.88,64.78,0.431,4032,10293.0
2022,3,2,Manali,13.35,30.38,77.57,0.529,2751,4032.0
2022,4,2,Manali,18.87,37.11,58.39,0.329,2316,2751.0
2022,5,2,Manali,14.18,37.71,67.42,0.344,2274,2316.0
2022,6,2,Manali,5.16,34.6,63.13,0.371,2312,2274.0
2022,7,2,Manali,7.88,32.85,63.02,0.411,2358,2312.0
2022,8,2,Manali,2.14,34.05,61.35,0.369,2343,2358.0
2022,9,2,Manali,143.83,26.0,88.8,0.763,5643,2343.0
2022,10,2,Manali,262.55,25.31,78.04,0.818,12296,5643.0
2022,11,2,Manali,116.66,25.75,85.37,0.69,21266,12296.0
2022,12,2,Manali,334.35,25.82,75.86,0.82,41668,21266.0
2023,1,2,Manali,7.37,27.47,66.56,0.43,11712,41668.0
2023,2,2,Manali,20.94,29.85,65.2,0.5,4914,11712.0
2023,3,2,Manali,34.79,26.53,75.87,0.504,2991,4914.0
2023,4,2,Manali,6.11,32.27,54.25,0.384,2526,2991.0
2023,5,2,Manali,8.61,35.48,56.34,0.333,2311,2526.0
2023,6,2,Manali,9.12,32.97,57.38,0.388,2311,2311.0
2023,7,2,Manali,0.55,39.71,60.11,0.247,2005,2311.0
2023,8,2,Manali,11.55,39.85,67.31,0.295,2027,2005.0
2023,9,2,Manali,219.11,28.2,79.52,0.882,5606,2027.0
2023,10,2,Manali,152.22,26.85,82.37,0.771,11276,5606.0
2023,11,2,Manali,157.06,27.42,79.93,0.782,22059,11276.0
2023,12,2,Manali,241.27,27.49,90.43,0.912,48039,22059.0
2024,1,2,Manali,26.95,27.4,65.65,0.465,14080,48039.0
2024,2,2,Manali,8.15,29.88,75.72,0.517,5675,14080.0
2024,3,2,Manali,19.88,25.64,65.29,0.414,2846,5675.0
2024,4,2,Manali,16.46,36.35,68.65,0.38,2445,2846.0
2024,5,2,Manali,17.18,35.51,64.97,0.384,2374,2445.0
2024,6,2,Manali,3.67,39.06,67.1,0.295,2133,2374.0
2024,7,2,Manali,13.92,38.57,57.66,0.287,2078,2133.0
2024,8,2,Manali,11.94,39.43,68.56,0.309,2064,2078.0
2024,9,2,Manali,121.28,25.36,82.71,0.681,4679,2064.0
2024,10,2,Manali,244.83,28.22,84.79,0.904,11190,4679.0
2024,11,2,Manali,281.15,28.04,77.23,0.87,23920,11190.0
2024,12,2,Manali,321.15,29.55,92.91,0.963,54666,23920.0
2025,1,2,Manali,11.06,30.47,67.62,0.483,16861,54666.0
2025,2,2,Manali,42.21,28.11,69.68,0.525,6553,16861.0
2025,3,2,Manali,46.52,27.6,61.91,0.493,3324,6553.0
2025,4,2,Manali,6.49,36.75,63.53,0.332,2523,3324.0
2025,5,2,Manali,8.04,38.24,64.58,0.31,2146,2523.0
2025,6,2,Manali,14.03,34.87,61.13,0.375,2309,2146.0
2025,7,2,Manali,12.6,38.27,66.57,0.326,2153,2309.0
2025,8,2,Manali,11.48,39.02,61.32,0.288,2069,2153.0
2025,9,2,Manali,237.15,27.6,83.05,0.884,5749,2069.0
2025,10,2,Manali,120.39,25.86,76.76,0.665,10314,5749.0
2025,11,2,Manali,291.16,28.45,77.93,0.881,22767,10314.0
2025,12,2,Manali,265.79,27.08,86.91,0.889,48140,22767.0
2021,1,3,Madhavaram,1.72,26.07,78.19,0.438,1508,0.0
2021,2,3,Madhavaram,44.8,24.88,66.36,0.453,1752,1508.0
2021,3,3,Madhavaram,32.1,25.29,61.68,0.417,1872,1752.0
2021,4,3,Madhavaram,11.82,32.3,50.61,0.38,2034,1872.0
2021,5,3,Madhavaram,2.02,32.76,50.36,0.35,2012,2034.0
2021,6,3,Madhavaram,18.94,38.03,69.72,0.356,1975,2012.0
2021,7,3,Madhavaram,1.13,38.5,67.29,0.301,1912,1975.0
2021,8,3,Madhavaram,7.29,37.52,60.07,0.304,1912,1912.0
2021,9,3,Madhavaram,332.34,27.86,86.14,0.902,4457,1912.0
2021,10,3,Madhavaram,297.15,26.56,78.03,0.843,7986,4457.0
2021,11,3,Madhavaram,224.59,29.57,83.38,0.925,14346,7986.0
2021,12,3,Madhavaram,209.03,29.74,80.89,0.918,24631,14346.0
2022,1,3,Madhavaram,34.73,28.72,65.44,0.506,7811,24631.0
2022,2,3,Madhavaram,14.82,24.34,64.67,0.375,2974,7811.0
2022,3,3,Madhavaram,43.36,30.7,74.17,0.569,2382,2974.0
2022,4,3,Madhavaram,19.68,39.15,58.19,0.289,2014,2382.0
2022,5,3,Madhavaram,16.3,39.16,51.6,0.256,1916,2014.0
2022,6,3,Madhavaram,19.4,33.89,59.08,0.397,2028,1916.0
2022,7,3,Madhavaram,15.65,37.91,61.34,0.319,2078,2028.0
2022,8,3,Madhavaram,0.87,39.61,62.66,0.26,1944,2078.0
2022,9,3,Madhavaram,212.59,26.74,90.12,0.895,5077,1944.0
2022,10,3,Madhavaram,114.54,25.29,94.9,0.714,8819,5077.0
2022,11,3,Madhavaram,270.06,25.42,75.83,0.812,16187,8819.0
2022,12,3,Madhavaram,304.45,27.53,79.27,0.868,30358,16187.0
2023,1,3,Madhavaram,29.91,31.99,74.71,0.519,9716,30358.0
2023,2,3,Madhavaram,28.27,31.78,69.28,0.498,3979,9716.0
2023,3,3,Madhavaram,13.85,25.13,79.67,0.449,2355,3979.0
2023,4,3,Madhavaram,18.77,38.13,67.42,0.345,2194,2355.0
2023,5,3,Madhavaram,17.85,36.86,58.87,0.334,2105,2194.0
2023,6,3,Madhavaram,1.42,34.84,51.6,0.312,2120,2105.0
2023,7,3,Madhavaram,0.62,33.28,57.76,0.367,2119,2120.0
2023,8,3,Madhavaram,15.29,39.65,61.47,0.283,1938,2119.0
2023,9,3,Madhavaram,130.73,27.52,92.77,0.783,4577,1938.0
2023,10,3,Madhavaram,204.13,29.25,91.44,0.951,10282,4577.0
2023,11,3,Madhavaram,114.46,29.71,94.16,0.8,18295,10282.0
2023,12,3,Madhavaram,157.17,26.11,87.69,0.787,30802,18295.0
2024,1,3,Madhavaram,38.28,27.33,60.0,0.463,8764,30802.0
2024,2,3,Madhavaram,41.95,29.63,60.23,0.517,3749,8764.0
2024,3,3,Madhavaram,14.37,31.75,73.14,0.486,2433,3749.0
2024,4,3,Madhavaram,14.86,36.17,64.76,0.365,2126,2433.0
2024,5,3,Madhavaram,13.47,37.55,53.59,0.29,1955,2126.0
2024,6,3,Madhavaram,7.76,39.21,66.07,0.296,1919,1955.0
2024,7,3,Madhavaram,5.44,34.11,63.85,0.384,2182,1919.0
2024,8,3,Madhavaram,4.23,39.85,69.91,0.291,2027,2182.0
2024,9,3,Madhavaram,217.28,25.5,80.37,0.832,4848,2027.0
2024,10,3,Madhavaram,193.04,25.71,88.23,0.853,9938,4848.0
2024,11,3,Madhavaram,194.94,26.96,91.03,0.893,19685,9938.0
2024,12,3,Madhavaram,167.91,25.92,78.81,0.77,32275,19685.0
2025,1,3,Madhavaram,22.96,31.46,66.07,0.481,9237,32275.0
2025,2,3,Madhavaram,16.26,26.18,60.79,0.399,3401,9237.0
2025,3,3,Madhavaram,4.18,30.02,64.22,0.465,2185,3401.0
2025,4,3,Madhavaram,11.51,34.21,58.58,0.373,2190,2185.0
2025,5,3,Madhavaram,14.24,34.04,57.13,0.376,2168,2190.0
2025,6,3,Madhavaram,6.32,38.13,51.14,0.255,1964,2168.0
2025,7,3,Madhavaram,2.49,39.77,67.5,0.28,1890,1964.0
2025,8,3,Madhavaram,0.97,32.35,51.96,0.363,2001,1890.0
2025,9,3,Madhavaram,133.25,29.75,78.17,0.774,4727,2001.0
2025,10,3,Madhavaram,170.82,29.06,83.01,0.855,9743,4727.0
2025,11,3,Madhavaram,182.9,28.23,85.01,0.87,18714,9743.0
2025,12,3,Madhavaram,148.93,28.24,91.41,0.828,32925,18714.0
2021,1,4,Tondiarpet,26.0,25.48,70.93,0.445,3060,0.0
2021,2,4,Tondiarpet,40.9,24.06,77.21,0.472,2069,3060.0
2021,3,4,Tondiarpet,0.46,29.31,62.03,0.435,1856,2069.0
2021,4,4,Tondiarpet,2.54,38.16,60.44,0.284,1789,1856.0
2021,5,4,Tondiarpet,6.38,32.19,66.9,0.437,2035,1789.0
2021,6,4,Tondiarpet,15.54,35.39,61.17,0.368,2039,2035.0
2021,7,4,Tondiarpet,18.9,33.98,66.99,0.426,2040,2039.0
2021,8,4,Tondiarpet,17.47,32.49,68.42,0.459,2059,2040.0
2021,9,4,Tondiarpet,146.76,27.13,81.47,0.762,4004,2059.0
2021,10,4,Tondiarpet,108.38,28.81,86.4,0.739,6333,4004.0
2021,11,4,Tondiarpet,258.07,28.32,75.26,0.867,10169,6333.0
2021,12,4,Tondiarpet,317.12,29.47,84.75,0.928,16736,10169.0
2022,1,4,Tondiarpet,45.87,31.6,62.74,0.511,5478,16736.0
2022,2,4,Tondiarpet,33.98,31.6,64.37,0.493,2802,5478.0
2022,3,4,Tondiarpet,30.93,25.27,75.05,0.467,2165,2802.0
2022,4,4,Tondiarpet,0.62,34.95,63.03,0.354,2122,2165.0
2022,5,4,Tondiarpet,9.05,36.21,62.87,0.345,2070,2122.0
2022,6,4,Tondiarpet,10.4,38.63,56.74,0.275,1908,2070.0
2022,7,4,Tondiarpet,6.54,38.46,63.35,0.297,1950,1908.0
2022,8,4,Tondiarpet,17.68,33.7,54.56,0.38,2058,1950.0
2022,9,4,Tondiarpet,331.79,27.0,79.69,0.859,4924,2058.0
2022,10,4,Tondiarpet,130.35,25.51,81.07,0.695,7947,4924.0
2022,11,4,Tondiarpet,117.81,29.78,75.24,0.732,12463,7947.0
2022,12,4,Tondiarpet,235.56,27.54,86.81,0.898,22353,12463.0
2023,1,4,Tondiarpet,21.06,30.29,72.72,0.527,6891,22353.0
2023,2,4,Tondiarpet,5.7,25.8,63.02,0.38,2674,6891.0
2023,3,4,Tondiarpet,44.7,25.22,73.09,0.486,2090,2674.0
2023,4,4,Tondiarpet,5.21,37.37,68.14,0.336,2023,2090.0
2023,5,4,Tondiarpet,14.05,36.1,54.75,0.325,1916,2023.0
2023,6,4,Tondiarpet,13.57,36.75,57.24,0.321,2023,1916.0
2023,7,4,Tondiarpet,18.0,39.65,52.32,0.252,1848,2023.0
2023,8,4,Tondiarpet,17.08,38.78,58.78,0.294,1960,1848.0
2023,9,4,Tondiarpet,256.2,28.41,76.44,0.874,4642,1960.0
2023,10,4,Tondiarpet,218.07,26.08,92.6,0.892,9291,4642.0
2023,11,4,Tondiarpet,118.9,26.13,82.31,0.69,13372,9291.0
2023,12,4,Tondiarpet,282.22,27.14,76.91,0.851,22852,13372.0
2024,1,4,Tondiarpet,48.65,26.43,64.52,0.484,6610,22852.0
2024,2,4,Tondiarpet,40.86,31.74,70.93,0.531,3004,6610.0
2024,3,4,Tondiarpet,3.78,26.38,79.03,0.451,2050,3004.0
2024,4,4,Tondiarpet,18.42,36.31,61.69,0.357,2006,2050.0
2024,5,4,Tondiarpet,3.31,37.75,50.04,0.252,1897,2006.0
2024,6,4,Tondiarpet,17.55,36.33,57.79,0.34,2105,1897.0
2024,7,4,Tondiarpet,6.49,33.53,55.39,0.364,2088,2105.0
2024,8,4,Tondiarpet,14.3,32.43,61.86,0.428,2151,2088.0
2024,9,4,Tondiarpet,343.27,29.84,90.19,0.958,5326,2151.0
2024,10,4,Tondiarpet,169.66,25.91,79.37,0.775,9306,5326.0
2024,11,4,Tondiarpet,293.19,28.39,79.74,0.887,16933,9306.0
2024,12,4,Tondiarpet,307.74,28.67,77.4,0.883,29448,16933.0
2025,1,4,Tondiarpet,34.19,24.26,70.63,0.436,7462,29448.0
2025,2,4,Tondiarpet,33.55,31.57,76.11,0.54,3349,7462.0
2025,3,4,Tondiarpet,22.11,27.16,66.69,0.454,2202,3349.0
2025,4,4,Tondiarpet,13.85,37.0,54.67,0.306,2026,2202.0
2025,5,4,Tondiarpet,1.7,35.04,60.98,0.347,2026,2026.0
2025,6,4,Tondiarpet,13.51,38.05,57.92,0.298,1933,2026.0
2025,7,4,Tondiarpet,0.81,36.13,58.11,0.311,1948,1933.0
2025,8,4,Tondiarpet,12.91,39.57,50.91,0.238,1884,1948.0
2025,9,4,Tondiarpet,347.88,26.78,79.17,0.852,4512,1884.0
2025,10,4,Tondiarpet,333.19,25.77,75.4,0.817,8482,4512.0
2025,11,4,Tondiarpet,178.02,29.31,91.05,0.906,15648,8482.0
2025,12,4,Tondiarpet,164.16,27.56,90.04,0.84,25874,15648.0
2021,1,5,Royapuram,29.89,24.71,78.44,0.468,2455,0.0
2021,2,5,Royapuram,11.11,26.7,62.4,0.406,1857,2455.0
2021,3,5,Royapuram,32.6,29.7,64.49,0.517,1725,1857.0
2021,4,5,Royapuram,1.71,36.25,51.03,0.283,1713,1725.0
2021,5,5,Royapuram,2.36,37.03,63.93,0.32,1791,1713.0
2021,6,5,Royapuram,9.85,35.75,50.23,0.306,1647,1791.0
2021,7,5,Royapuram,19.08,33.83,62.12,0.41,1814,1647.0
2021,8,5,Royapuram,14.97,33.67,53.69,0.371,1776,1814.0
2021,9,5,Royapuram,128.71,26.44,87.21,0.735,2965,1776.0
2021,10,5,Royapuram,305.31,29.23,77.21,0.893,4371,2965.0
2021,11,5,Royapuram,121.34,27.51,94.94,0.773,5294,4371.0
2021,12,5,Royapuram,105.62,27.71,80.37,0.687,5594,5294.0
2022,1,5,Royapuram,27.1,29.86,77.46,0.561,2567,5594.0
2022,2,5,Royapuram,20.88,31.56,77.58,0.521,1923,2567.0
2022,3,5,Royapuram,1.46,25.03,76.52,0.41,1727,1923.0
2022,4,5,Royapuram,19.36,38.95,53.71,0.275,1774,1727.0
2022,5,5,Royapuram,1.21,33.28,54.94,0.357,1877,1774.0
2022,6,5,Royapuram,12.34,33.34,64.14,0.415,1850,1877.0
2022,7,5,Royapuram,8.71,32.96,66.36,0.424,1906,1850.0
2022,8,5,Royapuram,16.8,34.83,68.0,0.409,1863,1906.0
2022,9,5,Royapuram,310.51,28.12,85.42,0.904,3597,1863.0
2022,10,5,Royapuram,227.36,29.07,94.93,0.961,6043,3597.0
2022,11,5,Royapuram,174.13,28.87,81.99,0.854,8289,6043.0
2022,12,5,Royapuram,272.22,28.18,92.47,0.933,11710,8289.0
2023,1,5,Royapuram,41.99,28.57,67.68,0.526,3522,11710.0
2023,2,5,Royapuram,28.06,24.92,70.47,0.436,2048,3522.0
2023,3,5,Royapuram,4.17,30.43,77.65,0.51,1832,2048.0
2023,4,5,Royapuram,8.94,38.92,59.21,0.276,1760,1832.0
2023,5,5,Royapuram,9.75,39.6,63.04,0.28,1759,1760.0
2023,6,5,Royapuram,17.47,32.96,64.48,0.434,1956,1759.0
2023,7,5,Royapuram,12.06,39.87,66.53,0.293,1776,1956.0
2023,8,5,Royapuram,17.67,36.08,58.97,0.35,1830,1776.0
2023,9,5,Royapuram,305.63,27.76,91.08,0.92,3697,1830.0
2023,10,5,Royapuram,173.83,28.26,77.73,0.824,5532,3697.0
2023,11,5,Royapuram,255.6,27.89,90.63,0.92,8050,5532.0
2023,12,5,Royapuram,172.22,29.6,82.96,0.868,10726,8050.0
2024,1,5,Royapuram,0.07,31.73,74.59,0.464,3068,10726.0
2024,2,5,Royapuram,35.92,25.43,77.25,0.49,2023,3068.0
2024,3,5,Royapuram,31.18,26.14,72.97,0.477,1773,2023.0
2024,4,5,Royapuram,17.91,38.3,63.33,0.323,1784,1773.0
2024,5,5,Royapuram,3.23,32.15,51.67,0.37,1788,1784.0
2024,6,5,Royapuram,12.97,35.0,51.48,0.332,1841,1788.0
2024,7,5,Royapuram,11.91,37.3,55.29,0.299,1820,1841.0
2024,8,5,Royapuram,13.55,39.53,57.46,0.266,1697,1820.0
2024,9,5,Royapuram,299.57,26.5,81.53,0.856,3341,1697.0
2024,10,5,Royapuram,331.78,27.86,94.4,0.935,5481,3341.0
2024,11,5,Royapuram,196.83,25.1,76.32,0.801,7319,5481.0
2024,12,5,Royapuram,223.2,27.98,81.0,0.884,9926,7319.0
2025,1,5,Royapuram,8.06,31.77,73.13,0.473,3029,9926.0
2025,2,5,Royapuram,13.3,24.21,79.81,0.43,1927,3029.0
2025,3,5,Royapuram,28.6,30.08,76.11,0.56,1791,1927.0
2025,4,5,Royapuram,1.2,36.85,52.62,0.276,1796,1791.0
2025,5,5,Royapuram,4.81,34.52,51.9,0.327,1730,1796.0
2025,6,5,Royapuram,18.69,32.96,55.02,0.398,1859,1730.0
2025,7,5,Royapuram,13.45,38.48,59.63,0.296,1872,1859.0
2025,8,5,Royapuram,1.54,33.02,53.4,0.356,1780,1872.0
2025,9,5,Royapuram,204.6,27.97,82.16,0.888,3562,1780.0
2025,10,5,Royapuram,241.15,28.4,88.26,0.921,5813,3562.0
2025,11,5,Royapuram,182.21,28.76,88.25,0.893,8199,5813.0
2025,12,5,Royapuram,348.93,29.6,83.71,0.927,11342,8199.0
2021,1,6,Thiru-Vi-Ka Nagar,16.27,26.17,67.77,0.427,1531,0.0
2021,2,6,Thiru-Vi-Ka Nagar,25.94,26.91,74.06,0.486,1667,1531.0
2021,3,6,Thiru-Vi-Ka Nagar,37.32,30.79,72.99,0.551,1766,1667.0
2021,4,6,Thiru-Vi-Ka Nagar,14.52,36.13,69.52,0.385,1772,1766.0
2021,5,6,Thiru-Vi-Ka Nagar,16.07,33.42,55.64,0.386,1829,1772.0
2021,6,6,Thiru-Vi-Ka Nagar,2.35,37.97,62.98,0.297,1743,1829.0
2021,7,6,Thiru-Vi-Ka Nagar,7.16,37.37,52.27,0.276,1708,1743.0
2021,8,6,Thiru-Vi-Ka Nagar,12.37,35.7,57.38,0.34,1782,1708.0
2021,9,6,Thiru-Vi-Ka Nagar,220.29,25.26,85.65,0.848,3156,1782.0
2021,10,6,Thiru-Vi-Ka Nagar,299.32,26.15,78.0,0.835,4487,3156.0
2021,11,6,Thiru-Vi-Ka Nagar,287.49,29.49,79.2,0.907,5976,4487.0
2021,12,6,Thiru-Vi-Ka Nagar,134.84,29.92,91.7,0.835,7087,5976.0
2022,1,6,Thiru-Vi-Ka Nagar,34.61,26.0,76.98,0.497,2642,7087.0
2022,2,6,Thiru-Vi-Ka Nagar,8.35,25.85,79.82,0.453,1972,2642.0
2022,3,6,Thiru-Vi-Ka Nagar,8.04,30.66,76.36,0.508,1819,1972.0
2022,4,6,Thiru-Vi-Ka Nagar,16.9,37.01,65.22,0.354,1772,1819.0
2022,5,6,Thiru-Vi-Ka Nagar,19.52,33.46,56.74,0.397,1897,1772.0
2022,6,6,Thiru-Vi-Ka Nagar,14.73,35.8,63.28,0.367,1904,1897.0
2022,7,6,Thiru-Vi-Ka Nagar,6.49,35.17,57.33,0.339,1852,1904.0
2022,8,6,Thiru-Vi-Ka Nagar,5.5,35.39,66.45,0.369,1869,1852.0
2022,9,6,Thiru-Vi-Ka Nagar,131.93,28.91,91.52,0.808,3504,1869.0
2022,10,6,Thiru-Vi-Ka Nagar,255.97,27.13,85.54,0.885,5454,3504.0
2022,11,6,Thiru-Vi-Ka Nagar,143.53,28.3,76.97,0.761,6993,5454.0
2022,12,6,Thiru-Vi-Ka Nagar,215.39,26.23,75.19,0.825,8905,6993.0
2023,1,6,Thiru-Vi-Ka Nagar,18.11,24.21,66.69,0.387,2584,8905.0
2023,2,6,Thiru-Vi-Ka Nagar,3.38,28.35,74.16,0.47,1814,2584.0
2023,3,6,Thiru-Vi-Ka Nagar,20.89,29.34,79.68,0.547,1831,1814.0
2023,4,6,Thiru-Vi-Ka Nagar,19.54,35.38,52.21,0.34,1889,1831.0
2023,5,6,Thiru-Vi-Ka Nagar,10.13,32.57,62.68,0.42,1872,1889.0
2023,6,6,Thiru-Vi-Ka Nagar,10.68,32.09,52.84,0.391,1863,1872.0
2023,7,6,Thiru-Vi-Ka Nagar,6.81,33.23,60.83,0.392,1879,1863.0
2023,8,6,Thiru-Vi-Ka Nagar,0.38,37.5,59.54,0.289,1802,1879.0
2023,9,6,Thiru-Vi-Ka Nagar,293.84,27.48,80.43,0.871,3508,1802.0
2023,10,6,Thiru-Vi-Ka Nagar,261.21,28.57,82.9,0.903,5567,3508.0
2023,11,6,Thiru-Vi-Ka Nagar,258.99,28.37,82.76,0.898,7976,5567.0
2023,12,6,Thiru-Vi-Ka Nagar,198.11,29.59,90.09,0.948,11642,7976.0
2024,1,6,Thiru-Vi-Ka Nagar,37.09,27.38,76.97,0.53,3471,11642.0
2024,2,6,Thiru-Vi-Ka Nagar,19.83,30.92,62.63,0.472,1973,3471.0
2024,3,6,Thiru-Vi-Ka Nagar,35.33,26.5,72.2,0.49,1776,1973.0
2024,4,6,Thiru-Vi-Ka Nagar,4.97,35.42,64.11,0.358,1815,1776.0
2024,5,6,Thiru-Vi-Ka Nagar,4.83,32.84,57.09,0.381,1814,1815.0
2024,6,6,Thiru-Vi-Ka Nagar,19.94,34.57,61.18,0.393,1825,1814.0
2024,7,6,Thiru-Vi-Ka Nagar,15.22,32.71,53.75,0.391,1889,1825.0
2024,8,6,Thiru-Vi-Ka Nagar,13.82,37.19,63.94,0.34,1796,1889.0
2024,9,6,Thiru-Vi-Ka Nagar,164.12,28.37,82.11,0.824,3308,1796.0
2024,10,6,Thiru-Vi-Ka Nagar,299.43,25.44,82.35,0.838,5126,3308.0
2024,11,6,Thiru-Vi-Ka Nagar,293.81,26.73,79.69,0.853,7249,5126.0
2024,12,6,Thiru-Vi-Ka Nagar,129.15,29.51,85.93,0.792,8955,7249.0
2025,1,6,Thiru-Vi-Ka Nagar,3.42,24.93,68.35,0.379,2611,8955.0
2025,2,6,Thiru-Vi-Ka Nagar,34.4,31.51,62.41,0.488,1860,2611.0
2025,3,6,Thiru-Vi-Ka Nagar,13.41,27.27,67.22,0.441,1779,1860.0
2025,4,6,Thiru-Vi-Ka Nagar,14.68,35.83,56.83,0.34,1883,1779.0
2025,5,6,Thiru-Vi-Ka Nagar,19.75,36.25,58.88,0.35,1843,1883.0
2025,6,6,Thiru-Vi-Ka Nagar,7.56,34.71,51.24,0.326,1803,1843.0
2025,7,6,Thiru-Vi-Ka Nagar,19.65,38.52,51.72,0.276,1721,1803.0
2025,8,6,Thiru-Vi-Ka Nagar,4.92,39.92,57.16,0.24,1727,1721.0
2025,9,6,Thiru-Vi-Ka Nagar,217.93,27.85,86.07,0.901,3463,1727.0
2025,10,6,Thiru-Vi-Ka Nagar,319.94,26.16,75.98,0.827,5329,3463.0
2025,11,6,Thiru-Vi-Ka Nagar,132.92,28.71,89.1,0.796,7062,5329.0
2025,12,6,Thiru-Vi-Ka Nagar,151.06,26.1,83.37,0.758,8565,7062.0
2021,1,7,Ambattur,14.05,25.13,70.85,0.414,1900,0.0
2021,2,7,Ambattur,15.04,24.3,65.7,0.379,1685,1900.0
2021,3,7,Ambattur,4.68,26.12,67.35,0.401,1649,1685.0
2021,4,7,Ambattur,5.42,32.63,58.78,0.393,1799,1649.0
2021,5,7,Ambattur,19.81,34.98,58.25,0.373,1798,1799.0
2021,6,7,Ambattur,7.5,38.95,55.71,0.259,1605,1798.0
2021,7,7,Ambattur,10.4,36.42,67.04,0.361,1732,1605.0
2021,8,7,Ambattur,5.05,39.16,64.27,0.284,1690,1732.0
2021,9,7,Ambattur,115.84,26.61,94.8,0.743,2816,1690.0
2021,10,7,Ambattur,260.29,27.71,88.88,0.91,4040,2816.0
2021,11,7,Ambattur,109.14,27.82,84.44,0.713,4281,4040.0
2021,12,7,Ambattur,168.08,29.57,75.37,0.829,4991,4281.0
2022,1,7,Ambattur,49.38,24.32,78.88,0.501,2259,4991.0
2022,2,7,Ambattur,30.39,25.85,70.25,0.459,1752,2259.0
2022,3,7,Ambattur,14.35,31.85,72.34,0.481,1755,1752.0
2022,4,7,Ambattur,18.42,38.37,62.33,0.319,1753,1755.0
2022,5,7,Ambattur,9.96,37.75,61.11,0.309,1707,1753.0
2022,6,7,Ambattur,11.71,33.65,67.37,0.42,1769,1707.0
2022,7,7,Ambattur,8.97,34.99,54.75,0.337,1737,1769.0
2022,8,7,Ambattur,12.48,36.69,59.04,0.327,1713,1737.0
2022,9,7,Ambattur,175.78,26.8,80.26,0.809,3040,1713.0
2022,10,7,Ambattur,212.45,26.84,78.89,0.852,4545,3040.0
2022,11,7,Ambattur,105.24,29.84,76.64,0.714,5291,4545.0
2022,12,7,Ambattur,300.02,27.78,79.08,0.872,7016,5291.0
2023,1,7,Ambattur,14.94,26.07,78.81,0.467,2450,7016.0
2023,2,7,Ambattur,24.23,31.57,63.32,0.47,1882,2450.0
2023,3,7,Ambattur,44.1,25.3,68.55,0.468,1754,1882.0
2023,4,7,Ambattur,17.17,39.29,55.84,0.272,1748,1754.0
2023,5,7,Ambattur,9.45,33.12,50.91,0.36,1767,1748.0
2023,6,7,Ambattur,9.72,32.35,61.54,0.419,1783,1767.0
2023,7,7,Ambattur,15.24,35.52,66.67,0.387,1792,1783.0
2023,8,7,Ambattur,2.69,34.87,55.99,0.332,1812,1792.0
2023,9,7,Ambattur,257.39,28.74,76.09,0.879,3347,1812.0
2023,10,7,Ambattur,171.85,25.29,82.36,0.779,4484,3347.0
2023,11,7,Ambattur,329.37,27.35,80.81,0.87,6227,4484.0
2023,12,7,Ambattur,189.28,26.26,90.75,0.867,7903,6227.0
2024,1,7,Ambattur,35.63,25.45,76.34,0.486,2606,7903.0
2024,2,7,Ambattur,14.5,29.38,77.43,0.526,1936,2606.0
2024,3,7,Ambattur,43.3,24.85,78.93,0.499,1806,1936.0
2024,4,7,Ambattur,18.73,38.6,51.28,0.271,1695,1806.0
2024,5,7,Ambattur,12.16,32.46,54.91,0.395,1793,1695.0
2024,6,7,Ambattur,7.45,34.96,51.37,0.321,1758,1793.0
2024,7,7,Ambattur,8.65,34.08,50.62,0.338,1738,1758.0
2024,8,7,Ambattur,12.72,33.43,61.99,0.405,1849,1738.0
2024,9,7,Ambattur,302.26,26.71,77.94,0.846,3414,1849.0
2024,10,7,Ambattur,298.98,28.36,78.5,0.881,4988,3414.0
2024,11,7,Ambattur,166.37,28.39,87.23,0.85,6460,4988.0
2024,12,7,Ambattur,264.67,29.1,93.63,0.957,8819,6460.0
2025,1,7,Ambattur,33.09,26.84,61.54,0.449,2664,8819.0
2025,2,7,Ambattur,11.13,28.37,66.14,0.454,1836,2664.0
2025,3,7,Ambattur,1.73,29.58,67.84,0.466,1701,1836.0
2025,4,7,Ambattur,9.31,32.65,50.27,0.367,1753,1701.0
2025,5,7,Ambattur,6.54,35.22,56.11,0.333,1786,1753.0
2025,6,7,Ambattur,13.16,35.61,69.95,0.394,1803,1786.0
2025,7,7,Ambattur,8.8,35.05,62.88,0.368,1711,1803.0
2025,8,7,Ambattur,2.85,36.44,57.64,0.308,1664,1711.0
2025,9,7,Ambattur,106.3,28.9,82.1,0.719,2910,1664.0
2025,10,7,Ambattur,155.16,29.3,77.76,0.807,4259,2910.0
2025,11,7,Ambattur,318.26,25.27,78.38,0.819,5650,4259.0
2025,12,7,Ambattur,141.95,25.34,77.41,0.7,6207,5650.0
2021,1,8,Anna Nagar,49.34,25.59,75.44,0.512,2111,0.0
2021,2,8,Anna Nagar,2.57,31.27,65.57,0.442,1896,2111.0
2021,3,8,Anna Nagar,31.56,28.02,75.9,0.527,1972,1896.0
2021,4,8,Anna Nagar,8.18,33.25,53.47,0.365,2001,1972.0
2021,5,8,Anna Nagar,18.62,35.43,67.17,0.397,2126,2001.0
2021,6,8,Anna Nagar,19.39,37.04,60.46,0.34,2063,2126.0
2021,7,8,Anna Nagar,8.07,32.23,52.68,0.382,2122,2063.0
2021,8,8,Anna Nagar,2.14,36.26,58.95,0.315,1960,2122.0
2021,9,8,Anna Nagar,270.38,27.98,90.2,0.92,4898,1960.0
2021,10,8,Anna Nagar,145.4,27.92,93.17,0.822,9081,4898.0
2021,11,8,Anna Nagar,213.32,27.2,85.49,0.886,16681,9081.0
2021,12,8,Anna Nagar,168.51,28.26,86.08,0.847,28396,16681.0
2022,1,8,Anna Nagar,9.03,31.32,71.36,0.477,8923,28396.0
2022,2,8,Anna Nagar,9.32,26.8,75.59,0.457,3830,8923.0
2022,3,8,Anna Nagar,31.7,30.24,70.8,0.542,2562,3830.0
2022,4,8,Anna Nagar,2.5,35.44,63.71,0.351,2240,2562.0
2022,5,8,Anna Nagar,1.44,34.06,50.61,0.324,2127,2240.0
2022,6,8,Anna Nagar,1.14,39.49,60.62,0.255,1853,2127.0
2022,7,8,Anna Nagar,12.07,36.96,63.36,0.338,2040,1853.0
2022,8,8,Anna Nagar,17.26,32.77,54.33,0.397,2220,2040.0
2022,9,8,Anna Nagar,238.45,26.98,81.11,0.864,5722,2220.0
2022,10,8,Anna Nagar,283.4,25.06,90.39,0.863,12381,5722.0
2022,11,8,Anna Nagar,256.17,26.03,82.64,0.851,24586,12381.0
2022,12,8,Anna Nagar,147.01,28.92,82.11,0.801,45072,24586.0
2023,1,8,Anna Nagar,42.1,30.42,63.72,0.531,14701,45072.0
2023,2,8,Anna Nagar,23.11,29.21,68.24,0.503,5591,14701.0
2023,3,8,Anna Nagar,44.51,29.85,61.59,0.532,3080,5591.0
2023,4,8,Anna Nagar,0.36,37.81,69.26,0.321,2338,3080.0
2023,5,8,Anna Nagar,3.92,34.25,62.22,0.372,2215,2338.0
2023,6,8,Anna Nagar,6.86,37.22,64.58,0.328,2185,2215.0
2023,7,8,Anna Nagar,3.89,34.74,51.15,0.318,2111,2185.0
2023,8,8,Anna Nagar,4.21,32.07,69.15,0.444,2370,2111.0
2023,9,8,Anna Nagar,227.78,26.38,75.94,0.831,5895,2370.0
2023,10,8,Anna Nagar,166.9,25.07,91.71,0.802,11910,5895.0
2023,11,8,Anna Nagar,115.55,25.04,77.95,0.644,18497,11910.0
2023,12,8,Anna Nagar,264.16,25.96,79.81,0.838,36113,18497.0
2024,1,8,Anna Nagar,40.33,30.03,79.7,0.599,13390,36113.0
2024,2,8,Anna Nagar,31.24,30.66,71.43,0.535,5560,13390.0
2024,3,8,Anna Nagar,10.13,29.61,71.75,0.499,3052,5560.0
2024,4,8,Anna Nagar,0.44,36.02,56.02,0.305,2209,3052.0
2024,5,8,Anna Nagar,4.39,36.93,69.2,0.347,2174,2209.0
2024,6,8,Anna Nagar,13.13,32.07,64.18,0.442,2295,2174.0
2024,7,8,Anna Nagar,0.78,34.58,63.34,0.363,2297,2295.0
2024,8,8,Anna Nagar,13.36,33.36,66.75,0.427,2370,2297.0
2024,9,8,Anna Nagar,120.68,26.51,84.69,0.71,5220,2370.0
2024,10,8,Anna Nagar,318.52,26.32,79.99,0.846,11341,5220.0
2024,11,8,Anna Nagar,336.79,28.7,92.7,0.945,25039,11341.0
2024,12,8,Anna Nagar,324.6,26.63,82.99,0.865,49502,25039.0
2025,1,8,Anna Nagar,41.68,28.89,76.29,0.566,16865,49502.0
2025,2,8,Anna Nagar,8.55,30.06,68.36,0.489,6145,16865.0
2025,3,8,Anna Nagar,12.99,31.17,77.72,0.514,3191,6145.0
2025,4,8,Anna Nagar,12.63,36.39,58.53,0.332,2369,3191.0
2025,5,8,Anna Nagar,6.3,37.06,52.66,0.282,2018,2369.0
2025,6,8,Anna Nagar,2.3,35.32,67.67,0.369,2130,2018.0
2025,7,8,Anna Nagar,18.05,33.73,57.66,0.392,2217,2130.0
2025,8,8,Anna Nagar,13.41,35.29,62.84,0.372,2215,2217.0
2025,9,8,Anna Nagar,273.74,28.98,86.35,0.925,6052,2215.0
2025,10,8,Anna Nagar,159.77,28.8,90.16,0.856,12827,6052.0
2025,11,8,Anna Nagar,312.27,25.84,82.67,0.847,25583,12827.0
2025,12,8,Anna Nagar,207.63,27.56,77.38,0.861,49840,25583.0
2021,1,9,Teynampet,38.56,26.87,61.48,0.46,1904,0.0
2021,2,9,Teynampet,24.47,25.94,79.71,0.487,1883,1904.0
2021,3,9,Teynampet,9.76,26.25,74.45,0.442,1808,1883.0
2021,4,9,Teynampet,14.29,34.24,63.2,0.397,1957,1808.0
2021,5,9,Teynampet,2.06,36.04,68.05,0.355,1983,1957.0
2021,6,9,Teynampet,12.55,39.21,61.69,0.288,1752,1983.0
2021,7,9,Teynampet,14.08,33.09,54.26,0.383,1932,1752.0
2021,8,9,Teynampet,7.55,34.58,50.4,0.325,1853,1932.0
2021,9,9,Teynampet,187.22,29.15,93.59,0.932,4446,1853.0
2021,10,9,Teynampet,336.82,27.93,78.07,0.871,7704,4446.0
2021,11,9,Teynampet,138.81,29.31,78.64,0.778,11339,7704.0
2021,12,9,Teynampet,102.75,29.5,77.74,0.706,14501,11339.0
2022,1,9,Teynampet,48.55,27.79,78.89,0.569,5446,14501.0
2022,2,9,Teynampet,49.75,27.17,63.48,0.497,2800,5446.0
2022,3,9,Teynampet,27.06,26.73,79.26,0.506,2171,2800.0
2022,4,9,Teynampet,1.28,34.15,61.64,0.366,2129,2171.0
2022,5,9,Teynampet,14.54,35.4,64.85,0.38,2077,2129.0
2022,6,9,Teynampet,9.04,34.53,68.68,0.402,2117,2077.0
2022,7,9,Teynampet,17.27,35.83,60.38,0.359,2045,2117.0
2022,8,9,Teynampet,4.64,36.76,57.82,0.305,1902,2045.0
2022,9,9,Teynampet,228.92,27.48,93.39,0.923,4687,1902.0
2022,10,9,Teynampet,104.8,28.8,80.2,0.706,7588,4687.0
2022,11,9,Teynampet,293.66,27.65,87.88,0.905,14473,7588.0
2022,12,9,Teynampet,290.25,28.73,75.71,0.877,25241,14473.0
2023,1,9,Teynampet,6.67,29.82,61.61,0.456,6888,25241.0
2023,2,9,Teynampet,25.63,27.67,76.13,0.509,3081,6888.0
2023,3,9,Teynampet,40.95,29.68,70.82,0.559,2271,3081.0
2023,4,9,Teynampet,5.63,32.9,67.46,0.423,2239,2271.0
2023,5,9,Teynampet,0.11,33.75,50.15,0.326,1913,2239.0
2023,6,9,Teynampet,8.6,34.2,63.46,0.387,2019,1913.0
2023,7,9,Teynampet,11.61,35.55,52.78,0.323,1995,2019.0
2023,8,9,Teynampet,0.29,38.67,64.76,0.286,1950,1995.0
2023,9,9,Teynampet,309.83,26.23,75.08,0.825,4555,1950.0
2023,10,9,Teynampet,104.83,27.07,77.49,0.661,7134,4555.0
2023,11,9,Teynampet,133.57,27.65,94.16,0.797,12061,7134.0
2023,12,9,Teynampet,226.49,25.19,79.42,0.822,19675,12061.0
2024,1,9,Teynampet,33.05,28.36,61.57,0.479,5952,19675.0
2024,2,9,Teynampet,33.7,28.39,61.04,0.479,2791,5952.0
2024,3,9,Teynampet,0.77,26.02,71.66,0.409,2017,2791.0
2024,4,9,Teynampet,18.54,38.12,52.11,0.283,1906,2017.0
2024,5,9,Teynampet,8.58,37.57,60.82,0.309,1957,1906.0
2024,6,9,Teynampet,9.68,38.44,50.11,0.251,1894,1957.0
2024,7,9,Teynampet,6.51,39.97,68.02,0.286,1941,1894.0
2024,8,9,Teynampet,16.76,39.69,66.06,0.304,1936,1941.0
2024,9,9,Teynampet,134.29,27.53,86.61,0.766,4185,1936.0
2024,10,9,Teynampet,287.57,27.29,78.04,0.858,8172,4185.0
2024,11,9,Teynampet,340.84,28.58,75.21,0.872,14909,8172.0
2024,12,9,Teynampet,244.21,25.59,84.28,0.849,24880,14909.0
2025,1,9,Teynampet,5.29,27.31,67.1,0.425,6462,24880.0
2025,2,9,Teynampet,19.66,24.13,62.0,0.37,2629,6462.0
2025,3,9,Teynampet,20.57,29.38,64.81,0.488,2136,2629.0
2025,4,9,Teynampet,13.28,32.4,69.31,0.456,2284,2136.0
2025,5,9,Teynampet,13.87,38.03,64.01,0.323,2100,2284.0
2025,6,9,Teynampet,8.84,32.49,62.96,0.42,2167,2100.0
2025,7,9,Teynampet,16.41,36.7,66.53,0.365,2060,2167.0
2025,8,9,Teynampet,0.48,33.42,56.71,0.359,1973,2060.0
2025,9,9,Teynampet,222.04,26.31,77.66,0.837,4553,1973.0
2025,10,9,Teynampet,152.42,28.23,94.53,0.848,8867,4553.0
2025,11,9,Teynampet,147.3,27.56,89.41,0.803,14812,8867.0
2025,12,9,Teynampet,255.33,25.55,89.37,0.869,25354,14812.0
2021,1,10,Kodambakkam,31.16,24.51,66.62,0.419,1468,0.0
2021,2,10,Kodambakkam,11.88,26.94,74.56,0.461,1797,1468.0
2021,3,10,Kodambakkam,46.42,31.73,68.56,0.532,1875,1797.0
2021,4,10,Kodambakkam,8.39,34.85,54.95,0.34,1963,1875.0
2021,5,10,Kodambakkam,17.91,32.09,57.78,0.425,2135,1963.0
2021,6,10,Kodambakkam,19.01,35.65,67.81,0.396,2088,2135.0
2021,7,10,Kodambakkam,8.75,34.79,68.08,0.394,2058,2088.0
2021,8,10,Kodambakkam,2.4,36.75,67.81,0.341,1996,2058.0
2021,9,10,Kodambakkam,282.72,25.91,93.77,0.893,4428,1996.0
2021,10,10,Kodambakkam,104.53,29.66,92.44,0.772,7388,4428.0
2021,11,10,Kodambakkam,167.69,27.04,87.88,0.828,12084,7388.0
2021,12,10,Kodambakkam,250.13,25.88,88.3,0.871,19828,12084.0
2022,1,10,Kodambakkam,15.96,24.3,76.58,0.424,5739,19828.0
2022,2,10,Kodambakkam,7.69,25.8,76.32,0.437,2704,5739.0
2022,3,10,Kodambakkam,5.13,29.5,78.74,0.515,2102,2704.0
2022,4,10,Kodambakkam,9.1,32.58,50.23,0.368,2097,2102.0
2022,5,10,Kodambakkam,19.75,38.94,50.8,0.264,1945,2097.0
2022,6,10,Kodambakkam,2.97,39.72,69.73,0.29,1962,1945.0
2022,7,10,Kodambakkam,11.6,36.86,60.67,0.329,2045,1962.0
2022,8,10,Kodambakkam,8.09,37.74,58.56,0.296,1918,2045.0
2022,9,10,Kodambakkam,195.16,29.34,92.56,0.947,5214,1918.0
2022,10,10,Kodambakkam,153.8,26.21,75.24,0.733,9420,5214.0
2022,11,10,Kodambakkam,344.99,27.91,87.04,0.906,18763,9420.0
2022,12,10,Kodambakkam,137.22,29.38,81.11,0.787,31144,18763.0
2023,1,10,Kodambakkam,36.48,25.27,75.31,0.48,9029,31144.0
2023,2,10,Kodambakkam,8.24,30.05,66.6,0.482,3680,9029.0
2023,3,10,Kodambakkam,41.08,26.86,69.19,0.496,2407,3680.0
2023,4,10,Kodambakkam,1.93,32.1,54.84,0.381,2224,2407.0
2023,5,10,Kodambakkam,6.78,36.58,66.05,0.346,2111,2224.0
2023,6,10,Kodambakkam,8.93,38.58,65.97,0.31,2071,2111.0
2023,7,10,Kodambakkam,8.04,39.04,69.88,0.315,2030,2071.0
2023,8,10,Kodambakkam,15.07,37.27,65.38,0.346,2092,2030.0
2023,9,10,Kodambakkam,125.47,26.35,82.2,0.707,4540,2092.0
2023,10,10,Kodambakkam,232.73,25.05,86.9,0.849,9228,4540.0
2023,11,10,Kodambakkam,269.91,26.37,76.52,0.834,17086,9228.0
2023,12,10,Kodambakkam,316.69,29.75,80.65,0.918,33063,17086.0
2024,1,10,Kodambakkam,39.03,31.62,71.68,0.532,10069,33063.0
2024,2,10,Kodambakkam,17.65,26.67,72.43,0.458,3849,10069.0
2024,3,10,Kodambakkam,19.95,25.51,76.8,0.457,2300,3849.0
2024,4,10,Kodambakkam,5.2,33.28,53.19,0.357,2064,2300.0
2024,5,10,Kodambakkam,10.0,38.96,58.24,0.274,1960,2064.0
2024,6,10,Kodambakkam,1.33,36.67,65.33,0.331,2049,1960.0
2024,7,10,Kodambakkam,4.98,32.54,61.53,0.405,2133,2049.0
2024,8,10,Kodambakkam,8.04,36.58,53.07,0.297,1968,2133.0
2024,9,10,Kodambakkam,168.41,25.41,84.76,0.784,4579,1968.0
2024,10,10,Kodambakkam,221.53,25.2,93.41,0.878,9497,4579.0
2024,11,10,Kodambakkam,347.53,26.7,81.24,0.859,17633,9497.0
2024,12,10,Kodambakkam,284.72,28.29,75.65,0.868,32247,17633.0
2025,1,10,Kodambakkam,3.51,25.45,67.91,0.388,7641,32247.0
2025,2,10,Kodambakkam,8.15,24.19,64.68,0.359,2793,7641.0
2025,3,10,Kodambakkam,41.22,25.25,67.94,0.459,2164,2793.0
2025,4,10,Kodambakkam,11.28,32.56,60.01,0.411,2126,2164.0
2025,5,10,Kodambakkam,14.6,33.49,62.38,0.409,2178,2126.0
2025,6,10,Kodambakkam,3.03,36.81,59.55,0.308,2037,2178.0
2025,7,10,Kodambakkam,11.09,37.05,66.52,0.347,2096,2037.0
2025,8,10,Kodambakkam,11.99,34.52,64.57,0.392,2133,2096.0
2025,9,10,Kodambakkam,228.43,25.03,80.76,0.824,5003,2133.0
2025,10,10,Kodambakkam,295.47,28.46,90.32,0.93,10667,5003.0
2025,11,10,Kodambakkam,307.18,28.55,91.59,0.937,21274,10667.0
2025,12,10,Kodambakkam,147.47,26.96,75.78,0.737,33036,21274.0
2021,1,11,Valasaravakkam,36.48,31.1,72.75,0.542,1859,0.0
2021,2,11,Valasaravakkam,26.79,30.68,61.81,0.487,1688,1859.0
2021,3,11,Valasaravakkam,42.56,25.36,66.34,0.458,1684,1688.0
2021,4,11,Valasaravakkam,2.32,32.33,50.92,0.362,1777,1684.0
2021,5,11,Valasaravakkam,6.39,39.6,69.0,0.297,1704,1777.0
2021,6,11,Valasaravakkam,3.76,34.83,59.27,0.348,1730,1704.0
2021,7,11,Valasaravakkam,7.93,38.9,62.44,0.288,1776,1730.0
2021,8,11,Valasaravakkam,9.97,36.3,51.74,0.301,1708,1776.0
2021,9,11,Valasaravakkam,243.62,25.7,91.84,0.881,3006,1708.0
2021,10,11,Valasaravakkam,330.62,25.76,89.14,0.872,4055,3006.0
2021,11,11,Valasaravakkam,106.77,26.16,79.44,0.654,4105,4055.0
2021,12,11,Valasaravakkam,195.78,25.23,85.38,0.838,4761,4105.0
2022,1,11,Valasaravakkam,6.03,29.57,61.54,0.45,2077,4761.0
2022,2,11,Valasaravakkam,29.65,24.73,71.6,0.44,1806,2077.0
2022,3,11,Valasaravakkam,35.41,28.66,61.35,0.489,1722,1806.0
2022,4,11,Valasaravakkam,12.0,37.56,55.83,0.296,1773,1722.0
2022,5,11,Valasaravakkam,14.51,38.99,59.73,0.288,1785,1773.0
2022,6,11,Valasaravakkam,9.09,35.91,60.31,0.341,1787,1785.0
2022,7,11,Valasaravakkam,14.36,32.15,69.11,0.462,1824,1787.0
2022,8,11,Valasaravakkam,14.49,34.19,61.57,0.391,1741,1824.0
2022,9,11,Valasaravakkam,176.17,27.01,76.62,0.799,3013,1741.0
2022,10,11,Valasaravakkam,127.43,27.27,85.96,0.744,4114,3013.0
2022,11,11,Valasaravakkam,264.12,26.69,77.56,0.844,5575,4114.0
2022,12,11,Valasaravakkam,321.55,26.96,86.86,0.887,7092,5575.0
2023,1,11,Valasaravakkam,37.57,31.65,73.14,0.535,2473,7092.0
2023,2,11,Valasaravakkam,43.89,30.96,77.59,0.579,1862,2473.0
2023,3,11,Valasaravakkam,16.76,29.7,63.48,0.481,1789,1862.0
2023,4,11,Valasaravakkam,11.97,34.4,55.94,0.36,1814,1789.0
2023,5,11,Valasaravakkam,18.64,32.7,57.94,0.415,1847,1814.0
2023,6,11,Valasaravakkam,8.62,36.66,56.38,0.31,1734,1847.0
2023,7,11,Valasaravakkam,12.41,35.16,54.03,0.338,1761,1734.0
2023,8,11,Valasaravakkam,12.27,35.9,51.77,0.314,1668,1761.0
2023,9,11,Valasaravakkam,297.23,27.17,92.84,0.915,3317,1668.0
2023,10,11,Valasaravakkam,229.76,26.56,88.55,0.885,4890,3317.0
2023,11,11,Valasaravakkam,236.64,25.22,83.66,0.839,6071,4890.0
2023,12,11,Valasaravakkam,245.02,28.79,85.33,0.917,7767,6071.0
2024,1,11,Valasaravakkam,30.08,29.72,65.93,0.518,2673,7767.0
2024,2,11,Valasaravakkam,3.42,26.29,75.68,0.435,1812,2673.0
2024,3,11,Valasaravakkam,21.68,29.99,61.85,0.491,1811,1812.0
2024,4,11,Valasaravakkam,13.28,38.51,67.63,0.327,1781,1811.0
2024,5,11,Valasaravakkam,2.31,32.94,62.11,0.394,1788,1781.0
2024,6,11,Valasaravakkam,16.06,33.12,60.36,0.411,1845,1788.0
2024,7,11,Valasaravakkam,16.13,39.98,67.16,0.301,1709,1845.0
2024,8,11,Valasaravakkam,11.66,34.84,61.86,0.374,1687,1709.0
2024,9,11,Valasaravakkam,305.6,27.09,76.14,0.846,3105,1687.0
2024,10,11,Valasaravakkam,159.54,27.34,93.17,0.839,4440,3105.0
2024,11,11,Valasaravakkam,165.26,29.17,81.87,0.841,5880,4440.0
2024,12,11,Valasaravakkam,143.13,26.48,86.36,0.761,6736,5880.0
2025,1,11,Valasaravakkam,2.1,25.35,68.38,0.385,2287,6736.0
2025,2,11,Valasaravakkam,43.42,27.36,78.53,0.548,1748,2287.0
2025,3,11,Valasaravakkam,33.56,24.65,65.41,0.422,1736,1748.0
2025,4,11,Valasaravakkam,6.82,35.25,68.35,0.382,1738,1736.0
2025,5,11,Valasaravakkam,17.0,33.0,53.92,0.39,1913,1738.0
2025,6,11,Valasaravakkam,6.76,35.13,52.54,0.321,1721,1913.0
2025,7,11,Valasaravakkam,8.28,36.33,69.16,0.367,1788,1721.0
2025,8,11,Valasaravakkam,1.94,38.38,53.58,0.251,1714,1788.0
2025,9,11,Valasaravakkam,283.65,27.92,75.48,0.86,3274,1714.0
2025,10,11,Valasaravakkam,282.33,26.03,86.5,0.867,4702,3274.0
2025,11,11,Valasaravakkam,267.75,26.81,88.94,0.892,6343,4702.0
2025,12,11,Valasaravakkam,211.05,27.54,88.51,0.905,8096,6343.0
2021,1,12,Alandur,35.66,28.49,75.22,0.542,3439,0.0
2021,2,12,Alandur,2.04,29.42,71.82,0.48,2276,3439.0
2021,3,12,Alandur,34.8,24.78,71.4,0.451,1949,2276.0
2021,4,12,Alandur,9.48,35.93,51.96,0.308,1968,1949.0
2021,5,12,Alandur,8.97,34.63,55.86,0.349,2063,1968.0
2021,6,12,Alandur,19.49,37.59,69.72,0.366,2100,2063.0
2021,7,12,Alandur,18.53,34.07,59.84,0.395,2150,2100.0
2021,8,12,Alandur,8.63,34.27,52.55,0.342,2062,2150.0
2021,9,12,Alandur,140.91,29.07,78.29,0.776,4733,2062.0
2021,10,12,Alandur,206.03,29.67,89.73,0.952,10713,4733.0
2021,11,12,Alandur,126.03,25.89,91.0,0.734,17315,10713.0
2021,12,12,Alandur,120.7,26.23,87.06,0.714,26237,17315.0
2022,1,12,Alandur,3.27,28.32,66.31,0.438,8307,26237.0
2022,2,12,Alandur,6.48,31.65,77.77,0.491,3958,8307.0
2022,3,12,Alandur,2.29,31.79,77.43,0.479,2533,3958.0
2022,4,12,Alandur,0.79,32.84,59.61,0.383,2340,2533.0
2022,5,12,Alandur,5.54,39.3,61.85,0.272,2046,2340.0
2022,6,12,Alandur,0.6,37.64,56.16,0.273,1971,2046.0
2022,7,12,Alandur,12.95,33.95,67.96,0.419,2350,1971.0
2022,8,12,Alandur,17.88,34.59,53.84,0.359,2241,2350.0
2022,9,12,Alandur,186.52,28.2,94.51,0.915,6379,2241.0
2022,10,12,Alandur,222.06,26.62,78.0,0.844,14200,6379.0
2022,11,12,Alandur,193.04,27.2,83.64,0.865,30320,14200.0
2022,12,12,Alandur,100.8,26.78,87.39,0.687,50496,30320.0
2023,1,12,Alandur,14.11,25.98,65.23,0.409,13764,50496.0
2023,2,12,Alandur,49.25,24.22,75.44,0.485,5255,13764.0
2023,3,12,Alandur,11.99,26.78,62.84,0.411,2748,5255.0
2023,4,12,Alandur,18.06,37.34,67.05,0.357,2424,2748.0
2023,5,12,Alandur,6.9,38.99,60.15,0.275,2113,2424.0
2023,6,12,Alandur,14.11,35.0,63.77,0.383,2197,2113.0
2023,7,12,Alandur,19.28,37.78,68.19,0.356,2227,2197.0
2023,8,12,Alandur,8.14,34.79,51.32,0.326,2103,2227.0
2023,9,12,Alandur,341.02,28.44,76.79,0.876,5805,2103.0
2023,10,12,Alandur,230.32,25.63,94.52,0.891,13721,5805.0
2023,11,12,Alandur,152.3,29.22,76.0,0.793,27186,13721.0
2023,12,12,Alandur,323.52,29.46,93.93,0.965,62916,27186.0
2024,1,12,Alandur,25.69,26.95,70.18,0.471,19089,62916.0
2024,2,12,Alandur,16.62,26.99,61.13,0.418,6319,19089.0
2024,3,12,Alandur,12.94,29.79,68.69,0.496,3343,6319.0
2024,4,12,Alandur,5.78,34.0,56.2,0.356,2607,3343.0
2024,5,12,Alandur,13.84,35.13,54.13,0.341,2394,2607.0
2024,6,12,Alandur,14.85,33.56,53.4,0.372,2392,2394.0
2024,7,12,Alandur,8.22,32.18,52.6,0.383,2328,2392.0
2024,8,12,Alandur,8.47,36.85,51.69,0.287,2177,2328.0
2024,9,12,Alandur,243.57,28.89,88.34,0.931,6330,2177.0
2024,10,12,Alandur,138.62,27.15,84.75,0.759,12826,6330.0
2024,11,12,Alandur,193.13,25.31,93.57,0.867,27233,12826.0
2024,12,12,Alandur,345.89,29.85,80.19,0.918,59912,27233.0
2025,1,12,Alandur,11.57,29.85,70.05,0.5,19309,59912.0
2025,2,12,Alandur,28.7,24.23,67.86,0.413,6160,19309.0
2025,3,12,Alandur,28.89,26.32,77.32,0.493,3256,6160.0
2025,4,12,Alandur,5.87,37.58,60.51,0.302,2481,3256.0
2025,5,12,Alandur,9.57,36.33,61.71,0.339,2196,2481.0
2025,6,12,Alandur,4.18,36.42,51.17,0.285,2085,2196.0
2025,7,12,Alandur,12.51,33.48,61.43,0.401,2172,2085.0
2025,8,12,Alandur,9.5,32.58,68.45,0.441,2351,2172.0
2025,9,12,Alandur,217.91,28.13,76.83,0.87,6268,2351.0
2025,10,12,Alandur,206.87,28.73,87.9,0.926,14921,6268.0
2025,11,12,Alandur,128.15,29.43,83.16,0.778,28624,14921.0
2025,12,12,Alandur,102.48,27.3,90.56,0.713,48915,28624.0
2021,1,13,Adyar,26.14,24.2,68.55,0.411,3997,0.0
2021,2,13,Adyar,8.72,27.09,73.82,0.455,2428,3997.0
2021,3,13,Adyar,43.87,29.58,74.82,0.579,2169,2428.0
2021,4,13,Adyar,8.68,36.93,57.97,0.311,2007,2169.0
2021,5,13,Adyar,15.83,32.73,65.79,0.44,2145,2007.0
2021,6,13,Adyar,16.28,33.3,63.69,0.421,2236,2145.0
2021,7,13,Adyar,9.85,37.07,56.58,0.305,1960,2236.0
2021,8,13,Adyar,11.42,39.89,57.12,0.253,1872,1960.0
2021,9,13,Adyar,189.71,26.96,92.54,0.889,4647,1872.0
2021,10,13,Adyar,128.31,29.19,94.7,0.819,8433,4647.0
2021,11,13,Adyar,124.86,28.61,79.86,0.741,13232,8433.0
2021,12,13,Adyar,188.92,26.49,89.38,0.865,22763,13232.0
2022,1,13,Adyar,31.29,28.93,77.72,0.552,8228,22763.0
2022,2,13,Adyar,32.76,24.7,71.02,0.444,3453,8228.0
2022,3,13,Adyar,1.23,26.59,60.44,0.376,2192,3453.0
2022,4,13,Adyar,12.36,36.48,64.05,0.351,2160,2192.0
2022,5,13,Adyar,12.63,33.05,64.66,0.423,2313,2160.0
2022,6,13,Adyar,19.4,37.38,51.88,0.299,2082,2313.0
2022,7,13,Adyar,18.69,32.81,57.03,0.409,2227,2082.0
2022,8,13,Adyar,1.39,32.54,60.38,0.393,2295,2227.0
2022,9,13,Adyar,315.5,27.44,93.46,0.923,6106,2295.0
2022,10,13,Adyar,193.97,27.3,82.89,0.865,13053,6106.0
2022,11,13,Adyar,160.17,25.99,77.43,0.75,22931,13053.0
2022,12,13,Adyar,247.05,28.21,84.62,0.903,45971,22931.0
2023,1,13,Adyar,13.6,27.6,75.19,0.48,13552,45971.0
2023,2,13,Adyar,45.46,27.98,70.77,0.534,5303,13552.0
2023,3,13,Adyar,32.56,26.82,72.42,0.491,2963,5303.0
2023,4,13,Adyar,3.71,33.92,51.58,0.335,2397,2963.0
2023,5,13,Adyar,19.86,34.2,52.63,0.366,2237,2397.0
2023,6,13,Adyar,2.85,34.77,67.8,0.382,2175,2237.0
2023,7,13,Adyar,2.61,33.0,65.81,0.408,2305,2175.0
2023,8,13,Adyar,18.95,39.64,51.45,0.251,1994,2305.0
2023,9,13,Adyar,258.18,25.02,89.08,0.857,5116,1994.0
2023,10,13,Adyar,166.4,26.47,75.35,0.764,10047,5116.0
2023,11,13,Adyar,340.16,29.76,78.94,0.911,21234,10047.0
2023,12,13,Adyar,219.08,26.02,84.95,0.86,41164,21234.0
2024,1,13,Adyar,34.86,27.69,74.29,0.521,13291,41164.0
2024,2,13,Adyar,33.57,25.59,72.65,0.47,4852,13291.0
2024,3,13,Adyar,12.1,24.73,74.28,0.416,2534,4852.0
2024,4,13,Adyar,7.14,38.63,57.08,0.27,2124,2534.0
2024,5,13,Adyar,10.16,32.14,58.39,0.411,2289,2124.0
2024,6,13,Adyar,18.16,36.78,65.17,0.361,2227,2289.0
2024,7,13,Adyar,11.32,37.23,56.26,0.303,2036,2227.0
2024,8,13,Adyar,13.18,38.9,54.22,0.265,2019,2036.0
2024,9,13,Adyar,234.51,29.95,91.8,0.966,5821,2019.0
2024,10,13,Adyar,306.89,25.15,78.41,0.817,11682,5821.0
2024,11,13,Adyar,248.8,29.84,78.01,0.909,24454,11682.0
2024,12,13,Adyar,112.59,28.46,76.06,0.699,38454,24454.0
2025,1,13,Adyar,44.31,31.33,78.69,0.577,13497,38454.0
2025,2,13,Adyar,39.37,24.32,66.13,0.43,4635,13497.0
2025,3,13,Adyar,20.56,26.64,68.55,0.448,2619,4635.0
2025,4,13,Adyar,13.53,39.57,63.59,0.29,2117,2619.0
2025,5,13,Adyar,2.11,36.35,61.71,0.324,2044,2117.0
2025,6,13,Adyar,11.54,38.42,56.91,0.282,1993,2044.0
2025,7,13,Adyar,15.27,33.81,60.47,0.396,2194,1993.0
2025,8,13,Adyar,15.65,33.93,69.85,0.432,2372,2194.0
2025,9,13,Adyar,230.34,25.98,92.93,0.891,6068,2372.0
2025,10,13,Adyar,167.29,28.92,78.97,0.829,12518,6068.0
2025,11,13,Adyar,167.64,29.71,79.98,0.849,24336,12518.0
2025,12,13,Adyar,348.03,25.49,92.15,0.878,47739,24336.0
2021,1,14,Perungudi,31.82,28.07,66.29,0.49,2480,0.0
2021,2,14,Perungudi,17.05,31.4,62.27,0.455,1881,2480.0
2021,3,14,Perungudi,14.68,30.48,76.19,0.524,1835,1881.0
2021,4,14,Perungudi,7.49,36.03,62.52,0.345,1840,1835.0
2021,5,14,Perungudi,10.99,39.1,58.83,0.275,1711,1840.0
2021,6,14,Perungudi,19.0,36.91,64.51,0.358,1769,1711.0
2021,7,14,Perungudi,2.58,33.22,52.56,0.351,1731,1769.0
2021,8,14,Perungudi,2.04,33.97,53.06,0.337,1718,1731.0
2021,9,14,Perungudi,194.24,26.51,84.25,0.856,3270,1718.0
2021,10,14,Perungudi,317.47,27.96,85.38,0.901,4950,3270.0
2021,11,14,Perungudi,199.3,26.02,88.36,0.873,6545,4950.0
2021,12,14,Perungudi,265.92,28.66,93.74,0.948,8741,6545.0
2022,1,14,Perungudi,43.5,31.0,60.43,0.509,3030,8741.0
2022,2,14,Perungudi,12.99,27.97,74.47,0.483,1919,3030.0
2022,3,14,Perungudi,34.16,26.19,68.92,0.468,1794,1919.0
2022,4,14,Perungudi,7.01,32.63,50.66,0.364,1838,1794.0
2022,5,14,Perungudi,3.59,39.77,54.75,0.231,1681,1838.0
2022,6,14,Perungudi,3.54,38.7,63.85,0.288,1847,1681.0
2022,7,14,Perungudi,5.7,38.42,56.15,0.267,1767,1847.0
2022,8,14,Perungudi,10.8,37.21,67.6,0.348,1833,1767.0
2022,9,14,Perungudi,143.71,26.99,85.05,0.767,3363,1833.0
2022,10,14,Perungudi,338.83,26.58,90.74,0.894,5686,3363.0
2022,11,14,Perungudi,171.48,29.31,91.32,0.894,8621,5686.0
2022,12,14,Perungudi,240.37,28.02,86.21,0.905,12326,8621.0
2023,1,14,Perungudi,24.38,24.5,60.67,0.381,3201,12326.0
2023,2,14,Perungudi,41.11,30.2,67.61,0.549,2224,3201.0
2023,3,14,Perungudi,48.96,25.01,72.68,0.489,1887,2224.0
2023,4,14,Perungudi,11.66,38.85,69.91,0.326,1832,1887.0
2023,5,14,Perungudi,8.22,37.71,68.15,0.335,1842,1832.0
2023,6,14,Perungudi,12.92,34.72,62.74,0.382,1799,1842.0
2023,7,14,Perungudi,17.54,33.19,68.88,0.447,1929,1799.0
2023,8,14,Perungudi,1.54,38.36,60.01,0.276,1810,1929.0
2023,9,14,Perungudi,266.6,28.81,94.32,0.953,4016,1810.0
2023,10,14,Perungudi,187.02,25.01,82.43,0.804,5904,4016.0
2023,11,14,Perungudi,248.39,28.11,76.46,0.868,8654,5904.0
2023,12,14,Perungudi,182.89,26.04,92.1,0.855,11509,8654.0
2024,1,14,Perungudi,36.45,26.19,77.23,0.506,3554,11509.0
2024,2,14,Perungudi,5.07,26.21,65.56,0.397,1967,3554.0
2024,3,14,Perungudi,36.94,25.99,60.27,0.435,1747,1967.0
2024,4,14,Perungudi,18.28,34.61,69.06,0.42,1876,1747.0
2024,5,14,Perungudi,9.49,37.03,61.21,0.323,1848,1876.0
2024,6,14,Perungudi,11.58,33.25,62.65,0.409,1903,1848.0
2024,7,14,Perungudi,15.29,38.1,62.47,0.319,1839,1903.0
2024,8,14,Perungudi,14.75,38.42,55.73,0.284,1841,1839.0
2024,9,14,Perungudi,148.79,28.71,84.79,0.811,3547,1841.0
2024,10,14,Perungudi,227.65,29.55,87.3,0.94,6090,3547.0
2024,11,14,Perungudi,161.66,28.31,84.42,0.827,8506,6090.0
2024,12,14,Perungudi,253.49,27.89,80.06,0.878,11743,8506.0
2025,1,14,Perungudi,20.16,28.25,75.05,0.506,3560,11743.0
2025,2,14,Perungudi,48.69,26.2,70.88,0.505,2136,3560.0
2025,3,14,Perungudi,10.08,29.51,78.69,0.525,1920,2136.0
2025,4,14,Perungudi,5.44,37.29,54.36,0.282,1804,1920.0
2025,5,14,Perungudi,16.4,35.99,50.83,0.316,1827,1804.0
2025,6,14,Perungudi,11.32,35.17,68.16,0.392,1857,1827.0
2025,7,14,Perungudi,8.84,33.48,53.27,0.361,1818,1857.0
2025,8,14,Perungudi,4.49,35.28,57.99,0.335,1865,1818.0
2025,9,14,Perungudi,249.24,27.15,91.2,0.908,3863,1865.0
2025,10,14,Perungudi,287.82,29.23,92.94,0.956,6537,3863.0
2025,11,14,Perungudi,198.28,25.05,77.79,0.809,8765,6537.0
2025,12,14,Perungudi,101.75,26.17,83.07,0.659,9529,8765.0
2021,1,15,Shollinganallur,20.52,25.83,75.11,0.458,2115,0.0
2021,2,15,Shollinganallur,33.0,28.44,76.34,0.54,1821,2115.0
2021,3,15,Shollinganallur,25.57,30.39,70.03,0.524,1782,1821.0
2021,4,15,Shollinganallur,3.26,37.14,51.41,0.269,1794,1782.0
2021,5,15,Shollinganallur,2.86,36.95,65.23,0.328,1697,1794.0
2021,6,15,Shollinganallur,17.32,32.21,50.9,0.394,1782,1697.0
2021,7,15,Shollinganallur,3.64,39.17,56.91,0.251,1693,1782.0
2021,8,15,Shollinganallur,5.7,39.17,53.47,0.242,1607,1693.0
2021,9,15,Shollinganallur,158.05,26.92,92.99,0.826,3022,1607.0
2021,10,15,Shollinganallur,183.8,25.02,91.06,0.832,4347,3022.0
2021,11,15,Shollinganallur,103.25,26.04,76.71,0.634,4672,4347.0
2021,12,15,Shollinganallur,165.57,25.26,86.9,0.784,5696,4672.0
2022,1,15,Shollinganallur,39.94,26.81,79.96,0.536,2555,5696.0
2022,2,15,Shollinganallur,34.16,30.81,61.52,0.498,1916,2555.0
2022,3,15,Shollinganallur,39.74,25.77,73.87,0.49,1733,1916.0
2022,4,15,Shollinganallur,11.35,38.4,63.79,0.31,1738,1733.0
2022,5,15,Shollinganallur,9.85,38.97,54.94,0.26,1726,1738.0
2022,6,15,Shollinganallur,9.94,38.95,62.36,0.29,1767,1726.0
2022,7,15,Shollinganallur,12.21,34.18,64.32,0.398,1857,1767.0
2022,8,15,Shollinganallur,6.66,39.95,63.39,0.268,1777,1857.0
2022,9,15,Shollinganallur,117.04,25.68,75.52,0.65,3009,1777.0
2022,10,15,Shollinganallur,163.67,25.19,91.82,0.798,4820,3009.0
2022,11,15,Shollinganallur,163.06,27.3,90.1,0.833,6972,4820.0
2022,12,15,Shollinganallur,167.46,27.49,91.5,0.851,9282,6972.0
2023,1,15,Shollinganallur,26.62,26.78,68.22,0.462,3010,9282.0
2023,2,15,Shollinganallur,26.17,30.34,65.74,0.508,2013,3010.0
2023,3,15,Shollinganallur,34.32,25.4,61.39,0.422,1826,2013.0
2023,4,15,Shollinganallur,16.63,32.92,61.98,0.423,1836,1826.0
2023,5,15,Shollinganallur,16.48,38.57,69.1,0.338,1727,1836.0
2023,6,15,Shollinganallur,6.22,36.85,63.54,0.33,1779,1727.0
2023,7,15,Shollinganallur,9.67,36.71,67.27,0.354,1813,1779.0
2023,8,15,Shollinganallur,1.46,34.36,58.06,0.348,1793,1813.0
2023,9,15,Shollinganallur,174.51,28.91,77.11,0.836,3526,1793.0
2023,10,15,Shollinganallur,343.55,25.12,91.94,0.87,5721,3526.0
2023,11,15,Shollinganallur,335.93,27.61,94.2,0.929,8521,5721.0
2023,12,15,Shollinganallur,335.2,27.05,85.14,0.881,11681,8521.0
2024,1,15,Shollinganallur,17.27,31.83,66.71,0.465,3379,11681.0
2024,2,15,Shollinganallur,3.38,25.43,70.37,0.397,2080,3379.0
2024,3,15,Shollinganallur,12.38,27.67,61.25,0.423,1814,2080.0
2024,4,15,Shollinganallur,18.82,32.82,67.53,0.451,1915,1814.0
2024,5,15,Shollinganallur,0.2,36.29,64.47,0.333,1879,1915.0
2024,6,15,Shollinganallur,5.42,34.51,54.05,0.337,1795,1879.0
2024,7,15,Shollinganallur,12.49,36.7,67.29,0.36,1846,1795.0
2024,8,15,Shollinganallur,19.47,38.78,59.3,0.301,1703,1846.0
2024,9,15,Shollinganallur,309.56,29.3,82.23,0.915,3562,1703.0
2024,10,15,Shollinganallur,112.56,27.76,75.7,0.683,4738,3562.0
2024,11,15,Shollinganallur,244.47,29.09,93.09,0.954,7616,4738.0
2024,12,15,Shollinganallur,305.17,26.75,84.55,0.873,10362,7616.0
2025,1,15,Shollinganallur,36.57,25.17,76.49,0.483,3220,10362.0
2025,2,15,Shollinganallur,45.21,28.4,67.49,0.528,1956,3220.0
2025,3,15,Shollinganallur,38.98,30.55,60.32,0.508,1783,1956.0
2025,4,15,Shollinganallur,0.32,34.59,64.58,0.367,1860,1783.0
2025,5,15,Shollinganallur,6.16,39.18,62.27,0.278,1807,1860.0
2025,6,15,Shollinganallur,3.03,36.77,58.66,0.305,1712,1807.0
2025,7,15,Shollinganallur,1.02,36.09,57.96,0.312,1773,1712.0
2025,8,15,Shollinganallur,14.62,36.63,58.4,0.33,1849,1773.0
2025,9,15,Shollinganallur,243.03,26.34,78.62,0.841,3510,1849.0
2025,10,15,Shollinganallur,115.61,25.55,84.72,0.681,4629,3510.0
2025,11,15,Shollinganallur,192.28,26.72,82.14,0.848,6733,4629.0
2025,12,15,Shollinganallur,306.88,26.54,75.01,0.831,8885,6733.0
