year,month,zone_id,zone_name,rainfall_mm,temperature_c,water_quality_index,sanitation_index,cases,prev_month_cases
2015,1,1,Thiruvottiyur,30.59,25.12,62.92,65,173,209.0
2015,2,1,Thiruvottiyur,31.82,26.51,65.09,65,178,173.0
2015,3,1,Thiruvottiyur,17.05,24.91,69.25,65,138,178.0
2015,4,1,Thiruvottiyur,8.81,39.67,51.44,65,336,138.0
2015,5,1,Thiruvottiyur,15.09,40.0,49.1,65,421,336.0
2015,6,1,Thiruvottiyur,16.49,37.09,58.65,65,342,421.0
2015,7,1,Thiruvottiyur,46.64,30.93,60.45,65,252,342.0
2015,8,1,Thiruvottiyur,23.7,29.34,61.72,65,206,252.0
2015,9,1,Thiruvottiyur,223.12,29.91,38.81,65,402,206.0
2015,10,1,Thiruvottiyur,287.27,25.58,40.67,65,478,402.0
2015,11,1,Thiruvottiyur,767.94,26.73,10.0,65,796,478.0
2015,12,1,Thiruvottiyur,719.94,27.13,10.0,65,882,796.0
2016,1,1,Thiruvottiyur,28.4,31.32,60.34,65,426,882.0
2016,2,1,Thiruvottiyur,49.75,25.39,63.96,65,226,426.0
2016,3,1,Thiruvottiyur,27.06,31.7,63.42,65,144,226.0
2016,4,1,Thiruvottiyur,1.93,38.07,50.01,65,198,144.0
2016,5,1,Thiruvottiyur,21.82,39.2,48.76,65,210,198.0
2016,6,1,Thiruvottiyur,1.25,35.04,64.77,65,164,210.0
2016,7,1,Thiruvottiyur,26.68,28.86,67.65,65,105,164.0
2016,8,1,Thiruvottiyur,21.41,29.74,66.92,65,61,105.0
2016,9,1,Thiruvottiyur,345.23,26.9,34.26,65,205,61.0
2016,10,1,Thiruvottiyur,103.64,26.21,59.4,65,144,205.0
2016,11,1,Thiruvottiyur,324.42,29.06,34.12,65,202,144.0
2016,12,1,Thiruvottiyur,365.86,27.97,27.33,65,268,202.0
2017,1,1,Thiruvottiyur,37.57,29.26,69.57,65,107,268.0
2017,2,1,Thiruvottiyur,43.89,31.04,68.71,65,61,107.0
2017,3,1,Thiruvottiyur,35.6,30.61,61.01,65,73,61.0
2017,4,1,Thiruvottiyur,7.19,39.56,43.94,65,206,73.0
2017,5,1,Thiruvottiyur,12.65,36.88,59.38,65,165,206.0
2017,6,1,Thiruvottiyur,10.38,35.08,55.05,65,162,165.0
2017,7,1,Thiruvottiyur,6.53,30.32,61.25,65,129,162.0
2017,8,1,Thiruvottiyur,14.98,24.61,65.01,65,100,129.0
2017,9,1,Thiruvottiyur,389.81,28.81,30.53,65,222,100.0
2017,10,1,Thiruvottiyur,392.26,29.24,21.01,65,326,222.0
2017,11,1,Thiruvottiyur,327.19,25.81,32.05,65,309,326.0
2017,12,1,Thiruvottiyur,382.24,27.53,25.87,65,333,309.0
2018,1,1,Thiruvottiyur,17.27,26.68,69.79,65,169,333.0
2018,2,1,Thiruvottiyur,3.38,28.15,61.79,65,155,169.0
2018,3,1,Thiruvottiyur,12.38,24.5,64.59,65,111,155.0
2018,4,1,Thiruvottiyur,16.6,37.52,50.63,65,183,111.0
2018,5,1,Thiruvottiyur,23.75,37.16,51.44,65,190,183.0
2018,6,1,Thiruvottiyur,24.65,38.62,53.92,65,176,190.0
2018,7,1,Thiruvottiyur,46.46,26.74,65.28,65,120,176.0
2018,8,1,Thiruvottiyur,16.31,26.4,62.33,65,86,120.0
2018,9,1,Thiruvottiyur,185.71,29.64,51.13,65,133,86.0
2018,10,1,Thiruvottiyur,303.22,27.83,38.97,65,194,133.0
2018,11,1,Thiruvottiyur,349.28,25.6,32.42,65,251,194.0
2018,12,1,Thiruvottiyur,380.12,28.42,27.3,65,288,251.0
2019,1,1,Thiruvottiyur,33.55,30.44,69.47,65,136,288.0
2019,2,1,Thiruvottiyur,22.11,26.68,63.95,65,104,136.0
2019,3,1,Thiruvottiyur,31.27,29.98,62.19,65,78,104.0
2019,4,1,Thiruvottiyur,11.66,35.68,54.24,65,133,78.0
2019,5,1,Thiruvottiyur,20.27,36.77,58.13,65,142,133.0
2019,6,1,Thiruvottiyur,28.08,38.71,50.55,65,172,142.0
2019,7,1,Thiruvottiyur,49.48,29.47,69.49,65,81,172.0
2019,8,1,Thiruvottiyur,28.19,26.09,66.95,65,69,81.0
2019,9,1,Thiruvottiyur,171.72,28.79,50.43,65,129,69.0
2019,10,1,Thiruvottiyur,354.73,26.92,26.21,65,283,129.0
2019,11,1,Thiruvottiyur,253.72,26.74,38.38,65,279,283.0
2019,12,1,Thiruvottiyur,380.44,29.55,30.15,65,333,279.0
2020,1,1,Thiruvottiyur,12.04,27.09,60.81,65,187,333.0
2020,2,1,Thiruvottiyur,23.76,31.18,65.25,65,132,187.0
2020,3,1,Thiruvottiyur,40.26,25.49,60.85,65,121,132.0
2020,4,1,Thiruvottiyur,18.1,34.56,62.94,65,138,121.0
2020,5,1,Thiruvottiyur,22.27,35.6,54.09,65,170,138.0
2020,6,1,Thiruvottiyur,22.86,40.25,46.2,65,262,170.0
2020,7,1,Thiruvottiyur,0.45,29.19,65.11,65,152,262.0
2020,8,1,Thiruvottiyur,3.4,26.54,62.67,65,122,152.0
2020,9,1,Thiruvottiyur,240.18,25.53,42.48,65,229,122.0
2020,10,1,Thiruvottiyur,130.56,29.56,55.15,65,201,229.0
2020,11,1,Thiruvottiyur,187.67,26.47,44.78,65,233,201.0
2020,12,1,Thiruvottiyur,346.9,26.18,31.83,65,303,233.0
2021,1,1,Thiruvottiyur,0.37,27.38,67.18,65,156,303.0
2021,2,1,Thiruvottiyur,11.72,24.16,68.79,65,119,156.0
2021,3,1,Thiruvottiyur,20.9,30.83,68.56,65,65,119.0
2021,4,1,Thiruvottiyur,26.23,36.47,58.56,65,115,65.0
2021,5,1,Thiruvottiyur,17.8,35.47,54.99,65,198,115.0
2021,6,1,Thiruvottiyur,19.9,39.85,45.02,65,247,198.0
2021,7,1,Thiruvottiyur,12.16,29.96,61.68,65,149,247.0
2021,8,1,Thiruvottiyur,45.77,30.1,65.05,65,86,149.0
2021,9,1,Thiruvottiyur,166.53,28.9,45.36,65,153,86.0
2021,10,1,Thiruvottiyur,382.57,28.7,22.61,65,320,153.0
2021,11,1,Thiruvottiyur,175.36,26.6,43.81,65,266,320.0
2021,12,1,Thiruvottiyur,167.08,29.67,46.74,65,223,266.0
2022,1,1,Thiruvottiyur,46.63,30.88,67.1,65,122,223.0
2022,2,1,Thiruvottiyur,24.59,31.17,68.07,65,76,122.0
2022,3,1,Thiruvottiyur,21.8,29.99,68.28,65,65,76.0
2022,4,1,Thiruvottiyur,27.9,37.39,53.94,65,118,65.0
2022,5,1,Thiruvottiyur,4.87,37.41,56.37,65,158,118.0
2022,6,1,Thiruvottiyur,8.02,37.56,50.07,65,197,158.0
2022,7,1,Thiruvottiyur,3.9,24.85,64.93,65,108,197.0
2022,8,1,Thiruvottiyur,6.05,24.63,65.27,65,81,108.0
2022,9,1,Thiruvottiyur,281.2,29.36,41.87,65,173,81.0
2022,10,1,Thiruvottiyur,125.39,25.6,49.71,65,174,173.0
2022,11,1,Thiruvottiyur,234.52,26.6,43.99,65,215,174.0
2022,12,1,Thiruvottiyur,380.8,28.39,26.06,65,298,215.0
2023,1,1,Thiruvottiyur,35.44,25.99,63.24,65,218,298.0
2023,2,1,Thiruvottiyur,15.16,29.58,67.9,65,143,218.0
2023,3,1,Thiruvottiyur,16.86,26.1,61.22,65,182,143.0
2023,4,1,Thiruvottiyur,20.81,34.28,65.2,65,172,182.0
2023,5,1,Thiruvottiyur,26.53,40.04,46.84,65,412,172.0
2023,6,1,Thiruvottiyur,13.09,35.36,62.25,65,317,412.0
2023,7,1,Thiruvottiyur,20.59,26.66,66.69,65,189,317.0
2023,8,1,Thiruvottiyur,43.21,27.72,67.44,65,148,189.0
2023,9,1,Thiruvottiyur,172.45,27.55,46.55,65,313,148.0
2023,10,1,Thiruvottiyur,169.47,25.91,51.16,65,316,313.0
2023,11,1,Thiruvottiyur,557.27,26.94,10.0,65,693,316.0
2023,12,1,Thiruvottiyur,414.24,27.49,24.12,65,740,693.0
2024,1,1,Thiruvottiyur,12.57,25.39,69.58,65,339,740.0
2024,2,1,Thiruvottiyur,20.54,29.76,65.12,65,203,339.0
2024,3,1,Thiruvottiyur,43.62,25.73,60.84,65,138,203.0
2024,4,1,Thiruvottiyur,28.28,39.73,49.06,65,183,138.0
2024,5,1,Thiruvottiyur,0.91,34.92,64.06,65,133,183.0
2024,6,1,Thiruvottiyur,12.21,36.86,55.78,65,150,133.0
2024,7,1,Thiruvottiyur,46.4,27.63,67.34,65,87,150.0
2024,8,1,Thiruvottiyur,17.49,29.67,63.68,65,82,87.0
2024,9,1,Thiruvottiyur,306.08,26.47,34.99,65,186,82.0
2024,10,1,Thiruvottiyur,131.79,25.56,49.73,65,181,186.0
2024,11,1,Thiruvottiyur,132.08,27.52,53.76,65,161,181.0
2024,12,1,Thiruvottiyur,159.68,29.68,44.22,65,186,161.0
2015,1,2,Manali,39.26,25.6,60.14,60,195,251.0
2015,2,2,Manali,20.52,30.04,57.29,60,210,195.0
2015,3,2,Manali,33.0,30.54,60.55,60,218,210.0
2015,4,2,Manali,23.95,38.55,48.15,60,416,218.0
2015,5,2,Manali,19.27,34.19,57.89,60,379,416.0
2015,6,2,Manali,4.29,39.33,45.36,60,468,379.0
2015,7,2,Manali,19.04,31.76,63.42,60,317,468.0
2015,8,2,Manali,8.45,26.23,56.77,60,263,317.0
2015,9,2,Manali,359.65,29.09,21.61,60,559,263.0
2015,10,2,Manali,141.78,28.97,47.02,60,477,559.0
2015,11,2,Manali,580.98,25.7,10.0,60,776,477.0
2015,12,2,Manali,503.16,25.7,13.03,60,836,776.0
2016,1,2,Manali,46.22,31.77,64.44,60,378,836.0
2016,2,2,Manali,7.69,30.53,57.24,60,211,378.0
2016,3,2,Manali,5.13,31.5,61.88,60,117,211.0
2016,4,2,Manali,13.66,34.08,53.02,60,143,117.0
2016,5,2,Manali,29.63,34.28,60.47,60,126,143.0
2016,6,2,Manali,28.55,38.47,49.99,60,177,126.0
2016,7,2,Manali,47.78,24.15,56.96,60,161,177.0
2016,8,2,Manali,28.92,26.19,55.79,60,122,161.0
2016,9,2,Manali,337.01,26.52,22.11,60,256,122.0
2016,10,2,Manali,264.39,27.27,37.0,60,230,256.0
2016,11,2,Manali,378.43,26.12,20.88,60,305,230.0
2016,12,2,Manali,100.97,28.1,48.46,60,242,305.0
2017,1,2,Manali,14.11,26.09,57.47,60,185,242.0
2017,2,2,Manali,49.25,30.18,55.27,60,128,185.0
2017,3,2,Manali,17.4,27.6,62.49,60,104,128.0
2017,4,2,Manali,1.91,39.82,43.94,60,183,104.0
2017,5,2,Manali,9.28,39.77,47.63,60,230,183.0
2017,6,2,Manali,10.22,34.5,55.34,60,173,230.0
2017,7,2,Manali,43.85,31.55,56.49,60,144,173.0
2017,8,2,Manali,2.51,24.58,59.03,60,113,144.0
2017,9,2,Manali,131.61,28.91,48.28,60,121,113.0
2017,10,2,Manali,334.11,27.29,25.57,60,232,121.0
2017,11,2,Manali,292.18,28.33,27.41,60,282,232.0
2017,12,2,Manali,199.66,28.47,42.75,60,246,282.0
2018,1,2,Manali,36.35,28.5,64.47,60,141,246.0
2018,2,2,Manali,20.18,29.9,62.05,60,106,141.0
2018,3,2,Manali,33.64,24.65,64.51,60,95,106.0
2018,4,2,Manali,25.14,40.01,44.96,60,197,95.0
2018,5,2,Manali,11.63,39.62,47.46,60,211,197.0
2018,6,2,Manali,7.92,40.57,42.43,60,254,211.0
2018,7,2,Manali,29.66,24.43,59.55,60,171,254.0
2018,8,2,Manali,17.77,29.39,55.63,60,135,171.0
2018,9,2,Manali,212.36,28.99,37.44,60,182,135.0
2018,10,2,Manali,105.75,29.13,49.67,60,186,182.0
2018,11,2,Manali,247.85,26.5,36.18,60,228,186.0
2018,12,2,Manali,296.92,29.86,30.93,60,280,228.0
2019,1,2,Manali,13.3,31.92,55.26,60,208,280.0
2019,2,2,Manali,28.6,30.44,62.6,60,124,208.0
2019,3,2,Manali,30.3,30.8,55.45,60,146,124.0
2019,4,2,Manali,5.31,40.91,39.66,60,271,146.0
2019,5,2,Manali,28.04,35.76,49.31,60,246,271.0
2019,6,2,Manali,8.41,34.93,54.59,60,208,246.0
2019,7,2,Manali,27.74,24.61,55.04,60,177,208.0
2019,8,2,Manali,36.75,28.88,59.88,60,122,177.0
2019,9,2,Manali,162.91,29.88,45.17,60,205,122.0
2019,10,2,Manali,156.76,28.6,44.44,60,220,205.0
2019,11,2,Manali,133.18,25.18,51.63,60,179,220.0
2019,12,2,Manali,185.26,26.44,40.25,60,219,179.0
2020,1,2,Manali,4.49,31.29,55.06,60,190,219.0
2020,2,2,Manali,22.34,24.99,57.06,60,171,190.0
2020,3,2,Manali,21.89,26.21,60.58,60,135,171.0
2020,4,2,Manali,3.78,38.07,49.98,60,208,135.0
2020,5,2,Manali,5.04,36.48,50.29,60,201,208.0
2020,6,2,Manali,11.68,40.21,45.91,60,266,201.0
2020,7,2,Manali,28.56,30.91,56.39,60,204,266.0
2020,8,2,Manali,42.92,30.76,58.6,60,172,204.0
2020,9,2,Manali,287.82,25.38,27.34,60,266,172.0
2020,10,2,Manali,353.12,27.19,23.11,60,367,266.0
2020,11,2,Manali,374.59,26.33,26.5,60,359,367.0
2020,12,2,Manali,132.24,25.08,50.87,60,252,359.0
2021,1,2,Manali,11.65,30.51,60.88,60,157,252.0
2021,2,2,Manali,16.93,24.06,61.8,60,138,157.0
2021,3,2,Manali,13.13,31.0,56.29,60,155,138.0
2021,4,2,Manali,3.8,35.25,54.31,60,155,155.0
2021,5,2,Manali,24.08,39.52,41.68,60,250,155.0
2021,6,2,Manali,4.7,40.82,43.87,60,275,250.0
2021,7,2,Manali,14.31,25.98,61.45,60,180,275.0
2021,8,2,Manali,21.8,25.26,64.48,60,131,180.0
2021,9,2,Manali,102.99,25.42,52.78,60,174,131.0
2021,10,2,Manali,241.21,25.25,32.79,60,286,174.0
2021,11,2,Manali,232.56,26.73,39.21,60,310,286.0
2021,12,2,Manali,383.13,25.02,19.07,60,430,310.0
2022,1,2,Manali,48.76,31.73,57.15,60,266,430.0
2022,2,2,Manali,9.98,24.3,61.43,60,153,266.0
2022,3,2,Manali,9.71,28.29,64.35,60,99,153.0
2022,4,2,Manali,7.41,40.3,45.87,60,231,99.0
2022,5,2,Manali,20.07,34.88,59.75,60,149,231.0
2022,6,2,Manali,21.44,40.56,45.21,60,258,149.0
2022,7,2,Manali,18.21,29.12,56.29,60,178,258.0
2022,8,2,Manali,4.46,27.45,56.75,60,153,178.0
2022,9,2,Manali,167.56,26.29,43.04,60,188,153.0
2022,10,2,Manali,310.39,28.95,27.47,60,267,188.0
2022,11,2,Manali,147.17,28.45,45.42,60,236,267.0
2022,12,2,Manali,183.18,29.98,44.19,60,228,236.0
2023,1,2,Manali,17.05,30.43,63.97,60,193,228.0
2023,2,2,Manali,21.06,27.28,57.31,60,217,193.0
2023,3,2,Manali,17.97,27.8,58.64,60,240,217.0
2023,4,2,Manali,6.64,38.74,48.37,60,404,240.0
2023,5,2,Manali,15.97,40.34,37.49,60,591,404.0
2023,6,2,Manali,8.95,38.47,44.21,60,572,591.0
2023,7,2,Manali,45.66,30.38,64.21,60,398,572.0
2023,8,2,Manali,21.59,30.29,59.62,60,334,398.0
2023,9,2,Manali,205.08,27.26,35.83,60,491,334.0
2023,10,2,Manali,381.57,25.93,26.62,60,604,491.0
2023,11,2,Manali,671.04,25.86,10.0,60,769,604.0
2023,12,2,Manali,500.89,29.05,14.38,60,816,769.0
2024,1,2,Manali,16.38,25.68,59.92,60,389,816.0
2024,2,2,Manali,25.15,28.67,64.2,60,167,389.0
2024,3,2,Manali,41.46,27.55,60.71,60,125,167.0
2024,4,2,Manali,10.21,37.34,47.12,60,191,125.0
2024,5,2,Manali,15.51,36.59,53.43,60,195,191.0
2024,6,2,Manali,4.04,37.47,45.51,60,207,195.0
2024,7,2,Manali,5.03,27.97,61.9,60,130,207.0
2024,8,2,Manali,40.25,26.96,61.49,60,114,130.0
2024,9,2,Manali,222.15,26.16,38.13,60,181,114.0
2024,10,2,Manali,369.78,28.12,18.08,60,285,181.0
2024,11,2,Manali,121.68,28.45,48.17,60,217,285.0
2024,12,2,Manali,245.08,27.51,33.71,60,233,217.0
2015,1,3,Madhavaram,30.38,25.36,65.65,70,169,166.0
2015,2,3,Madhavaram,8.06,31.44,73.08,70,89,169.0
2015,3,3,Madhavaram,4.66,31.18,74.0,70,48,89.0
2015,4,3,Madhavaram,10.14,36.63,56.87,70,222,48.0
2015,5,3,Madhavaram,11.65,38.5,55.82,70,313,222.0
2015,6,3,Madhavaram,21.03,34.51,69.45,70,191,313.0
2015,7,3,Madhavaram,20.74,26.19,65.56,70,177,191.0
2015,8,3,Madhavaram,23.04,25.65,68.64,70,128,177.0
2015,9,3,Madhavaram,378.81,27.78,32.83,70,417,128.0
2015,10,3,Madhavaram,336.58,25.76,34.46,70,514,417.0
2015,11,3,Madhavaram,544.96,27.9,16.83,70,697,514.0
2015,12,3,Madhavaram,765.72,25.59,10.0,70,844,697.0
2016,1,3,Madhavaram,42.23,26.55,73.29,70,329,844.0
2016,2,3,Madhavaram,29.65,28.64,65.91,70,185,329.0
2016,3,3,Madhavaram,35.41,24.54,70.82,70,86,185.0
2016,4,3,Madhavaram,18.0,36.04,64.35,70,97,86.0
2016,5,3,Madhavaram,21.76,37.41,62.72,70,115,97.0
2016,6,3,Madhavaram,14.67,38.67,52.23,70,171,115.0
2016,7,3,Madhavaram,46.35,24.48,74.34,70,67,171.0
2016,8,3,Madhavaram,9.59,26.59,67.27,70,54,67.0
2016,9,3,Madhavaram,308.49,26.73,43.91,70,151,54.0
2016,10,3,Madhavaram,145.01,26.62,57.87,70,128,151.0
2016,11,3,Madhavaram,283.88,29.72,39.02,70,176,128.0
2016,12,3,Madhavaram,276.46,27.4,43.78,70,168,176.0
2017,1,3,Madhavaram,13.6,30.08,69.5,70,97,168.0
2017,2,3,Madhavaram,45.46,28.31,69.98,70,47,97.0
2017,3,3,Madhavaram,17.62,30.73,69.71,70,31,47.0
2017,4,3,Madhavaram,27.29,38.68,59.08,70,106,31.0
2017,5,3,Madhavaram,19.09,34.36,64.18,70,71,106.0
2017,6,3,Madhavaram,18.17,36.55,58.3,70,114,71.0
2017,7,3,Madhavaram,24.17,30.91,70.89,70,59,114.0
2017,8,3,Madhavaram,14.05,30.43,74.29,70,25,59.0
2017,9,3,Madhavaram,387.04,27.5,30.62,70,182,25.0
2017,10,3,Madhavaram,168.47,26.23,52.99,70,168,182.0
2017,11,3,Madhavaram,249.67,25.06,40.12,70,197,168.0
2017,12,3,Madhavaram,362.76,27.7,31.55,70,245,197.0
2018,1,3,Madhavaram,8.15,30.29,72.34,70,105,245.0
2018,2,3,Madhavaram,19.88,26.11,67.05,70,74,105.0
2018,3,3,Madhavaram,41.15,31.46,70.44,70,42,74.0
2018,4,3,Madhavaram,4.81,38.72,52.5,70,141,42.0
2018,5,3,Madhavaram,26.32,36.73,61.1,70,158,141.0
2018,6,3,Madhavaram,5.73,38.86,52.53,70,184,158.0
2018,7,3,Madhavaram,18.66,31.53,66.67,70,109,184.0
2018,8,3,Madhavaram,7.35,26.74,73.65,70,41,109.0
2018,9,3,Madhavaram,353.54,28.98,31.4,70,200,41.0
2018,10,3,Madhavaram,203.53,25.15,54.26,70,170,200.0
2018,11,3,Madhavaram,134.97,27.73,60.53,70,121,170.0
2018,12,3,Madhavaram,225.3,25.58,48.6,70,180,121.0
2019,1,3,Madhavaram,34.4,24.96,74.39,70,66,180.0
2019,2,3,Madhavaram,13.41,26.89,69.08,70,56,66.0
2019,3,3,Madhavaram,23.93,31.43,68.32,70,52,56.0
2019,4,3,Madhavaram,29.87,38.08,60.43,70,97,52.0
2019,5,3,Madhavaram,11.34,34.43,64.81,70,90,97.0
2019,6,3,Madhavaram,1.64,38.2,61.03,70,110,90.0
2019,7,3,Madhavaram,20.54,27.92,69.15,70,61,110.0
2019,8,3,Madhavaram,20.95,28.79,70.14,70,41,61.0
2019,9,3,Madhavaram,334.57,28.83,38.46,70,159,41.0
2019,10,3,Madhavaram,348.61,29.15,37.23,70,207,159.0
2019,11,3,Madhavaram,156.96,25.19,53.22,70,191,207.0
2019,12,3,Madhavaram,147.96,28.46,51.88,70,170,191.0
2020,1,3,Madhavaram,15.38,31.41,66.62,70,142,170.0
2020,2,3,Madhavaram,27.53,25.23,72.28,70,73,142.0
2020,3,3,Madhavaram,46.13,28.02,68.28,70,68,73.0
2020,4,3,Madhavaram,19.46,40.29,53.0,70,157,68.0
2020,5,3,Madhavaram,26.53,35.06,65.82,70,121,157.0
2020,6,3,Madhavaram,27.81,40.73,50.75,70,210,121.0
2020,7,3,Madhavaram,29.16,29.74,68.72,70,98,210.0
2020,8,3,Madhavaram,3.05,29.61,65.1,70,86,98.0
2020,9,3,Madhavaram,140.7,26.3,54.78,70,159,86.0
2020,10,3,Madhavaram,326.99,27.91,34.17,70,250,159.0
2020,11,3,Madhavaram,372.1,25.84,37.47,70,284,250.0
2020,12,3,Madhavaram,399.81,26.06,27.67,70,380,284.0
2021,1,3,Madhavaram,31.4,30.64,69.16,70,170,380.0
2021,2,3,Madhavaram,7.98,30.32,71.16,70,81,170.0
2021,3,3,Madhavaram,31.16,26.85,72.89,70,37,81.0
2021,4,3,Madhavaram,28.31,40.84,49.17,70,206,37.0
2021,5,3,Madhavaram,20.92,38.5,59.08,70,206,206.0
2021,6,3,Madhavaram,19.15,36.45,65.66,70,114,206.0
2021,7,3,Madhavaram,20.89,24.58,67.74,70,86,114.0
2021,8,3,Madhavaram,29.54,29.77,74.41,70,46,86.0
2021,9,3,Madhavaram,115.7,28.91,61.89,70,89,46.0
2021,10,3,Madhavaram,190.5,26.92,54.49,70,142,89.0
2021,11,3,Madhavaram,199.6,28.72,46.56,70,174,142.0
2021,12,3,Madhavaram,133.97,27.85,60.22,70,146,174.0
2022,1,3,Madhavaram,10.68,29.41,69.05,70,100,146.0
2022,2,3,Madhavaram,11.55,30.42,73.51,70,46,100.0
2022,3,3,Madhavaram,23.54,25.26,65.31,70,75,46.0
2022,4,3,Madhavaram,20.31,39.45,50.19,70,168,75.0
2022,5,3,Madhavaram,7.94,40.54,53.36,70,199,168.0
2022,6,3,Madhavaram,3.95,36.12,66.16,70,121,199.0
2022,7,3,Madhavaram,44.39,24.32,74.14,70,60,121.0
2022,8,3,Madhavaram,4.74,31.81,67.86,70,54,60.0
2022,9,3,Madhavaram,210.49,26.87,47.79,70,147,54.0
2022,10,3,Madhavaram,157.56,25.31,55.15,70,132,147.0
2022,11,3,Madhavaram,232.13,29.51,49.29,70,158,132.0
2022,12,3,Madhavaram,114.75,25.16,59.07,70,138,158.0
2023,1,3,Madhavaram,1.54,31.03,65.13,70,173,138.0
2023,2,3,Madhavaram,2.77,25.59,65.09,70,163,173.0
2023,3,3,Madhavaram,8.2,27.05,66.41,70,147,163.0
2023,4,3,Madhavaram,13.69,40.26,51.83,70,360,147.0
2023,5,3,Madhavaram,17.54,39.71,58.1,70,339,360.0
2023,6,3,Madhavaram,1.21,34.66,60.91,70,262,339.0
2023,7,3,Madhavaram,31.14,27.3,73.6,70,121,262.0
2023,8,3,Madhavaram,23.13,30.28,73.22,70,66,121.0
2023,9,3,Madhavaram,144.96,27.86,53.04,70,211,66.0
2023,10,3,Madhavaram,227.35,26.55,45.07,70,367,211.0
2023,11,3,Madhavaram,754.01,26.11,10.0,70,729,367.0
2023,12,3,Madhavaram,424.03,26.63,24.03,70,767,729.0
2024,1,3,Madhavaram,8.22,30.43,72.92,70,292,767.0
2024,2,3,Madhavaram,42.68,25.94,73.76,70,143,292.0
2024,3,3,Madhavaram,30.76,30.62,66.58,70,95,143.0
2024,4,3,Madhavaram,29.33,34.76,69.93,70,75,95.0
2024,5,3,Madhavaram,21.68,35.43,62.3,70,90,75.0
2024,6,3,Madhavaram,18.15,38.62,54.98,70,159,90.0
2024,7,3,Madhavaram,34.93,29.63,69.93,70,99,159.0
2024,8,3,Madhavaram,44.23,28.93,69.29,70,69,99.0
2024,9,3,Madhavaram,147.21,28.35,57.82,70,83,69.0
2024,10,3,Madhavaram,209.0,27.51,44.53,70,151,83.0
2024,11,3,Madhavaram,286.25,29.45,41.34,70,211,151.0
2024,12,3,Madhavaram,301.68,28.91,40.14,70,229,211.0
2015,1,4,Tondiarpet,4.88,29.47,54.4,55,253,290.0
2015,2,4,Tondiarpet,40.18,25.49,58.93,55,248,253.0
2015,3,4,Tondiarpet,17.46,29.81,58.97,55,266,248.0
2015,4,4,Tondiarpet,13.97,37.8,40.87,55,499,266.0
2015,5,4,Tondiarpet,11.58,40.73,39.73,55,606,499.0
2015,6,4,Tondiarpet,2.55,40.91,33.98,55,736,606.0
2015,7,4,Tondiarpet,49.99,31.97,55.55,55,507,736.0
2015,8,4,Tondiarpet,1.97,30.4,56.28,55,341,507.0
2015,9,4,Tondiarpet,156.11,26.62,38.64,55,464,341.0
2015,10,4,Tondiarpet,110.06,27.85,46.62,55,469,464.0
2015,11,4,Tondiarpet,798.75,27.51,10.0,55,720,469.0
2015,12,4,Tondiarpet,731.9,26.03,10.0,55,836,720.0
2016,1,4,Tondiarpet,3.85,29.57,53.4,55,435,836.0
2016,2,4,Tondiarpet,6.48,31.11,59.56,55,257,435.0
2016,3,4,Tondiarpet,2.29,30.97,59.73,55,149,257.0
2016,4,4,Tondiarpet,1.19,37.36,40.14,55,215,149.0
2016,5,4,Tondiarpet,8.3,38.15,46.26,55,218,215.0
2016,6,4,Tondiarpet,20.2,40.79,31.47,55,333,218.0
2016,7,4,Tondiarpet,24.29,26.05,52.85,55,213,333.0
2016,8,4,Tondiarpet,25.95,24.54,58.0,55,143,213.0
2016,9,4,Tondiarpet,139.76,29.31,45.25,55,176,143.0
2016,10,4,Tondiarpet,218.34,27.3,36.02,55,248,176.0
2016,11,4,Tondiarpet,366.08,28.23,16.25,55,353,248.0
2016,12,4,Tondiarpet,268.45,27.8,29.19,55,334,353.0
2017,1,4,Tondiarpet,24.38,24.27,50.63,55,253,334.0
2017,2,4,Tondiarpet,41.11,27.04,57.76,55,205,253.0
2017,3,4,Tondiarpet,16.26,29.49,50.7,55,163,205.0
2017,4,4,Tondiarpet,15.52,37.01,43.14,55,216,163.0
2017,5,4,Tondiarpet,20.6,34.8,49.33,55,201,216.0
2017,6,4,Tondiarpet,14.57,34.19,52.07,55,220,201.0
2017,7,4,Tondiarpet,10.16,30.09,53.87,55,171,220.0
2017,8,4,Tondiarpet,16.07,27.81,52.26,55,161,171.0
2017,9,4,Tondiarpet,210.61,26.85,29.46,55,255,161.0
2017,10,4,Tondiarpet,117.35,29.79,47.69,55,210,255.0
2017,11,4,Tondiarpet,168.6,28.17,35.36,55,231,210.0
2017,12,4,Tondiarpet,138.36,28.83,36.16,55,240,231.0
2018,1,4,Tondiarpet,41.95,24.09,57.04,55,158,240.0
2018,2,4,Tondiarpet,14.37,29.25,59.69,55,128,158.0
2018,3,4,Tondiarpet,37.14,29.9,55.21,55,110,128.0
2018,4,4,Tondiarpet,3.53,35.16,44.63,55,197,110.0
2018,5,4,Tondiarpet,19.45,34.52,49.96,55,209,197.0
2018,6,4,Tondiarpet,19.86,39.7,41.02,55,278,209.0
2018,7,4,Tondiarpet,34.86,29.19,52.75,55,185,278.0
2018,8,4,Tondiarpet,24.23,26.42,55.63,55,164,185.0
2018,9,4,Tondiarpet,165.46,29.37,35.95,55,212,164.0
2018,10,4,Tondiarpet,179.65,28.06,38.82,55,223,212.0
2018,11,4,Tondiarpet,297.6,29.66,28.45,55,280,223.0
2018,12,4,Tondiarpet,123.04,26.77,43.2,55,236,280.0
2019,1,4,Tondiarpet,11.13,26.46,55.46,55,177,236.0
2019,2,4,Tondiarpet,1.73,27.14,56.97,55,138,177.0
2019,3,4,Tondiarpet,4.08,26.07,50.28,55,168,138.0
2019,4,4,Tondiarpet,12.08,38.71,42.55,55,242,168.0
2019,5,4,Tondiarpet,19.74,40.98,34.56,55,331,242.0
2019,6,4,Tondiarpet,13.28,34.34,54.86,55,250,331.0
2019,7,4,Tondiarpet,47.84,28.79,57.29,55,170,250.0
2019,8,4,Tondiarpet,24.81,26.29,57.35,55,170,170.0
2019,9,4,Tondiarpet,318.79,27.88,20.19,55,308,170.0
2019,10,4,Tondiarpet,301.3,28.49,23.5,55,374,308.0
2019,11,4,Tondiarpet,233.26,28.38,31.76,55,362,374.0
2019,12,4,Tondiarpet,338.93,28.7,22.56,55,352,362.0
2020,1,4,Tondiarpet,37.08,28.37,58.84,55,223,352.0
2020,2,4,Tondiarpet,38.49,31.8,55.74,55,184,223.0
2020,3,4,Tondiarpet,23.74,26.69,59.21,55,161,184.0
2020,4,4,Tondiarpet,6.05,40.36,39.2,55,313,161.0
2020,5,4,Tondiarpet,21.03,36.88,45.36,55,315,313.0
2020,6,4,Tondiarpet,28.77,35.0,50.8,55,256,315.0
2020,7,4,Tondiarpet,19.72,30.94,52.44,55,207,256.0
2020,8,4,Tondiarpet,34.67,30.13,53.04,55,206,207.0
2020,9,4,Tondiarpet,350.49,28.55,16.08,55,389,206.0
2020,10,4,Tondiarpet,117.1,27.94,46.69,55,300,389.0
2020,11,4,Tondiarpet,303.05,26.51,21.58,55,374,300.0
2020,12,4,Tondiarpet,338.53,25.68,25.92,55,449,374.0
2021,1,4,Tondiarpet,33.46,27.58,54.88,55,260,449.0
2021,2,4,Tondiarpet,38.49,30.49,54.0,55,237,260.0
2021,3,4,Tondiarpet,11.78,29.71,58.74,55,155,237.0
2021,4,4,Tondiarpet,8.09,38.92,41.8,55,276,155.0
2021,5,4,Tondiarpet,4.68,35.7,51.66,55,228,276.0
2021,6,4,Tondiarpet,17.73,38.57,38.63,55,307,228.0
2021,7,4,Tondiarpet,25.91,24.3,55.69,55,216,307.0
2021,8,4,Tondiarpet,38.73,28.5,55.53,55,160,216.0
2021,9,4,Tondiarpet,169.87,29.23,40.28,55,216,160.0
2021,10,4,Tondiarpet,135.25,26.26,45.68,55,230,216.0
2021,11,4,Tondiarpet,342.31,26.23,16.4,55,346,230.0
2021,12,4,Tondiarpet,397.85,27.04,13.09,55,437,346.0
2022,1,4,Tondiarpet,25.58,31.35,59.04,55,226,437.0
2022,2,4,Tondiarpet,48.89,25.6,52.15,55,176,226.0
2022,3,4,Tondiarpet,12.0,24.67,59.29,55,138,176.0
2022,4,4,Tondiarpet,14.93,35.08,46.62,55,187,138.0
2022,5,4,Tondiarpet,13.29,38.32,44.39,55,258,187.0
2022,6,4,Tondiarpet,13.27,34.32,52.13,55,204,258.0
2022,7,4,Tondiarpet,39.46,24.25,59.67,55,146,204.0
2022,8,4,Tondiarpet,1.23,30.48,55.37,55,133,146.0
2022,9,4,Tondiarpet,284.25,26.67,29.75,55,241,133.0
2022,10,4,Tondiarpet,311.18,29.73,22.97,55,320,241.0
2022,11,4,Tondiarpet,197.67,29.92,36.91,55,244,320.0
2022,12,4,Tondiarpet,352.24,25.17,18.44,55,316,244.0
2023,1,4,Tondiarpet,17.1,31.39,50.24,55,364,316.0
2023,2,4,Tondiarpet,48.66,25.55,53.46,55,332,364.0
2023,3,4,Tondiarpet,46.6,26.23,59.5,55,240,332.0
2023,4,4,Tondiarpet,12.32,35.61,47.53,55,410,240.0
2023,5,4,Tondiarpet,24.04,38.23,38.91,55,578,410.0
2023,6,4,Tondiarpet,29.87,36.02,43.94,55,548,578.0
2023,7,4,Tondiarpet,4.28,25.47,57.58,55,368,548.0
2023,8,4,Tondiarpet,23.39,31.74,57.53,55,331,368.0
2023,9,4,Tondiarpet,139.1,26.55,37.26,55,444,331.0
2023,10,4,Tondiarpet,278.85,29.58,24.99,55,602,444.0
2023,11,4,Tondiarpet,605.23,28.35,10.0,55,871,602.0
2023,12,4,Tondiarpet,403.7,29.04,11.39,55,930,871.0
2024,1,4,Tondiarpet,8.51,26.04,52.63,55,466,930.0
2024,2,4,Tondiarpet,21.95,24.36,59.2,55,249,466.0
2024,3,4,Tondiarpet,8.21,24.99,59.8,55,157,249.0
2024,4,4,Tondiarpet,21.75,37.05,46.17,55,200,157.0
2024,5,4,Tondiarpet,22.65,36.31,43.12,55,231,200.0
2024,6,4,Tondiarpet,23.08,36.58,50.65,55,197,231.0
2024,7,4,Tondiarpet,22.51,25.6,53.08,55,157,197.0
2024,8,4,Tondiarpet,16.89,30.48,56.96,55,147,157.0
2024,9,4,Tondiarpet,121.26,27.99,40.52,55,199,147.0
2024,10,4,Tondiarpet,294.12,27.32,25.54,55,276,199.0
2024,11,4,Tondiarpet,130.72,25.31,37.44,55,257,276.0
2024,12,4,Tondiarpet,186.2,25.81,33.87,55,255,257.0
2015,1,5,Royapuram,1.72,31.27,62.59,65,178,215.0
2015,2,5,Royapuram,44.8,26.54,61.1,65,184,178.0
2015,3,5,Royapuram,32.1,24.67,61.62,65,215,184.0
2015,4,5,Royapuram,1.12,39.76,46.71,65,396,215.0
2015,5,5,Royapuram,3.02,34.13,58.13,65,341,396.0
2015,6,5,Royapuram,28.42,40.9,47.78,65,463,341.0
2015,7,5,Royapuram,22.53,25.03,69.54,65,239,463.0
2015,8,5,Royapuram,46.04,24.49,62.77,65,220,239.0
2015,9,5,Royapuram,134.45,28.05,49.44,65,322,220.0
2015,10,5,Royapuram,346.38,25.55,33.83,65,470,322.0
2015,11,5,Royapuram,759.22,26.03,10.0,65,778,470.0
2015,12,5,Royapuram,638.97,28.0,10.0,65,889,778.0
2016,1,5,Royapuram,15.76,28.32,67.91,65,373,889.0
2016,2,5,Royapuram,32.76,28.41,60.87,65,202,373.0
2016,3,5,Royapuram,1.23,24.18,63.24,65,127,202.0
2016,4,5,Royapuram,18.54,38.92,50.8,65,177,127.0
2016,5,5,Royapuram,18.95,39.13,45.99,65,232,177.0
2016,6,5,Royapuram,26.04,35.24,61.33,65,164,232.0
2016,7,5,Royapuram,26.96,26.49,66.1,65,108,164.0
2016,8,5,Royapuram,44.0,29.21,65.33,65,77,108.0
2016,9,5,Royapuram,329.44,25.87,32.08,65,198,77.0
2016,10,5,Royapuram,336.07,26.58,33.27,65,243,198.0
2016,11,5,Royapuram,353.95,29.59,27.13,65,302,243.0
2016,12,5,Royapuram,180.95,29.13,46.89,65,206,302.0
2017,1,5,Royapuram,26.62,27.29,63.47,65,145,206.0
2017,2,5,Royapuram,26.17,26.3,67.93,65,88,145.0
2017,3,5,Royapuram,11.36,30.7,62.79,65,88,88.0
2017,4,5,Royapuram,18.06,40.25,46.31,65,190,88.0
2017,5,5,Royapuram,3.63,36.93,57.68,65,136,190.0
2017,6,5,Royapuram,1.17,34.22,60.84,65,105,136.0
2017,7,5,Royapuram,28.86,30.92,69.81,65,61,105.0
2017,8,5,Royapuram,32.39,24.98,68.89,65,48,61.0
2017,9,5,Royapuram,346.65,29.25,27.45,65,211,48.0
2017,10,5,Royapuram,122.68,26.83,49.99,65,169,211.0
2017,11,5,Royapuram,318.66,25.48,32.42,65,241,169.0
2017,12,5,Royapuram,116.39,29.87,50.62,65,183,241.0
2018,1,5,Royapuram,40.86,28.37,69.67,65,73,183.0
2018,2,5,Royapuram,3.78,31.61,62.97,65,66,73.0
2018,3,5,Royapuram,46.04,28.68,65.38,65,59,66.0
2018,4,5,Royapuram,15.45,35.13,55.51,65,131,59.0
2018,5,5,Royapuram,29.92,37.91,50.93,65,164,131.0
2018,6,5,Royapuram,2.65,38.89,48.95,65,199,164.0
2018,7,5,Royapuram,29.97,25.43,67.05,65,110,199.0
2018,8,5,Royapuram,29.03,28.04,61.44,65,102,110.0
2018,9,5,Royapuram,361.2,28.96,30.15,65,233,102.0
2018,10,5,Royapuram,384.15,29.42,28.98,65,268,233.0
2018,11,5,Royapuram,369.52,27.0,26.32,65,321,268.0
2018,12,5,Royapuram,344.4,28.06,29.29,65,300,321.0
2019,1,5,Royapuram,8.55,27.35,67.57,65,171,300.0
2019,2,5,Royapuram,12.99,31.09,68.96,65,90,171.0
2019,3,5,Royapuram,27.41,25.4,62.96,65,91,90.0
2019,4,5,Royapuram,18.97,34.9,61.04,65,113,91.0
2019,5,5,Royapuram,3.45,40.18,46.19,65,209,113.0
2019,6,5,Royapuram,10.59,39.6,49.05,65,250,209.0
2019,7,5,Royapuram,11.85,24.78,61.79,65,170,250.0
2019,8,5,Royapuram,23.58,24.73,66.26,65,108,170.0
2019,9,5,Royapuram,228.24,28.23,44.63,65,165,108.0
2019,10,5,Royapuram,133.78,27.04,55.49,65,158,165.0
2019,11,5,Royapuram,102.97,28.89,54.31,65,144,158.0
2019,12,5,Royapuram,126.23,26.89,51.51,65,128,144.0
2020,1,5,Royapuram,9.77,25.33,69.16,65,76,128.0
2020,2,5,Royapuram,3.42,31.18,61.19,65,96,76.0
2020,3,5,Royapuram,4.27,31.78,65.18,65,93,96.0
2020,4,5,Royapuram,5.52,39.3,49.0,65,194,93.0
2020,5,5,Royapuram,11.05,40.85,44.57,65,284,194.0
2020,6,5,Royapuram,12.15,40.99,40.57,65,352,284.0
2020,7,5,Royapuram,44.78,31.73,64.43,65,189,352.0
2020,8,5,Royapuram,22.32,29.82,66.93,65,121,189.0
2020,9,5,Royapuram,291.73,26.7,40.8,65,208,121.0
2020,10,5,Royapuram,198.02,26.75,46.16,65,216,208.0
2020,11,5,Royapuram,143.16,25.52,49.91,65,225,216.0
2020,12,5,Royapuram,189.83,25.5,43.73,65,261,225.0
2021,1,5,Royapuram,17.94,31.97,64.8,65,156,261.0
2021,2,5,Royapuram,38.59,27.87,68.98,65,106,156.0
2021,3,5,Royapuram,29.68,25.02,64.28,65,82,106.0
2021,4,5,Royapuram,3.41,34.03,67.43,65,82,82.0
2021,5,5,Royapuram,21.1,36.82,59.66,65,127,82.0
2021,6,5,Royapuram,5.85,39.79,48.66,65,229,127.0
2021,7,5,Royapuram,47.25,29.39,60.65,65,159,229.0
2021,8,5,Royapuram,26.48,26.15,60.21,65,142,159.0
2021,9,5,Royapuram,337.76,25.93,26.89,65,305,142.0
2021,10,5,Royapuram,278.92,26.83,40.18,65,289,305.0
2021,11,5,Royapuram,290.13,26.27,36.54,65,300,289.0
2021,12,5,Royapuram,125.94,25.01,51.9,65,247,300.0
2022,1,5,Royapuram,30.96,25.28,69.68,65,139,247.0
2022,2,5,Royapuram,18.97,31.29,66.15,65,91,139.0
2022,3,5,Royapuram,45.58,26.76,66.22,65,50,91.0
2022,4,5,Royapuram,18.7,34.52,61.23,65,76,50.0
2022,5,5,Royapuram,24.68,37.63,53.05,65,137,76.0
2022,6,5,Royapuram,18.4,40.08,48.91,65,196,137.0
2022,7,5,Royapuram,18.13,24.53,69.89,65,98,196.0
2022,8,5,Royapuram,8.12,31.16,66.86,65,67,98.0
2022,9,5,Royapuram,249.15,28.34,35.21,65,209,67.0
2022,10,5,Royapuram,289.18,27.25,32.97,65,257,209.0
2022,11,5,Royapuram,286.99,25.28,31.54,65,280,257.0
2022,12,5,Royapuram,121.71,29.77,50.06,65,241,280.0
2023,1,5,Royapuram,10.97,27.43,66.52,65,182,241.0
2023,2,5,Royapuram,41.96,24.26,69.4,65,139,182.0
2023,3,5,Royapuram,2.86,31.15,65.3,65,152,139.0
2023,4,5,Royapuram,15.73,39.64,46.93,65,403,152.0
2023,5,5,Royapuram,23.11,37.5,51.81,65,417,403.0
2023,6,5,Royapuram,15.6,36.55,59.85,65,327,417.0
2023,7,5,Royapuram,34.8,26.74,61.08,65,226,327.0
2023,8,5,Royapuram,23.39,29.17,68.3,65,152,226.0
2023,9,5,Royapuram,276.31,25.32,40.99,65,418,152.0
2023,10,5,Royapuram,313.78,28.44,31.82,65,597,418.0
2023,11,5,Royapuram,611.86,26.74,10.0,65,837,597.0
2023,12,5,Royapuram,526.26,25.43,10.0,65,889,837.0
2024,1,5,Royapuram,47.39,25.01,69.74,65,361,889.0
2024,2,5,Royapuram,34.49,27.85,61.24,65,187,361.0
2024,3,5,Royapuram,8.57,29.34,66.09,65,115,187.0
2024,4,5,Royapuram,17.35,37.49,54.58,65,141,115.0
2024,5,5,Royapuram,6.78,38.29,51.12,65,155,141.0
2024,6,5,Royapuram,8.57,35.9,61.31,65,94,155.0
2024,7,5,Royapuram,38.54,26.62,62.42,65,78,94.0
2024,8,5,Royapuram,35.82,27.09,62.11,65,78,78.0
2024,9,5,Royapuram,377.31,27.75,28.1,65,216,78.0
2024,10,5,Royapuram,164.42,27.58,50.92,65,186,216.0
2024,11,5,Royapuram,315.38,28.71,28.97,65,246,186.0
2024,12,5,Royapuram,268.81,29.72,35.08,65,266,246.0
2015,1,6,Thiru-Vi-Ka Nagar,26.0,28.37,66.85,70,151,168.0
2015,2,6,Thiru-Vi-Ka Nagar,40.9,30.89,65.07,70,153,151.0
2015,3,6,Thiru-Vi-Ka Nagar,0.46,24.81,71.64,70,93,153.0
2015,4,6,Thiru-Vi-Ka Nagar,23.1,35.51,64.95,70,124,93.0
2015,5,6,Thiru-Vi-Ka Nagar,9.57,39.91,47.95,70,393,124.0
2015,6,6,Thiru-Vi-Ka Nagar,23.31,37.91,56.97,70,392,393.0
2015,7,6,Thiru-Vi-Ka Nagar,33.59,28.95,68.58,70,194,392.0
2015,8,6,Thiru-Vi-Ka Nagar,9.23,25.67,68.7,70,134,194.0
2015,9,6,Thiru-Vi-Ka Nagar,244.34,27.66,41.08,70,350,134.0
2015,10,6,Thiru-Vi-Ka Nagar,339.19,25.75,33.37,70,530,350.0
2015,11,6,Thiru-Vi-Ka Nagar,581.32,27.62,11.28,70,777,530.0
2015,12,6,Thiru-Vi-Ka Nagar,418.79,25.83,30.5,70,666,777.0
2016,1,6,Thiru-Vi-Ka Nagar,44.3,28.93,67.33,70,298,666.0
2016,2,6,Thiru-Vi-Ka Nagar,12.99,29.79,69.96,70,119,298.0
2016,3,6,Thiru-Vi-Ka Nagar,34.16,27.57,67.74,70,75,119.0
2016,4,6,Thiru-Vi-Ka Nagar,10.52,34.23,62.7,70,83,75.0
2016,5,6,Thiru-Vi-Ka Nagar,5.39,35.66,68.06,70,58,83.0
2016,6,6,Thiru-Vi-Ka Nagar,18.54,40.08,53.0,70,148,58.0
2016,7,6,Thiru-Vi-Ka Nagar,20.68,24.98,66.81,70,97,148.0
2016,8,6,Thiru-Vi-Ka Nagar,33.47,31.95,71.62,70,54,97.0
2016,9,6,Thiru-Vi-Ka Nagar,210.26,25.34,44.23,70,147,54.0
2016,10,6,Thiru-Vi-Ka Nagar,352.26,25.19,38.79,70,202,147.0
2016,11,6,Thiru-Vi-Ka Nagar,352.6,28.64,37.5,70,238,202.0
2016,12,6,Thiru-Vi-Ka Nagar,200.27,28.92,52.05,70,200,238.0
2017,1,6,Thiru-Vi-Ka Nagar,33.19,31.71,70.6,70,118,200.0
2017,2,6,Thiru-Vi-Ka Nagar,39.9,27.17,74.15,70,51,118.0
2017,3,6,Thiru-Vi-Ka Nagar,25.63,26.44,67.13,70,54,51.0
2017,4,6,Thiru-Vi-Ka Nagar,17.75,38.92,52.58,70,136,54.0
2017,5,6,Thiru-Vi-Ka Nagar,10.64,40.59,52.71,70,179,136.0
2017,6,6,Thiru-Vi-Ka Nagar,22.69,37.21,57.37,70,176,179.0
2017,7,6,Thiru-Vi-Ka Nagar,38.23,28.59,74.56,70,64,176.0
2017,8,6,Thiru-Vi-Ka Nagar,29.29,29.0,65.72,70,66,64.0
2017,9,6,Thiru-Vi-Ka Nagar,364.05,26.08,35.37,70,185,66.0
2017,10,6,Thiru-Vi-Ka Nagar,286.72,28.91,42.11,70,185,185.0
2017,11,6,Thiru-Vi-Ka Nagar,186.67,26.99,55.53,70,160,185.0
2017,12,6,Thiru-Vi-Ka Nagar,169.12,25.01,55.38,70,175,160.0
2018,1,6,Thiru-Vi-Ka Nagar,35.92,30.9,66.79,70,114,175.0
2018,2,6,Thiru-Vi-Ka Nagar,31.18,29.19,67.67,70,68,114.0
2018,3,6,Thiru-Vi-Ka Nagar,44.77,29.33,72.87,70,35,68.0
2018,4,6,Thiru-Vi-Ka Nagar,10.63,34.74,62.88,70,71,35.0
2018,5,6,Thiru-Vi-Ka Nagar,11.18,34.48,64.99,70,74,71.0
2018,6,6,Thiru-Vi-Ka Nagar,7.79,34.24,70.7,70,44,74.0
2018,7,6,Thiru-Vi-Ka Nagar,41.87,25.36,65.19,70,64,44.0
2018,8,6,Thiru-Vi-Ka Nagar,24.39,24.66,69.6,70,43,64.0
2018,9,6,Thiru-Vi-Ka Nagar,237.5,26.76,42.19,70,149,43.0
2018,10,6,Thiru-Vi-Ka Nagar,389.01,25.05,33.26,70,237,149.0
2018,11,6,Thiru-Vi-Ka Nagar,273.06,27.32,38.88,70,211,237.0
2018,12,6,Thiru-Vi-Ka Nagar,206.47,27.07,51.11,70,187,211.0
2019,1,6,Thiru-Vi-Ka Nagar,19.66,24.8,65.17,70,123,187.0
2019,2,6,Thiru-Vi-Ka Nagar,20.57,25.92,71.72,70,72,123.0
2019,3,6,Thiru-Vi-Ka Nagar,25.01,24.56,65.9,70,71,72.0
2019,4,6,Thiru-Vi-Ka Nagar,22.6,40.11,52.22,70,171,71.0
2019,5,6,Thiru-Vi-Ka Nagar,13.26,38.54,51.77,70,205,171.0
2019,6,6,Thiru-Vi-Ka Nagar,23.53,38.19,56.17,70,221,205.0
2019,7,6,Thiru-Vi-Ka Nagar,27.35,27.8,74.22,70,74,221.0
2019,8,6,Thiru-Vi-Ka Nagar,26.07,31.17,66.96,70,68,74.0
2019,9,6,Thiru-Vi-Ka Nagar,180.75,25.99,54.76,70,133,68.0
2019,10,6,Thiru-Vi-Ka Nagar,181.17,26.24,56.3,70,128,133.0
2019,11,6,Thiru-Vi-Ka Nagar,397.64,29.29,26.21,70,275,128.0
2019,12,6,Thiru-Vi-Ka Nagar,386.69,29.77,29.85,70,264,275.0
2020,1,6,Thiru-Vi-Ka Nagar,37.99,26.71,74.52,70,116,264.0
2020,2,6,Thiru-Vi-Ka Nagar,29.87,27.15,69.73,70,83,116.0
2020,3,6,Thiru-Vi-Ka Nagar,24.17,27.43,65.75,70,66,83.0
2020,4,6,Thiru-Vi-Ka Nagar,1.21,36.28,61.48,70,98,66.0
2020,5,6,Thiru-Vi-Ka Nagar,21.52,38.07,60.29,70,147,98.0
2020,6,6,Thiru-Vi-Ka Nagar,4.64,37.08,59.91,70,142,147.0
2020,7,6,Thiru-Vi-Ka Nagar,34.39,26.19,72.36,70,51,142.0
2020,8,6,Thiru-Vi-Ka Nagar,45.75,25.25,72.52,70,34,51.0
2020,9,6,Thiru-Vi-Ka Nagar,379.2,25.12,34.05,70,227,34.0
2020,10,6,Thiru-Vi-Ka Nagar,320.57,28.13,38.75,70,283,227.0
2020,11,6,Thiru-Vi-Ka Nagar,139.1,28.22,53.06,70,199,283.0
2020,12,6,Thiru-Vi-Ka Nagar,126.52,26.71,62.16,70,148,199.0
2021,1,6,Thiru-Vi-Ka Nagar,45.84,30.41,69.51,70,92,148.0
2021,2,6,Thiru-Vi-Ka Nagar,46.82,30.6,72.91,70,40,92.0
2021,3,6,Thiru-Vi-Ka Nagar,37.94,24.85,70.06,70,40,40.0
2021,4,6,Thiru-Vi-Ka Nagar,15.29,36.1,58.76,70,102,40.0
2021,5,6,Thiru-Vi-Ka Nagar,28.44,35.81,61.35,70,115,102.0
2021,6,6,Thiru-Vi-Ka Nagar,6.23,37.98,61.22,70,127,115.0
2021,7,6,Thiru-Vi-Ka Nagar,23.49,27.64,70.82,70,67,127.0
2021,8,6,Thiru-Vi-Ka Nagar,29.76,28.31,74.69,70,28,67.0
2021,9,6,Thiru-Vi-Ka Nagar,352.48,27.77,38.77,70,208,28.0
2021,10,6,Thiru-Vi-Ka Nagar,138.72,27.68,60.49,70,145,208.0
2021,11,6,Thiru-Vi-Ka Nagar,169.96,29.32,51.1,70,179,145.0
2021,12,6,Thiru-Vi-Ka Nagar,399.76,26.43,27.83,70,277,179.0
2022,1,6,Thiru-Vi-Ka Nagar,6.06,24.68,74.09,70,104,277.0
2022,2,6,Thiru-Vi-Ka Nagar,2.42,25.68,70.66,70,62,104.0
2022,3,6,Thiru-Vi-Ka Nagar,41.56,30.13,68.51,70,49,62.0
2022,4,6,Thiru-Vi-Ka Nagar,19.12,37.9,60.14,70,92,49.0
2022,5,6,Thiru-Vi-Ka Nagar,21.9,36.88,61.6,70,111,92.0
2022,6,6,Thiru-Vi-Ka Nagar,27.17,34.84,65.72,70,83,111.0
2022,7,6,Thiru-Vi-Ka Nagar,12.3,28.26,69.82,70,59,83.0
2022,8,6,Thiru-Vi-Ka Nagar,34.53,28.58,69.05,70,45,59.0
2022,9,6,Thiru-Vi-Ka Nagar,202.89,25.69,49.11,70,125,45.0
2022,10,6,Thiru-Vi-Ka Nagar,343.18,28.68,37.32,70,185,125.0
2022,11,6,Thiru-Vi-Ka Nagar,231.49,26.31,43.5,70,212,185.0
2022,12,6,Thiru-Vi-Ka Nagar,395.66,27.77,34.74,70,276,212.0
2023,1,6,Thiru-Vi-Ka Nagar,46.84,25.32,67.34,70,170,276.0
2023,2,6,Thiru-Vi-Ka Nagar,27.18,29.23,68.87,70,128,170.0
2023,3,6,Thiru-Vi-Ka Nagar,7.52,24.31,73.79,70,58,128.0
2023,4,6,Thiru-Vi-Ka Nagar,3.28,39.56,49.59,70,312,58.0
2023,5,6,Thiru-Vi-Ka Nagar,21.93,35.7,59.98,70,287,312.0
2023,6,6,Thiru-Vi-Ka Nagar,6.22,36.64,59.06,70,299,287.0
2023,7,6,Thiru-Vi-Ka Nagar,26.03,29.94,70.1,70,161,299.0
2023,8,6,Thiru-Vi-Ka Nagar,15.86,26.26,70.31,70,84,161.0
2023,9,6,Thiru-Vi-Ka Nagar,235.03,25.11,47.9,70,273,84.0
2023,10,6,Thiru-Vi-Ka Nagar,353.86,27.26,33.86,70,454,273.0
2023,11,6,Thiru-Vi-Ka Nagar,744.49,25.77,10.0,70,759,454.0
2023,12,6,Thiru-Vi-Ka Nagar,505.52,25.06,19.64,70,810,759.0
2024,1,6,Thiru-Vi-Ka Nagar,16.95,25.14,73.58,70,319,810.0
2024,2,6,Thiru-Vi-Ka Nagar,28.71,28.98,70.06,70,160,319.0
2024,3,6,Thiru-Vi-Ka Nagar,44.68,27.11,68.13,70,91,160.0
2024,4,6,Thiru-Vi-Ka Nagar,2.52,34.37,64.12,70,70,91.0
2024,5,6,Thiru-Vi-Ka Nagar,21.06,37.59,62.24,70,86,70.0
2024,6,6,Thiru-Vi-Ka Nagar,8.22,35.4,61.32,70,109,86.0
2024,7,6,Thiru-Vi-Ka Nagar,6.49,27.63,70.07,70,68,109.0
2024,8,6,Thiru-Vi-Ka Nagar,33.7,28.33,73.43,70,38,68.0
2024,9,6,Thiru-Vi-Ka Nagar,333.16,26.43,40.13,70,154,38.0
2024,10,6,Thiru-Vi-Ka Nagar,213.39,27.32,44.55,70,189,154.0
2024,11,6,Thiru-Vi-Ka Nagar,264.28,25.72,39.91,70,248,189.0
2024,12,6,Thiru-Vi-Ka Nagar,268.07,26.28,40.82,70,197,248.0
2015,1,7,Ambattur,29.89,31.37,70.88,75,119,114.0
2015,2,7,Ambattur,11.11,24.96,73.38,75,79,119.0
2015,3,7,Ambattur,32.6,25.79,77.12,75,27,79.0
2015,4,7,Ambattur,15.94,37.78,64.41,75,131,27.0
2015,5,7,Ambattur,3.54,38.88,61.6,75,228,131.0
2015,6,7,Ambattur,14.78,34.08,71.99,75,99,228.0
2015,7,7,Ambattur,26.02,30.18,75.2,75,47,99.0
2015,8,7,Ambattur,18.45,27.7,77.47,75,19,47.0
2015,9,7,Ambattur,119.01,29.95,61.32,75,142,19.0
2015,10,7,Ambattur,292.34,28.47,46.19,75,302,142.0
2015,11,7,Ambattur,472.77,29.31,32.18,75,498,302.0
2015,12,7,Ambattur,555.72,26.44,17.98,75,730,498.0
2016,1,7,Ambattur,39.94,31.98,73.51,75,313,730.0
2016,2,7,Ambattur,34.16,24.61,78.51,75,125,313.0
2016,3,7,Ambattur,39.74,29.55,72.21,75,48,125.0
2016,4,7,Ambattur,17.03,38.83,63.44,75,70,48.0
2016,5,7,Ambattur,14.77,35.73,71.88,75,42,70.0
2016,6,7,Ambattur,6.47,38.61,59.91,75,99,42.0
2016,7,7,Ambattur,26.26,29.67,71.07,75,57,99.0
2016,8,7,Ambattur,23.26,24.48,75.62,75,34,57.0
2016,9,7,Ambattur,229.75,26.56,52.09,75,104,34.0
2016,10,7,Ambattur,297.81,29.48,46.59,75,160,104.0
2016,11,7,Ambattur,263.51,29.92,53.02,75,122,160.0
2016,12,7,Ambattur,232.06,25.74,50.08,75,146,122.0
2017,1,7,Ambattur,20.94,26.08,77.31,75,62,146.0
2017,2,7,Ambattur,34.79,30.35,73.17,75,25,62.0
2017,3,7,Ambattur,43.56,30.13,77.88,75,12,25.0
2017,4,7,Ambattur,11.54,37.41,65.49,75,67,12.0
2017,5,7,Ambattur,17.81,34.07,73.68,75,42,67.0
2017,6,7,Ambattur,28.68,36.2,70.89,75,38,42.0
2017,7,7,Ambattur,42.7,27.51,78.47,75,21,38.0
2017,8,7,Ambattur,35.7,30.58,78.04,75,10,21.0
2017,9,7,Ambattur,140.98,28.26,63.29,75,46,10.0
2017,10,7,Ambattur,290.79,26.94,47.66,75,117,46.0
2017,11,7,Ambattur,217.74,28.77,57.41,75,140,117.0
2017,12,7,Ambattur,298.91,28.71,48.59,75,156,140.0
2018,1,7,Ambattur,19.83,25.05,78.65,75,53,156.0
2018,2,7,Ambattur,35.33,28.88,73.13,75,25,53.0
2018,3,7,Ambattur,12.42,29.64,74.28,75,12,25.0
2018,4,7,Ambattur,7.36,34.4,70.4,75,22,12.0
2018,5,7,Ambattur,19.7,38.96,55.18,75,103,22.0
2018,6,7,Ambattur,1.17,38.67,59.06,75,141,103.0
2018,7,7,Ambattur,34.98,30.71,78.03,75,76,141.0
2018,8,7,Ambattur,2.85,27.35,74.58,75,36,76.0
2018,9,7,Ambattur,112.02,26.46,60.87,75,71,36.0
2018,10,7,Ambattur,397.03,26.56,33.7,75,171,71.0
2018,11,7,Ambattur,321.66,25.16,44.42,75,193,171.0
2018,12,7,Ambattur,218.58,25.91,49.71,75,194,193.0
2019,1,7,Ambattur,8.15,25.87,70.24,75,86,194.0
2019,2,7,Ambattur,41.22,27.18,71.56,75,55,86.0
2019,3,7,Ambattur,45.86,27.25,71.43,75,42,55.0
2019,4,7,Ambattur,5.6,34.18,69.9,75,41,42.0
2019,5,7,Ambattur,4.54,37.34,65.16,75,72,41.0
2019,6,7,Ambattur,18.15,35.54,69.9,75,57,72.0
2019,7,7,Ambattur,17.5,30.26,79.93,75,19,57.0
2019,8,7,Ambattur,29.85,30.48,74.3,75,11,19.0
2019,9,7,Ambattur,325.38,29.48,45.92,75,127,11.0
2019,10,7,Ambattur,217.94,25.7,48.31,75,169,127.0
2019,11,7,Ambattur,102.09,27.02,62.14,75,135,169.0
2019,12,7,Ambattur,217.67,29.74,49.65,75,175,135.0
2020,1,7,Ambattur,44.04,24.4,72.57,75,81,175.0
2020,2,7,Ambattur,43.48,24.71,77.77,75,39,81.0
2020,3,7,Ambattur,11.99,25.56,75.05,75,19,39.0
2020,4,7,Ambattur,6.11,39.38,58.3,75,119,19.0
2020,5,7,Ambattur,14.25,36.7,70.41,75,81,119.0
2020,6,7,Ambattur,2.61,36.12,71.86,75,66,81.0
2020,7,7,Ambattur,19.31,26.83,73.16,75,35,66.0
2020,8,7,Ambattur,23.72,26.67,75.79,75,19,35.0
2020,9,7,Ambattur,392.33,29.88,31.42,75,240,19.0
2020,10,7,Ambattur,161.76,26.76,55.08,75,177,240.0
2020,11,7,Ambattur,377.12,29.11,35.83,75,273,177.0
2020,12,7,Ambattur,149.96,29.93,63.21,75,159,273.0
2021,1,7,Ambattur,24.62,25.54,74.64,75,59,159.0
2021,2,7,Ambattur,42.51,26.31,79.52,75,13,59.0
2021,3,7,Ambattur,26.78,27.15,78.48,75,10,13.0
2021,4,7,Ambattur,22.69,37.78,58.83,75,98,10.0
2021,5,7,Ambattur,14.9,34.86,69.35,75,67,98.0
2021,6,7,Ambattur,13.57,35.0,68.9,75,78,67.0
2021,7,7,Ambattur,25.19,30.64,76.64,75,40,78.0
2021,8,7,Ambattur,27.58,30.73,79.97,75,15,40.0
2021,9,7,Ambattur,122.62,26.25,64.43,75,67,15.0
2021,10,7,Ambattur,329.23,26.24,37.44,75,184,67.0
2021,11,7,Ambattur,211.8,26.76,54.26,75,149,184.0
2021,12,7,Ambattur,185.56,28.96,60.5,75,144,149.0
2022,1,7,Ambattur,22.44,28.79,70.72,75,89,144.0
2022,2,7,Ambattur,20.15,29.19,76.98,75,38,89.0
2022,3,7,Ambattur,0.01,25.93,72.08,75,23,38.0
2022,4,7,Ambattur,12.98,37.39,65.51,75,61,23.0
2022,5,7,Ambattur,1.56,40.02,57.04,75,115,61.0
2022,6,7,Ambattur,20.06,40.04,54.03,75,174,115.0
2022,7,7,Ambattur,9.69,25.72,77.38,75,61,174.0
2022,8,7,Ambattur,33.48,31.77,71.76,75,40,61.0
2022,9,7,Ambattur,303.6,27.1,49.25,75,125,40.0
2022,10,7,Ambattur,250.09,29.47,54.19,75,105,125.0
2022,11,7,Ambattur,160.05,26.6,59.91,75,86,105.0
2022,12,7,Ambattur,128.84,27.12,66.45,75,71,86.0
2023,1,7,Ambattur,6.15,31.89,73.15,75,36,71.0
2023,2,7,Ambattur,2.7,27.66,75.5,75,20,36.0
2023,3,7,Ambattur,23.42,28.79,70.31,75,45,20.0
2023,4,7,Ambattur,10.39,40.81,60.27,75,188,45.0
2023,5,7,Ambattur,18.87,34.83,71.99,75,100,188.0
2023,6,7,Ambattur,17.32,34.46,68.26,75,107,100.0
2023,7,7,Ambattur,1.32,26.68,79.76,75,51,107.0
2023,8,7,Ambattur,40.63,25.06,72.33,75,43,51.0
2023,9,7,Ambattur,162.05,28.27,57.96,75,157,43.0
2023,10,7,Ambattur,261.23,25.11,48.32,75,318,157.0
2023,11,7,Ambattur,656.1,29.39,10.0,75,755,318.0
2023,12,7,Ambattur,588.47,27.87,20.43,75,823,755.0
2024,1,7,Ambattur,28.32,27.77,74.96,75,342,823.0
2024,2,7,Ambattur,30.78,24.1,76.95,75,134,342.0
2024,3,7,Ambattur,43.18,31.43,73.03,75,72,134.0
2024,4,7,Ambattur,24.39,34.27,73.41,75,32,72.0
2024,5,7,Ambattur,28.1,36.65,66.65,75,61,32.0
2024,6,7,Ambattur,0.17,37.01,64.07,75,66,61.0
2024,7,7,Ambattur,40.54,24.36,72.96,75,31,66.0
2024,8,7,Ambattur,49.92,30.02,78.64,75,7,31.0
2024,9,7,Ambattur,346.87,25.94,42.32,75,127,7.0
2024,10,7,Ambattur,148.09,27.72,60.51,75,91,127.0
2024,11,7,Ambattur,154.2,27.03,58.14,75,114,91.0
2024,12,7,Ambattur,323.38,25.24,39.85,75,196,114.0
2015,1,8,Anna Nagar,16.27,27.11,82.71,85,85,63.0
2015,2,8,Anna Nagar,25.94,29.62,83.64,85,29,85.0
2015,3,8,Anna Nagar,37.32,29.2,88.49,85,13,29.0
2015,4,8,Anna Nagar,23.86,35.9,77.15,85,4,13.0
2015,5,8,Anna Nagar,24.1,35.97,74.34,85,12,4.0
2015,6,8,Anna Nagar,3.53,38.54,73.6,85,19,12.0
2015,7,8,Anna Nagar,28.05,31.01,84.03,85,6,19.0
2015,8,8,Anna Nagar,5.36,27.58,85.33,85,7,6.0
2015,9,8,Anna Nagar,304.45,28.8,55.51,85,177,7.0
2015,10,8,Anna Nagar,154.48,29.54,70.39,85,109,177.0
2015,11,8,Anna Nagar,563.49,25.13,25.21,85,506,109.0
2015,12,8,Anna Nagar,590.42,28.32,30.33,85,622,506.0
2016,1,8,Anna Nagar,23.99,29.02,88.74,85,245,622.0
2016,2,8,Anna Nagar,29.62,30.6,83.48,85,103,245.0
2016,3,8,Anna Nagar,32.73,26.19,89.51,85,33,103.0
2016,4,8,Anna Nagar,3.14,38.46,73.43,85,24,33.0
2016,5,8,Anna Nagar,10.78,38.15,68.76,85,36,24.0
2016,6,8,Anna Nagar,19.74,41.0,60.49,85,106,36.0
2016,7,8,Anna Nagar,48.15,27.87,88.06,85,43,106.0
2016,8,8,Anna Nagar,34.5,25.61,85.36,85,11,43.0
2016,9,8,Anna Nagar,292.25,26.08,56.97,85,80,11.0
2016,10,8,Anna Nagar,255.52,25.75,61.82,85,85,80.0
2016,11,8,Anna Nagar,139.52,28.63,74.23,85,31,85.0
2016,12,8,Anna Nagar,166.18,27.99,70.74,85,32,31.0
2017,1,8,Anna Nagar,28.27,27.71,89.72,85,14,32.0
2017,2,8,Anna Nagar,9.21,31.15,86.54,85,6,14.0
2017,3,8,Anna Nagar,45.36,29.37,85.6,85,5,6.0
2017,4,8,Anna Nagar,22.31,37.54,74.98,85,4,5.0
2017,5,8,Anna Nagar,26.21,39.07,66.04,85,58,4.0
2017,6,8,Anna Nagar,29.52,36.02,82.06,85,22,58.0
2017,7,8,Anna Nagar,44.17,27.59,85.1,85,12,22.0
2017,8,8,Anna Nagar,7.14,30.2,82.71,85,10,12.0
2017,9,8,Anna Nagar,218.54,28.57,60.14,85,73,10.0
2017,10,8,Anna Nagar,375.25,26.45,47.18,85,155,73.0
2017,11,8,Anna Nagar,207.14,28.94,61.8,85,115,155.0
2017,12,8,Anna Nagar,197.59,28.56,68.41,85,63,115.0
2018,1,8,Anna Nagar,14.5,30.97,86.73,85,30,63.0
2018,2,8,Anna Nagar,43.3,31.57,81.06,85,9,30.0
2018,3,8,Anna Nagar,46.81,24.51,88.25,85,8,9.0
2018,4,8,Anna Nagar,28.8,38.31,72.28,85,16,8.0
2018,5,8,Anna Nagar,14.52,34.04,85.45,85,13,16.0
2018,6,8,Anna Nagar,9.76,40.31,71.69,85,19,13.0
2018,7,8,Anna Nagar,24.42,27.22,81.54,85,11,19.0
2018,8,8,Anna Nagar,33.36,30.22,88.62,85,8,11.0
2018,9,8,Anna Nagar,328.17,25.77,52.06,85,94,8.0
2018,10,8,Anna Nagar,178.31,26.72,70.51,85,70,94.0
2018,11,8,Anna Nagar,151.76,27.84,67.79,85,72,70.0
2018,12,8,Anna Nagar,225.75,25.84,66.22,85,66,72.0
2019,1,8,Anna Nagar,43.42,31.41,84.2,85,15,66.0
2019,2,8,Anna Nagar,33.56,26.17,80.81,85,13,15.0
2019,3,8,Anna Nagar,26.27,29.58,89.0,85,13,13.0
2019,4,8,Anna Nagar,25.5,35.37,75.32,85,18,13.0
2019,5,8,Anna Nagar,10.14,34.89,79.2,85,7,18.0
2019,6,8,Anna Nagar,1.79,38.23,74.56,85,10,7.0
2019,7,8,Anna Nagar,41.53,25.8,83.99,85,7,10.0
2019,8,8,Anna Nagar,13.44,25.59,82.47,85,8,7.0
2019,9,8,Anna Nagar,118.73,27.43,69.22,85,24,8.0
2019,10,8,Anna Nagar,210.74,26.79,62.37,85,65,24.0
2019,11,8,Anna Nagar,348.26,25.0,48.25,85,133,65.0
2019,12,8,Anna Nagar,394.38,26.91,48.31,85,164,133.0
2020,1,8,Anna Nagar,37.2,31.35,84.24,85,62,164.0
2020,2,8,Anna Nagar,21.52,25.32,87.07,85,25,62.0
2020,3,8,Anna Nagar,28.84,24.95,80.36,85,5,25.0
2020,4,8,Anna Nagar,1.03,37.12,77.86,85,14,5.0
2020,5,8,Anna Nagar,25.89,37.36,69.78,85,39,14.0
2020,6,8,Anna Nagar,17.13,40.37,61.64,85,88,39.0
2020,7,8,Anna Nagar,9.61,26.48,89.75,85,34,88.0
2020,8,8,Anna Nagar,31.59,28.15,80.51,85,10,34.0
2020,9,8,Anna Nagar,294.2,25.64,57.08,85,91,10.0
2020,10,8,Anna Nagar,357.58,29.81,50.53,85,145,91.0
2020,11,8,Anna Nagar,303.14,28.41,55.97,85,144,145.0
2020,12,8,Anna Nagar,116.99,25.6,74.11,85,76,144.0
2021,1,8,Anna Nagar,16.77,31.62,85.33,85,33,76.0
2021,2,8,Anna Nagar,26.88,28.61,86.45,85,5,33.0
2021,3,8,Anna Nagar,24.52,30.77,88.32,85,9,5.0
2021,4,8,Anna Nagar,19.12,39.61,68.13,85,44,9.0
2021,5,8,Anna Nagar,24.1,35.07,78.48,85,16,44.0
2021,6,8,Anna Nagar,26.04,40.17,65.58,85,53,16.0
2021,7,8,Anna Nagar,1.97,29.93,88.28,85,23,53.0
2021,8,8,Anna Nagar,45.33,25.53,86.15,85,9,23.0
2021,9,8,Anna Nagar,282.09,25.94,59.84,85,101,9.0
2021,10,8,Anna Nagar,159.9,26.86,69.03,85,75,101.0
2021,11,8,Anna Nagar,165.33,28.39,71.5,85,48,75.0
2021,12,8,Anna Nagar,133.85,29.35,72.98,85,23,48.0
2022,1,8,Anna Nagar,0.97,26.62,86.28,85,8,23.0
2022,2,8,Anna Nagar,4.68,27.42,81.29,85,17,8.0
2022,3,8,Anna Nagar,13.98,25.53,85.04,85,14,17.0
2022,4,8,Anna Nagar,2.57,34.64,85.14,85,12,14.0
2022,5,8,Anna Nagar,14.49,40.21,65.76,85,62,12.0
2022,6,8,Anna Nagar,27.43,35.86,81.9,85,22,62.0
2022,7,8,Anna Nagar,10.76,30.89,89.42,85,10,22.0
2022,8,8,Anna Nagar,22.33,26.03,88.25,85,10,10.0
2022,9,8,Anna Nagar,132.81,26.99,70.09,85,25,10.0
2022,10,8,Anna Nagar,262.69,25.74,61.19,85,69,25.0
2022,11,8,Anna Nagar,121.97,29.06,75.33,85,32,69.0
2022,12,8,Anna Nagar,142.34,25.0,73.87,85,11,32.0
2023,1,8,Anna Nagar,35.97,30.84,82.57,85,3,11.0
2023,2,8,Anna Nagar,41.13,25.68,83.94,85,8,3.0
2023,3,8,Anna Nagar,21.02,31.16,89.83,85,11,8.0
2023,4,8,Anna Nagar,21.15,37.16,70.62,85,58,11.0
2023,5,8,Anna Nagar,3.81,40.54,69.84,85,78,58.0
2023,6,8,Anna Nagar,11.32,38.65,68.43,85,94,78.0
2023,7,8,Anna Nagar,29.39,30.78,84.41,85,41,94.0
2023,8,8,Anna Nagar,38.18,27.58,87.9,85,18,41.0
2023,9,8,Anna Nagar,269.52,29.29,54.22,85,207,18.0
2023,10,8,Anna Nagar,290.55,29.55,51.13,85,300,207.0
2023,11,8,Anna Nagar,493.22,29.75,40.26,85,401,300.0
2023,12,8,Anna Nagar,505.05,27.52,36.94,85,503,401.0
2024,1,8,Anna Nagar,33.41,31.17,80.58,85,184,503.0
2024,2,8,Anna Nagar,32.45,26.8,89.17,85,62,184.0
2024,3,8,Anna Nagar,46.54,25.97,85.77,85,21,62.0
2024,4,8,Anna Nagar,14.55,36.14,77.33,85,9,21.0
2024,5,8,Anna Nagar,21.48,34.95,78.04,85,7,9.0
2024,6,8,Anna Nagar,21.06,39.05,72.17,85,11,7.0
2024,7,8,Anna Nagar,14.46,26.48,85.22,85,12,11.0
2024,8,8,Anna Nagar,43.82,25.61,80.78,85,12,12.0
2024,9,8,Anna Nagar,188.9,28.63,63.41,85,44,12.0
2024,10,8,Anna Nagar,287.13,25.95,55.98,85,101,44.0
2024,11,8,Anna Nagar,138.35,28.69,70.13,85,54,101.0
2024,12,8,Anna Nagar,236.6,28.49,60.22,85,71,54.0
2015,1,9,Teynampet,14.05,28.34,86.41,90,57,59.0
2015,2,9,Teynampet,15.04,26.28,85.37,90,24,57.0
2015,3,9,Teynampet,4.68,26.94,87.65,90,9,24.0
2015,4,9,Teynampet,28.88,39.85,74.83,90,9,9.0
2015,5,9,Teynampet,29.72,36.89,79.0,90,13,9.0
2015,6,9,Teynampet,26.06,35.57,88.22,90,11,13.0
2015,7,9,Teynampet,37.76,28.96,92.04,90,7,11.0
2015,8,9,Teynampet,18.86,24.16,88.22,90,7,7.0
2015,9,9,Teynampet,204.66,29.65,72.84,90,35,7.0
2015,10,9,Teynampet,384.19,25.77,52.44,90,217,35.0
2015,11,9,Teynampet,488.79,26.16,42.84,90,395,217.0
2015,12,9,Teynampet,504.91,27.98,35.02,90,517,395.0
2016,1,9,Teynampet,36.88,25.91,86.1,90,201,517.0
2016,2,9,Teynampet,13.35,31.03,92.97,90,85,201.0
2016,3,9,Teynampet,47.18,27.36,91.39,90,32,85.0
2016,4,9,Teynampet,10.18,39.7,69.04,90,54,32.0
2016,5,9,Teynampet,9.76,39.41,70.27,90,41,54.0
2016,6,9,Teynampet,17.01,39.17,78.36,90,15,41.0
2016,7,9,Teynampet,31.66,31.61,91.02,90,7,15.0
2016,8,9,Teynampet,37.81,26.78,91.65,90,7,7.0
2016,9,9,Teynampet,118.4,28.9,77.76,90,6,7.0
2016,10,9,Teynampet,112.5,25.42,80.91,90,4,6.0
2016,11,9,Teynampet,352.21,28.66,55.2,90,83,4.0
2016,12,9,Teynampet,290.85,28.93,57.1,90,102,83.0
2017,1,9,Teynampet,5.7,25.21,87.25,90,36,102.0
2017,2,9,Teynampet,30.76,24.67,93.82,90,18,36.0
2017,3,9,Teynampet,23.02,30.92,90.47,90,5,18.0
2017,4,9,Teynampet,10.86,37.31,74.69,90,6,5.0
2017,5,9,Teynampet,16.02,34.99,80.13,90,9,6.0
2017,6,9,Teynampet,10.21,37.79,74.57,90,10,9.0
2017,7,9,Teynampet,34.63,25.08,87.99,90,9,10.0
2017,8,9,Teynampet,6.69,29.04,85.54,90,12,9.0
2017,9,9,Teynampet,210.34,25.29,65.08,90,44,12.0
2017,10,9,Teynampet,118.66,25.74,73.21,90,26,44.0
2017,11,9,Teynampet,296.99,26.2,57.22,90,95,26.0
2017,12,9,Teynampet,370.58,29.03,57.79,90,113,95.0
2018,1,9,Teynampet,31.24,28.57,93.33,90,56,113.0
2018,2,9,Teynampet,35.06,29.44,89.08,90,19,56.0
2018,3,9,Teynampet,1.1,26.41,90.03,90,16,19.0
2018,4,9,Teynampet,16.23,38.88,77.33,90,6,16.0
2018,5,9,Teynampet,1.99,39.37,74.92,90,13,6.0
2018,6,9,Teynampet,2.02,34.66,90.83,90,8,13.0
2018,7,9,Teynampet,46.07,28.67,90.93,90,9,8.0
2018,8,9,Teynampet,42.01,31.92,93.9,90,9,9.0
2018,9,9,Teynampet,399.87,28.85,48.99,90,120,9.0
2018,10,9,Teynampet,211.75,29.64,64.44,90,75,120.0
2018,11,9,Teynampet,395.07,26.3,55.19,90,108,75.0
2018,12,9,Teynampet,250.73,28.66,69.51,90,58,108.0
2019,1,9,Teynampet,28.7,27.14,85.29,90,24,58.0
2019,2,9,Teynampet,28.89,30.93,87.89,90,10,24.0
2019,3,9,Teynampet,33.98,31.57,87.96,90,7,10.0
2019,4,9,Teynampet,14.35,38.1,77.67,90,5,7.0
2019,5,9,Teynampet,16.57,38.17,80.8,90,11,5.0
2019,6,9,Teynampet,20.0,34.56,85.52,90,6,11.0
2019,7,9,Teynampet,16.71,29.85,89.2,90,11,6.0
2019,8,9,Teynampet,29.4,27.41,91.15,90,5,11.0
2019,9,9,Teynampet,342.65,29.38,53.76,90,107,5.0
2019,10,9,Teynampet,363.97,27.53,53.68,90,127,107.0
2019,11,9,Teynampet,120.46,25.94,78.51,90,46,127.0
2019,12,9,Teynampet,157.6,25.73,78.62,90,20,46.0
2020,1,9,Teynampet,22.24,27.91,88.52,90,15,20.0
2020,2,9,Teynampet,9.82,25.69,85.41,90,8,15.0
2020,3,9,Teynampet,21.89,30.75,87.62,90,9,8.0
2020,4,9,Teynampet,16.15,40.39,70.4,90,41,9.0
2020,5,9,Teynampet,26.33,35.43,87.19,90,17,41.0
2020,6,9,Teynampet,28.82,37.76,73.24,90,15,17.0
2020,7,9,Teynampet,28.83,31.87,87.42,90,12,15.0
2020,8,9,Teynampet,15.51,25.45,90.04,90,8,12.0
2020,9,9,Teynampet,208.69,29.13,71.15,90,22,8.0
2020,10,9,Teynampet,343.86,27.89,56.8,90,108,22.0
2020,11,9,Teynampet,236.67,29.45,67.03,90,73,108.0
2020,12,9,Teynampet,352.88,27.23,56.8,90,127,73.0
2021,1,9,Teynampet,6.47,27.01,85.99,90,53,127.0
2021,2,9,Teynampet,0.7,28.53,94.32,90,23,53.0
2021,3,9,Teynampet,24.6,28.58,87.38,90,13,23.0
2021,4,9,Teynampet,26.28,39.48,70.48,90,34,13.0
2021,5,9,Teynampet,23.95,38.95,72.03,90,30,34.0
2021,6,9,Teynampet,9.35,39.48,73.23,90,23,30.0
2021,7,9,Teynampet,1.39,25.97,89.6,90,11,23.0
2021,8,9,Teynampet,17.36,26.12,91.86,90,17,11.0
2021,9,9,Teynampet,248.45,25.43,65.75,90,51,17.0
2021,10,9,Teynampet,221.91,27.43,68.22,90,60,51.0
2021,11,9,Teynampet,298.56,26.78,63.23,90,74,60.0
2021,12,9,Teynampet,186.18,28.68,70.92,90,46,74.0
2022,1,9,Teynampet,31.69,24.58,94.09,90,29,46.0
2022,2,9,Teynampet,15.86,30.13,89.98,90,9,29.0
2022,3,9,Teynampet,3.93,26.85,92.48,90,10,9.0
2022,4,9,Teynampet,10.7,38.15,80.49,90,15,10.0
2022,5,9,Teynampet,14.28,40.94,72.85,90,14,15.0
2022,6,9,Teynampet,1.52,34.31,88.94,90,9,14.0
2022,7,9,Teynampet,11.7,24.4,87.69,90,11,9.0
2022,8,9,Teynampet,15.24,25.45,85.86,90,12,11.0
2022,9,9,Teynampet,123.5,25.36,81.15,90,7,12.0
2022,10,9,Teynampet,374.99,28.53,54.22,90,86,7.0
2022,11,9,Teynampet,300.82,27.38,61.34,90,99,86.0
2022,12,9,Teynampet,374.38,26.04,54.21,90,106,99.0
2023,1,9,Teynampet,21.58,25.84,90.16,90,53,106.0
2023,2,9,Teynampet,7.52,28.03,93.02,90,20,53.0
2023,3,9,Teynampet,45.29,28.13,86.54,90,15,20.0
2023,4,9,Teynampet,26.11,34.97,81.35,90,9,15.0
2023,5,9,Teynampet,18.26,40.8,69.25,90,79,9.0
2023,6,9,Teynampet,9.16,35.1,81.48,90,36,79.0
2023,7,9,Teynampet,9.47,30.17,93.41,90,16,36.0
2023,8,9,Teynampet,7.82,27.5,88.97,90,12,16.0
2023,9,9,Teynampet,134.5,28.47,75.97,90,17,12.0
2023,10,9,Teynampet,262.4,26.62,60.12,90,158,17.0
2023,11,9,Teynampet,798.41,25.9,10.18,90,676,158.0
2023,12,9,Teynampet,722.39,26.45,19.4,90,765,676.0
2024,1,9,Teynampet,21.86,27.23,86.37,90,306,765.0
2024,2,9,Teynampet,0.22,31.4,86.13,90,105,306.0
2024,3,9,Teynampet,0.27,28.52,88.39,90,38,105.0
2024,4,9,Teynampet,3.44,40.98,69.31,90,43,38.0
2024,5,9,Teynampet,28.3,37.69,78.66,90,17,43.0
2024,6,9,Teynampet,28.8,38.75,76.33,90,17,17.0
2024,7,9,Teynampet,35.97,26.69,87.9,90,10,17.0
2024,8,9,Teynampet,41.51,27.35,86.94,90,8,10.0
2024,9,9,Teynampet,171.25,26.9,72.63,90,15,8.0
2024,10,9,Teynampet,218.65,26.61,69.24,90,40,15.0
2024,11,9,Teynampet,249.33,26.72,62.49,90,64,40.0
2024,12,9,Teynampet,273.99,29.74,58.29,90,93,64.0
2015,1,10,Kodambakkam,49.34,30.18,76.99,80,76,94.0
2015,2,10,Kodambakkam,2.57,26.23,84.08,80,26,76.0
2015,3,10,Kodambakkam,31.56,30.36,80.03,80,11,26.0
2015,4,10,Kodambakkam,4.69,35.75,73.61,80,22,11.0
2015,5,10,Kodambakkam,27.92,40.01,61.77,80,178,22.0
2015,6,10,Kodambakkam,13.64,38.39,67.36,80,178,178.0
2015,7,10,Kodambakkam,0.73,26.8,80.9,80,68,178.0
2015,8,10,Kodambakkam,5.99,31.12,80.94,80,30,68.0
2015,9,10,Kodambakkam,319.26,29.69,44.89,80,251,30.0
2015,10,10,Kodambakkam,105.43,29.36,73.78,80,113,251.0
2015,11,10,Kodambakkam,495.27,25.5,27.9,80,483,113.0
2015,12,10,Kodambakkam,708.36,25.53,10.0,80,797,483.0
2016,1,10,Kodambakkam,14.82,25.87,75.42,80,315,797.0
2016,2,10,Kodambakkam,43.36,29.67,83.37,80,133,315.0
2016,3,10,Kodambakkam,49.2,27.27,83.94,80,47,133.0
2016,4,10,Kodambakkam,24.52,37.17,71.02,80,39,47.0
2016,5,10,Kodambakkam,5.09,37.64,66.77,80,65,39.0
2016,6,10,Kodambakkam,20.03,39.65,65.99,80,82,65.0
2016,7,10,Kodambakkam,30.55,27.29,83.4,80,41,82.0
2016,8,10,Kodambakkam,7.62,31.94,84.27,80,17,41.0
2016,9,10,Kodambakkam,190.98,25.51,62.82,80,41,17.0
2016,10,10,Kodambakkam,103.63,29.78,72.01,80,26,41.0
2016,11,10,Kodambakkam,189.26,27.83,62.96,80,69,26.0
2016,12,10,Kodambakkam,215.15,27.86,59.36,80,80,69.0
2017,1,10,Kodambakkam,28.06,28.19,76.15,80,39,80.0
2017,2,10,Kodambakkam,48.36,27.34,84.84,80,18,39.0
2017,3,10,Kodambakkam,2.1,29.92,84.18,80,8,18.0
2017,4,10,Kodambakkam,29.15,36.32,71.52,80,15,8.0
2017,5,10,Kodambakkam,14.58,38.04,62.84,80,55,15.0
2017,6,10,Kodambakkam,22.86,39.84,62.32,80,82,55.0
2017,7,10,Kodambakkam,13.94,25.69,84.57,80,36,82.0
2017,8,10,Kodambakkam,0.01,28.09,75.47,80,12,36.0
2017,9,10,Kodambakkam,350.64,25.07,43.73,80,121,12.0
2017,10,10,Kodambakkam,140.28,29.79,66.27,80,75,121.0
2017,11,10,Kodambakkam,251.79,26.1,50.21,80,96,75.0
2017,12,10,Kodambakkam,277.19,28.31,48.07,80,145,96.0
2018,1,10,Kodambakkam,33.7,24.41,80.49,80,53,145.0
2018,2,10,Kodambakkam,47.88,27.19,83.4,80,16,53.0
2018,3,10,Kodambakkam,38.22,27.28,81.55,80,7,16.0
2018,4,10,Kodambakkam,12.36,40.09,63.58,80,65,7.0
2018,5,10,Kodambakkam,4.21,38.7,66.96,80,74,65.0
2018,6,10,Kodambakkam,24.2,40.01,67.46,80,63,74.0
2018,7,10,Kodambakkam,1.59,27.39,75.85,80,27,63.0
2018,8,10,Kodambakkam,24.47,29.93,79.93,80,11,27.0
2018,9,10,Kodambakkam,109.14,26.02,67.49,80,35,11.0
2018,10,10,Kodambakkam,278.56,25.75,56.82,80,86,35.0
2018,11,10,Kodambakkam,115.1,25.26,70.41,80,52,86.0
2018,12,10,Kodambakkam,380.29,29.58,43.33,80,153,52.0
2019,1,10,Kodambakkam,39.37,26.45,75.4,80,63,153.0
2019,2,10,Kodambakkam,20.56,27.42,78.3,80,26,63.0
2019,3,10,Kodambakkam,31.69,28.75,75.16,80,13,26.0
2019,4,10,Kodambakkam,3.16,38.1,67.7,80,40,13.0
2019,5,10,Kodambakkam,24.09,37.78,63.84,80,79,40.0
2019,6,10,Kodambakkam,6.07,36.71,66.24,80,76,79.0
2019,7,10,Kodambakkam,40.21,30.93,75.6,80,34,76.0
2019,8,10,Kodambakkam,8.59,28.14,77.14,80,11,34.0
2019,9,10,Kodambakkam,329.4,25.73,48.96,80,141,11.0
2019,10,10,Kodambakkam,298.94,27.98,49.26,80,166,141.0
2019,11,10,Kodambakkam,213.06,29.38,62.75,80,120,166.0
2019,12,10,Kodambakkam,120.71,26.67,66.07,80,91,120.0
2020,1,10,Kodambakkam,38.11,30.49,78.42,80,35,91.0
2020,2,10,Kodambakkam,42.9,29.34,79.35,80,22,35.0
2020,3,10,Kodambakkam,22.45,28.62,80.71,80,8,22.0
2020,4,10,Kodambakkam,28.06,39.26,68.76,80,47,8.0
2020,5,10,Kodambakkam,29.16,37.59,66.44,80,71,47.0
2020,6,10,Kodambakkam,20.79,39.13,69.62,80,58,71.0
2020,7,10,Kodambakkam,30.37,24.71,81.77,80,14,58.0
2020,8,10,Kodambakkam,23.2,25.07,84.28,80,14,14.0
2020,9,10,Kodambakkam,228.07,27.35,61.48,80,76,14.0
2020,10,10,Kodambakkam,350.34,25.28,47.44,80,183,76.0
2020,11,10,Kodambakkam,302.29,29.9,54.63,80,182,183.0
2020,12,10,Kodambakkam,208.36,28.19,54.87,80,167,182.0
2021,1,10,Kodambakkam,38.9,25.76,76.65,80,64,167.0
2021,2,10,Kodambakkam,0.66,28.34,79.6,80,26,64.0
2021,3,10,Kodambakkam,16.7,24.85,77.39,80,17,26.0
2021,4,10,Kodambakkam,18.75,40.62,61.74,80,93,17.0
2021,5,10,Kodambakkam,18.85,34.85,80.24,80,43,93.0
2021,6,10,Kodambakkam,11.47,37.1,68.51,80,52,43.0
2021,7,10,Kodambakkam,37.13,26.24,80.65,80,13,52.0
2021,8,10,Kodambakkam,40.57,24.44,80.38,80,13,13.0
2021,9,10,Kodambakkam,232.62,26.67,56.96,80,94,13.0
2021,10,10,Kodambakkam,342.35,28.46,46.32,80,182,94.0
2021,11,10,Kodambakkam,323.62,26.89,45.67,80,211,182.0
2021,12,10,Kodambakkam,250.94,26.58,57.2,80,182,211.0
2022,1,10,Kodambakkam,26.62,26.43,78.93,80,64,182.0
2022,2,10,Kodambakkam,43.36,29.38,75.47,80,27,64.0
2022,3,10,Kodambakkam,47.98,30.34,81.04,80,11,27.0
2022,4,10,Kodambakkam,6.04,40.71,61.85,80,72,11.0
2022,5,10,Kodambakkam,7.01,36.87,73.13,80,44,72.0
2022,6,10,Kodambakkam,5.71,38.69,60.78,80,103,44.0
2022,7,10,Kodambakkam,47.2,27.17,81.94,80,41,103.0
2022,8,10,Kodambakkam,34.5,27.12,79.16,80,16,41.0
2022,9,10,Kodambakkam,262.86,29.16,49.96,80,96,16.0
2022,10,10,Kodambakkam,136.05,27.67,68.15,80,65,96.0
2022,11,10,Kodambakkam,207.25,26.39,60.7,80,90,65.0
2022,12,10,Kodambakkam,149.18,28.68,63.09,80,84,90.0
2023,1,10,Kodambakkam,17.72,27.05,79.12,80,38,84.0
2023,2,10,Kodambakkam,42.44,29.65,79.9,80,16,38.0
2023,3,10,Kodambakkam,36.59,29.67,77.0,80,7,16.0
2023,4,10,Kodambakkam,7.03,37.36,69.61,80,66,7.0
2023,5,10,Kodambakkam,11.89,40.75,61.02,80,188,66.0
2023,6,10,Kodambakkam,16.73,36.66,70.92,80,122,188.0
2023,7,10,Kodambakkam,1.42,30.63,82.88,80,43,122.0
2023,8,10,Kodambakkam,19.41,25.37,77.27,80,18,43.0
2023,9,10,Kodambakkam,292.85,26.91,55.28,80,178,18.0
2023,10,10,Kodambakkam,363.43,27.93,45.4,80,355,178.0
2023,11,10,Kodambakkam,510.81,29.31,26.75,80,589,355.0
2023,12,10,Kodambakkam,610.17,28.46,22.82,80,705,589.0
2024,1,10,Kodambakkam,23.83,30.11,77.58,80,291,705.0
2024,2,10,Kodambakkam,18.68,25.71,80.85,80,115,291.0
2024,3,10,Kodambakkam,42.57,28.87,83.53,80,41,115.0
2024,4,10,Kodambakkam,10.92,39.83,62.46,80,90,41.0
2024,5,10,Kodambakkam,14.27,38.22,71.81,80,63,90.0
2024,6,10,Kodambakkam,17.98,37.33,73.49,80,23,63.0
2024,7,10,Kodambakkam,3.99,27.34,84.43,80,12,23.0
2024,8,10,Kodambakkam,26.57,30.44,82.91,80,11,12.0
2024,9,10,Kodambakkam,195.61,27.24,61.7,80,49,11.0
2024,10,10,Kodambakkam,122.42,27.3,71.67,80,46,49.0
2024,11,10,Kodambakkam,331.75,25.85,42.26,80,156,46.0
2024,12,10,Kodambakkam,252.49,25.12,52.88,80,165,156.0
2015,1,11,Valasaravakkam,38.56,24.59,73.58,75,52,130.0
2015,2,11,Valasaravakkam,24.47,31.89,72.42,75,49,52.0
2015,3,11,Valasaravakkam,9.76,29.78,72.81,75,33,49.0
2015,4,11,Valasaravakkam,8.4,40.68,58.17,75,221,33.0
2015,5,11,Valasaravakkam,3.09,40.32,56.76,75,328,221.0
2015,6,11,Valasaravakkam,8.43,40.65,59.77,75,315,328.0
2015,7,11,Valasaravakkam,45.21,26.79,75.14,75,136,315.0
2015,8,11,Valasaravakkam,24.92,24.7,75.37,75,56,136.0
2015,9,11,Valasaravakkam,272.34,29.21,44.16,75,316,56.0
2015,10,11,Valasaravakkam,376.75,28.54,33.85,75,502,316.0
2015,11,11,Valasaravakkam,558.87,28.34,16.16,75,714,502.0
2015,12,11,Valasaravakkam,573.93,26.23,20.8,75,800,714.0
2016,1,11,Valasaravakkam,33.98,25.75,79.5,75,336,800.0
2016,2,11,Valasaravakkam,30.93,30.02,71.59,75,165,336.0
2016,3,11,Valasaravakkam,1.56,29.21,73.69,75,82,165.0
2016,4,11,Valasaravakkam,2.45,34.42,68.91,75,52,82.0
2016,5,11,Valasaravakkam,7.46,38.32,63.77,75,68,52.0
2016,6,11,Valasaravakkam,24.54,34.84,70.84,75,44,68.0
2016,7,11,Valasaravakkam,11.84,30.24,72.75,75,32,44.0
2016,8,11,Valasaravakkam,26.05,28.99,70.89,75,34,32.0
2016,9,11,Valasaravakkam,399.01,29.07,36.25,75,161,34.0
2016,10,11,Valasaravakkam,204.91,28.87,56.12,75,128,161.0
2016,11,11,Valasaravakkam,328.34,25.8,41.78,75,163,128.0
2016,12,11,Valasaravakkam,200.35,25.13,50.21,75,179,163.0
2017,1,11,Valasaravakkam,3.38,29.66,75.44,75,57,179.0
2017,2,11,Valasaravakkam,8.3,31.06,74.27,75,20,57.0
2017,3,11,Valasaravakkam,14.61,31.29,77.54,75,13,20.0
2017,4,11,Valasaravakkam,8.42,35.45,69.04,75,27,13.0
2017,5,11,Valasaravakkam,10.3,39.1,61.26,75,91,27.0
2017,6,11,Valasaravakkam,5.84,34.4,69.92,75,60,91.0
2017,7,11,Valasaravakkam,14.73,24.11,77.38,75,29,60.0
2017,8,11,Valasaravakkam,3.13,30.71,70.04,75,27,29.0
2017,9,11,Valasaravakkam,137.31,27.07,61.2,75,62,27.0
2017,10,11,Valasaravakkam,303.89,25.38,42.36,75,164,62.0
2017,11,11,Valasaravakkam,360.03,26.41,43.5,75,192,164.0
2017,12,11,Valasaravakkam,150.2,28.9,60.82,75,159,192.0
2018,1,11,Valasaravakkam,17.65,28.97,73.34,75,76,159.0
2018,2,11,Valasaravakkam,48.85,24.82,70.08,75,49,76.0
2018,3,11,Valasaravakkam,8.02,24.56,71.86,75,35,49.0
2018,4,11,Valasaravakkam,18.17,34.82,68.82,75,35,35.0
2018,5,11,Valasaravakkam,5.85,40.23,59.42,75,114,35.0
2018,6,11,Valasaravakkam,12.34,34.91,65.45,75,87,114.0
2018,7,11,Valasaravakkam,44.15,29.27,72.11,75,40,87.0
2018,8,11,Valasaravakkam,18.07,30.88,74.07,75,17,40.0
2018,9,11,Valasaravakkam,373.18,27.55,37.69,75,129,17.0
2018,10,11,Valasaravakkam,174.0,27.35,59.22,75,124,129.0
2018,11,11,Valasaravakkam,284.19,26.26,47.36,75,156,124.0
2018,12,11,Valasaravakkam,325.72,27.66,44.2,75,184,156.0
2019,1,11,Valasaravakkam,48.69,28.35,72.75,75,89,184.0
2019,2,11,Valasaravakkam,10.08,31.48,76.89,75,42,89.0
2019,3,11,Valasaravakkam,33.25,28.45,73.43,75,17,42.0
2019,4,11,Valasaravakkam,24.6,34.29,71.75,75,26,17.0
2019,5,11,Valasaravakkam,11.89,36.07,63.75,75,60,26.0
2019,6,11,Valasaravakkam,14.5,36.68,69.19,75,46,60.0
2019,7,11,Valasaravakkam,20.79,28.39,74.03,75,16,46.0
2019,8,11,Valasaravakkam,40.59,24.11,76.49,75,16,16.0
2019,9,11,Valasaravakkam,199.49,27.5,56.51,75,88,16.0
2019,10,11,Valasaravakkam,158.71,29.1,60.62,75,96,88.0
2019,11,11,Valasaravakkam,132.04,29.77,57.4,75,109,96.0
2019,12,11,Valasaravakkam,144.55,27.98,63.69,75,90,109.0
2020,1,11,Valasaravakkam,18.16,30.35,79.41,75,38,90.0
2020,2,11,Valasaravakkam,46.51,28.22,72.59,75,20,38.0
2020,3,11,Valasaravakkam,5.33,26.93,70.99,75,29,20.0
2020,4,11,Valasaravakkam,28.15,35.93,66.0,75,70,29.0
2020,5,11,Valasaravakkam,9.15,35.35,65.42,75,78,70.0
2020,6,11,Valasaravakkam,16.0,36.84,62.09,75,110,78.0
2020,7,11,Valasaravakkam,36.98,25.69,78.42,75,43,110.0
2020,8,11,Valasaravakkam,5.31,30.21,78.08,75,21,43.0
2020,9,11,Valasaravakkam,257.6,25.33,53.97,75,109,21.0
2020,10,11,Valasaravakkam,292.13,26.57,50.37,75,152,109.0
2020,11,11,Valasaravakkam,339.57,25.54,43.85,75,239,152.0
2020,12,11,Valasaravakkam,398.87,27.37,38.27,75,275,239.0
2021,1,11,Valasaravakkam,35.52,27.35,75.17,75,115,275.0
2021,2,11,Valasaravakkam,34.22,28.03,77.65,75,46,115.0
2021,3,11,Valasaravakkam,8.44,27.69,73.07,75,28,46.0
2021,4,11,Valasaravakkam,1.89,35.31,64.55,75,76,28.0
2021,5,11,Valasaravakkam,17.36,40.38,57.09,75,132,76.0
2021,6,11,Valasaravakkam,24.26,36.53,66.41,75,108,132.0
2021,7,11,Valasaravakkam,37.51,29.55,79.91,75,39,108.0
2021,8,11,Valasaravakkam,48.45,29.71,79.25,75,16,39.0
2021,9,11,Valasaravakkam,328.3,28.57,40.83,75,200,16.0
2021,10,11,Valasaravakkam,141.52,28.33,61.09,75,151,200.0
2021,11,11,Valasaravakkam,378.98,27.73,38.72,75,257,151.0
2021,12,11,Valasaravakkam,265.16,29.13,46.52,75,234,257.0
2022,1,11,Valasaravakkam,47.9,28.02,70.83,75,114,234.0
2022,2,11,Valasaravakkam,6.83,25.83,78.82,75,45,114.0
2022,3,11,Valasaravakkam,49.22,27.07,71.52,75,35,45.0
2022,4,11,Valasaravakkam,0.85,35.71,72.03,75,27,35.0
2022,5,11,Valasaravakkam,27.67,38.15,60.93,75,85,27.0
2022,6,11,Valasaravakkam,5.74,36.7,65.59,75,78,85.0
2022,7,11,Valasaravakkam,13.39,27.64,74.71,75,29,78.0
2022,8,11,Valasaravakkam,5.03,26.48,76.64,75,13,29.0
2022,9,11,Valasaravakkam,383.91,27.07,34.88,75,175,13.0
2022,10,11,Valasaravakkam,256.56,25.37,46.26,75,204,175.0
2022,11,11,Valasaravakkam,202.7,28.85,55.34,75,180,204.0
2022,12,11,Valasaravakkam,151.38,28.71,57.89,75,148,180.0
2023,1,11,Valasaravakkam,42.84,31.55,73.36,75,76,148.0
2023,2,11,Valasaravakkam,13.46,30.43,70.44,75,80,76.0
2023,3,11,Valasaravakkam,10.99,27.51,77.82,75,37,80.0
2023,4,11,Valasaravakkam,28.46,35.19,74.19,75,21,37.0
2023,5,11,Valasaravakkam,21.11,38.51,59.95,75,213,21.0
2023,6,11,Valasaravakkam,8.85,39.13,63.38,75,207,213.0
2023,7,11,Valasaravakkam,10.74,24.32,72.01,75,99,207.0
2023,8,11,Valasaravakkam,25.75,25.37,76.63,75,47,99.0
2023,9,11,Valasaravakkam,370.45,26.35,40.99,75,322,47.0
2023,10,11,Valasaravakkam,219.42,27.57,56.09,75,293,322.0
2023,11,11,Valasaravakkam,413.92,27.05,31.5,75,531,293.0
2023,12,11,Valasaravakkam,488.03,26.94,29.85,75,635,531.0
2024,1,11,Valasaravakkam,20.74,30.14,70.41,75,250,635.0
2024,2,11,Valasaravakkam,15.98,30.48,76.9,75,107,250.0
2024,3,11,Valasaravakkam,22.53,24.09,75.57,75,46,107.0
2024,4,11,Valasaravakkam,25.38,39.15,56.74,75,102,46.0
2024,5,11,Valasaravakkam,19.72,40.27,55.77,75,177,102.0
2024,6,11,Valasaravakkam,20.61,39.54,59.47,75,173,177.0
2024,7,11,Valasaravakkam,42.32,29.86,76.11,75,78,173.0
2024,8,11,Valasaravakkam,9.59,24.4,78.74,75,21,78.0
2024,9,11,Valasaravakkam,357.83,26.28,38.02,75,174,21.0
2024,10,11,Valasaravakkam,380.02,26.82,40.44,75,206,174.0
2024,11,11,Valasaravakkam,344.15,27.47,37.64,75,244,206.0
2024,12,11,Valasaravakkam,235.17,26.43,49.46,75,196,244.0
2015,1,12,Alandur,31.16,26.65,75.64,80,46,89.0
2015,2,12,Alandur,11.88,29.83,78.68,80,20,46.0
2015,3,12,Alandur,47.7,31.32,78.7,80,8,20.0
2015,4,12,Alandur,12.59,35.73,71.72,80,43,8.0
2015,5,12,Alandur,26.87,36.72,65.8,80,136,43.0
2015,6,12,Alandur,8.32,35.32,73.84,80,63,136.0
2015,7,12,Alandur,31.1,30.9,84.5,80,25,63.0
2015,8,12,Alandur,21.58,25.02,77.84,80,9,25.0
2015,9,12,Alandur,149.1,25.82,68.24,80,68,9.0
2015,10,12,Alandur,227.24,28.68,61.62,80,169,68.0
2015,11,12,Alandur,434.2,26.04,31.84,80,434,169.0
2015,12,12,Alandur,636.09,26.8,12.31,80,784,434.0
2016,1,12,Alandur,20.88,31.03,84.45,80,312,784.0
2016,2,12,Alandur,1.46,30.61,76.29,80,119,312.0
2016,3,12,Alandur,48.41,25.48,83.69,80,54,119.0
2016,4,12,Alandur,6.58,40.83,58.79,80,99,54.0
2016,5,12,Alandur,1.1,39.15,66.25,80,85,99.0
2016,6,12,Alandur,20.86,36.72,70.19,80,51,85.0
2016,7,12,Alandur,33.38,24.76,81.24,80,20,51.0
2016,8,12,Alandur,41.3,30.26,82.09,80,8,20.0
2016,9,12,Alandur,258.11,27.13,50.5,80,116,8.0
2016,10,12,Alandur,129.52,28.3,69.69,80,62,116.0
2016,11,12,Alandur,340.02,26.02,46.55,80,147,62.0
2016,12,12,Alandur,255.42,26.49,58.86,80,115,147.0
2017,1,12,Alandur,24.23,25.33,84.46,80,54,115.0
2017,2,12,Alandur,27.99,28.22,82.19,80,28,54.0
2017,3,12,Alandur,48.14,29.81,78.05,80,15,28.0
2017,4,12,Alandur,3.24,36.37,74.6,80,11,15.0
2017,5,12,Alandur,12.9,38.71,63.48,80,58,11.0
2017,6,12,Alandur,17.41,34.97,74.5,80,27,58.0
2017,7,12,Alandur,7.14,30.03,82.69,80,12,27.0
2017,8,12,Alandur,15.81,24.82,78.6,80,8,12.0
2017,9,12,Alandur,278.54,25.05,51.79,80,99,8.0
2017,10,12,Alandur,263.97,27.16,49.04,80,128,99.0
2017,11,12,Alandur,274.03,27.58,55.19,80,121,128.0
2017,12,12,Alandur,179.6,28.01,60.01,80,114,121.0
2018,1,12,Alandur,3.42,30.27,77.86,80,44,114.0
2018,2,12,Alandur,37.42,31.32,79.34,80,14,44.0
2018,3,12,Alandur,40.71,29.48,76.1,80,8,14.0
2018,4,12,Alandur,6.19,36.74,74.6,80,7,8.0
2018,5,12,Alandur,17.91,38.58,69.94,80,30,7.0
2018,6,12,Alandur,16.99,36.19,73.57,80,15,30.0
2018,7,12,Alandur,14.33,30.42,84.97,80,10,15.0
2018,8,12,Alandur,38.12,25.01,76.96,80,17,10.0
2018,9,12,Alandur,265.35,27.19,56.86,80,70,17.0
2018,10,12,Alandur,273.37,29.52,55.84,80,114,70.0
2018,11,12,Alandur,346.21,27.39,43.89,80,166,114.0
2018,12,12,Alandur,347.34,25.73,48.6,80,175,166.0
2019,1,12,Alandur,45.21,27.0,80.5,80,51,175.0
2019,2,12,Alandur,38.98,24.13,83.18,80,16,51.0
2019,3,12,Alandur,41.58,31.35,81.5,80,5,16.0
2019,4,12,Alandur,9.23,38.3,70.74,80,31,5.0
2019,5,12,Alandur,17.87,34.56,80.48,80,15,31.0
2019,6,12,Alandur,1.86,34.5,76.99,80,3,15.0
2019,7,12,Alandur,19.8,25.06,76.59,80,7,3.0
2019,8,12,Alandur,7.69,31.09,79.59,80,11,7.0
2019,9,12,Alandur,193.62,29.01,64.25,80,48,11.0
2019,10,12,Alandur,176.99,28.76,62.43,80,70,48.0
2019,11,12,Alandur,196.12,25.82,63.22,80,67,70.0
2019,12,12,Alandur,159.01,26.19,62.1,80,87,67.0
2020,1,12,Alandur,40.25,30.76,78.95,80,22,87.0
2020,2,12,Alandur,26.62,28.52,81.01,80,6,22.0
2020,3,12,Alandur,14.26,29.05,79.56,80,10,6.0
2020,4,12,Alandur,27.88,35.43,76.9,80,12,10.0
2020,5,12,Alandur,14.15,35.59,70.18,80,33,12.0
2020,6,12,Alandur,6.82,37.81,69.93,80,47,33.0
2020,7,12,Alandur,6.69,31.63,75.73,80,14,47.0
2020,8,12,Alandur,32.2,30.67,80.77,80,11,14.0
2020,9,12,Alandur,206.59,28.41,60.96,80,80,11.0
2020,10,12,Alandur,152.77,26.18,64.67,80,99,80.0
2020,11,12,Alandur,289.19,27.15,50.46,80,154,99.0
2020,12,12,Alandur,278.62,29.43,51.25,80,184,154.0
2021,1,12,Alandur,29.29,24.88,84.66,80,64,184.0
2021,2,12,Alandur,32.41,25.38,83.72,80,27,64.0
2021,3,12,Alandur,17.83,27.58,84.66,80,9,27.0
2021,4,12,Alandur,4.08,39.85,59.42,80,96,9.0
2021,5,12,Alandur,25.29,38.51,67.73,80,98,96.0
2021,6,12,Alandur,8.33,40.53,63.4,80,116,98.0
2021,7,12,Alandur,16.48,27.52,83.57,80,50,116.0
2021,8,12,Alandur,26.41,25.01,80.92,80,20,50.0
2021,9,12,Alandur,197.06,25.92,61.06,80,64,20.0
2021,10,12,Alandur,372.06,27.94,38.65,80,197,64.0
2021,11,12,Alandur,169.62,28.54,66.28,80,134,197.0
2021,12,12,Alandur,240.22,26.43,60.59,80,116,134.0
2022,1,12,Alandur,42.8,27.48,76.93,80,39,116.0
2022,2,12,Alandur,0.35,30.56,78.6,80,16,39.0
2022,3,12,Alandur,29.29,28.69,79.46,80,14,16.0
2022,4,12,Alandur,27.55,36.86,67.27,80,45,14.0
2022,5,12,Alandur,16.8,37.4,69.04,80,41,45.0
2022,6,12,Alandur,28.92,38.49,61.51,80,86,41.0
2022,7,12,Alandur,24.81,28.36,76.68,80,47,86.0
2022,8,12,Alandur,23.01,25.55,77.1,80,15,47.0
2022,9,12,Alandur,351.08,29.98,40.12,80,133,15.0
2022,10,12,Alandur,368.43,25.59,48.06,80,153,133.0
2022,11,12,Alandur,255.29,27.89,56.96,80,168,153.0
2022,12,12,Alandur,306.44,25.64,48.61,80,166,168.0
2023,1,12,Alandur,10.02,27.31,77.06,80,77,166.0
2023,2,12,Alandur,24.61,31.05,79.13,80,31,77.0
2023,3,12,Alandur,39.61,30.71,81.55,80,9,31.0
2023,4,12,Alandur,17.12,37.05,69.03,80,76,9.0
2023,5,12,Alandur,9.11,40.45,59.59,80,206,76.0
2023,6,12,Alandur,26.93,36.45,71.89,80,112,206.0
2023,7,12,Alandur,20.92,28.07,79.77,80,40,112.0
2023,8,12,Alandur,24.58,31.8,78.33,80,17,40.0
2023,9,12,Alandur,188.48,25.08,58.35,80,148,17.0
2023,10,12,Alandur,128.71,29.57,63.04,80,172,148.0
2023,11,12,Alandur,642.6,28.02,19.01,80,568,172.0
2023,12,12,Alandur,542.39,26.42,22.52,80,719,568.0
2024,1,12,Alandur,20.1,30.77,78.46,80,295,719.0
2024,2,12,Alandur,15.55,24.8,77.72,80,118,295.0
2024,3,12,Alandur,36.81,28.57,75.67,80,37,118.0
2024,4,12,Alandur,29.28,35.8,72.57,80,27,37.0
2024,5,12,Alandur,18.03,38.97,69.58,80,34,27.0
2024,6,12,Alandur,1.93,36.82,65.69,80,56,34.0
2024,7,12,Alandur,11.08,28.1,80.49,80,23,56.0
2024,8,12,Alandur,34.77,27.28,83.76,80,8,23.0
2024,9,12,Alandur,202.51,28.42,54.95,80,91,8.0
2024,10,12,Alandur,290.27,28.87,46.31,80,156,91.0
2024,11,12,Alandur,173.88,29.52,58.66,80,136,156.0
2024,12,12,Alandur,390.16,27.19,39.92,80,213,136.0
2015,1,13,Adyar,36.48,29.1,88.87,85,64,64.0
2015,2,13,Adyar,26.79,24.72,88.35,85,23,64.0
2015,3,13,Adyar,42.56,26.54,81.69,85,12,23.0
2015,4,13,Adyar,3.48,34.32,77.1,85,10,12.0
2015,5,13,Adyar,9.58,40.65,70.38,85,62,10.0
2015,6,13,Adyar,2.33,40.82,70.31,85,88,62.0
2015,7,13,Adyar,22.96,31.84,84.93,85,32,88.0
2015,8,13,Adyar,28.54,26.85,89.87,85,14,32.0
2015,9,13,Adyar,207.65,29.39,63.16,85,123,14.0
2015,10,13,Adyar,133.97,29.92,74.99,85,40,123.0
2015,11,13,Adyar,757.07,29.09,10.0,85,583,40.0
2015,12,13,Adyar,578.4,25.93,27.58,85,694,583.0
2016,1,13,Adyar,8.35,31.93,82.32,85,312,694.0
2016,2,13,Adyar,8.04,30.54,88.32,85,125,312.0
2016,3,13,Adyar,42.24,30.09,86.26,85,41,125.0
2016,4,13,Adyar,19.76,37.49,74.34,85,23,41.0
2016,5,13,Adyar,24.17,38.1,75.94,85,7,23.0
2016,6,13,Adyar,6.82,34.51,82.25,85,12,7.0
2016,7,13,Adyar,8.4,29.89,88.63,85,7,12.0
2016,8,13,Adyar,4.38,31.5,85.54,85,8,7.0
2016,9,13,Adyar,158.39,26.84,68.3,85,36,8.0
2016,10,13,Adyar,124.65,29.84,70.49,85,37,36.0
2016,11,13,Adyar,156.41,26.78,72.2,85,27,37.0
2016,12,13,Adyar,361.82,29.21,45.68,85,139,27.0
2017,1,13,Adyar,23.11,27.29,86.51,85,57,139.0
2017,2,13,Adyar,36.57,25.5,88.58,85,28,57.0
2017,3,13,Adyar,43.64,24.9,87.04,85,12,28.0
2017,4,13,Adyar,8.8,40.52,65.16,85,44,12.0
2017,5,13,Adyar,13.39,39.59,71.75,85,33,44.0
2017,6,13,Adyar,12.05,40.96,68.91,85,48,33.0
2017,7,13,Adyar,42.3,28.91,80.89,85,19,48.0
2017,8,13,Adyar,15.67,30.31,88.92,85,9,19.0
2017,9,13,Adyar,332.2,28.86,51.99,85,103,9.0
2017,10,13,Adyar,162.76,25.25,72.16,85,61,103.0
2017,11,13,Adyar,368.23,29.73,52.1,85,111,61.0
2017,12,13,Adyar,130.75,27.57,72.01,85,53,111.0
2018,1,13,Adyar,16.62,24.45,83.74,85,31,53.0
2018,2,13,Adyar,36.17,24.07,85.89,85,14,31.0
2018,3,13,Adyar,12.5,28.12,85.36,85,9,14.0
2018,4,13,Adyar,12.58,34.13,85.11,85,4,9.0
2018,5,13,Adyar,4.69,37.32,76.37,85,8,4.0
2018,6,13,Adyar,22.93,38.37,74.21,85,11,8.0
2018,7,13,Adyar,3.12,26.68,80.67,85,5,11.0
2018,8,13,Adyar,28.39,28.63,84.9,85,11,5.0
2018,9,13,Adyar,234.71,26.19,57.02,85,83,11.0
2018,10,13,Adyar,102.06,26.06,76.43,85,32,83.0
2018,11,13,Adyar,198.45,26.05,61.0,85,68,32.0
2018,12,13,Adyar,229.39,26.9,66.21,85,56,68.0
2019,1,13,Adyar,41.62,30.45,82.24,85,18,56.0
2019,2,13,Adyar,12.65,30.92,81.03,85,8,18.0
2019,3,13,Adyar,36.45,30.24,81.18,85,9,8.0
2019,4,13,Adyar,21.91,36.55,77.53,85,10,9.0
2019,5,13,Adyar,24.85,34.56,80.87,85,11,10.0
2019,6,13,Adyar,1.32,35.3,79.67,85,11,11.0
2019,7,13,Adyar,33.46,27.87,84.18,85,9,11.0
2019,8,13,Adyar,33.95,31.45,89.97,85,12,9.0
2019,9,13,Adyar,325.55,29.06,56.9,85,79,12.0
2019,10,13,Adyar,398.72,27.18,49.33,85,138,79.0
2019,11,13,Adyar,137.15,25.35,75.38,85,48,138.0
2019,12,13,Adyar,308.82,26.81,57.36,85,87,48.0
2020,1,13,Adyar,33.69,27.6,87.49,85,32,87.0
2020,2,13,Adyar,30.86,31.76,87.28,85,19,32.0
2020,3,13,Adyar,14.1,26.54,89.25,85,15,19.0
2020,4,13,Adyar,11.62,35.98,75.6,85,9,15.0
2020,5,13,Adyar,26.73,37.22,76.54,85,5,9.0
2020,6,13,Adyar,23.16,35.19,78.36,85,8,5.0
2020,7,13,Adyar,31.01,28.36,81.26,85,8,8.0
2020,8,13,Adyar,26.44,24.28,86.39,85,5,8.0
2020,9,13,Adyar,194.7,25.63,67.09,85,40,5.0
2020,10,13,Adyar,143.27,28.79,70.68,85,47,40.0
2020,11,13,Adyar,380.85,29.7,43.66,85,192,47.0
2020,12,13,Adyar,225.21,25.72,58.41,85,149,192.0
2021,1,13,Adyar,12.27,29.74,87.77,85,64,149.0
2021,2,13,Adyar,48.12,28.15,80.73,85,27,64.0
2021,3,13,Adyar,12.17,27.66,87.6,85,8,27.0
2021,4,13,Adyar,11.17,35.78,77.93,85,3,8.0
2021,5,13,Adyar,16.32,39.18,72.11,85,21,3.0
2021,6,13,Adyar,0.88,38.33,71.78,85,29,21.0
2021,7,13,Adyar,10.18,30.99,80.6,85,16,29.0
2021,8,13,Adyar,0.5,25.56,84.91,85,17,16.0
2021,9,13,Adyar,309.1,27.8,52.95,85,109,17.0
2021,10,13,Adyar,338.24,27.47,55.12,85,130,109.0
2021,11,13,Adyar,126.8,27.19,69.63,85,72,130.0
2021,12,13,Adyar,258.05,25.29,55.3,85,113,72.0
2022,1,13,Adyar,13.28,30.14,82.06,85,42,113.0
2022,2,13,Adyar,35.13,31.65,85.31,85,19,42.0
2022,3,13,Adyar,22.43,28.3,86.64,85,13,19.0
2022,4,13,Adyar,24.13,34.46,83.27,85,6,13.0
2022,5,13,Adyar,16.25,34.92,82.87,85,9,6.0
2022,6,13,Adyar,9.04,34.66,83.43,85,11,9.0
2022,7,13,Adyar,43.77,29.64,84.54,85,10,11.0
2022,8,13,Adyar,13.98,25.02,86.39,85,4,10.0
2022,9,13,Adyar,346.17,26.43,47.77,85,124,4.0
2022,10,13,Adyar,399.23,26.41,46.76,85,152,124.0
2022,11,13,Adyar,116.03,29.69,73.7,85,69,152.0
2022,12,13,Adyar,178.61,29.41,71.06,85,37,69.0
2023,1,13,Adyar,22.78,28.85,86.92,85,13,37.0
2023,2,13,Adyar,0.12,25.96,86.81,85,6,13.0
2023,3,13,Adyar,15.74,24.93,82.73,85,7,6.0
2023,4,13,Adyar,25.0,35.75,79.22,85,11,7.0
2023,5,13,Adyar,24.71,34.72,85.13,85,13,11.0
2023,6,13,Adyar,17.68,37.68,70.34,85,57,13.0
2023,7,13,Adyar,30.26,27.17,82.99,85,29,57.0
2023,8,13,Adyar,30.3,24.72,89.59,85,14,29.0
2023,9,13,Adyar,151.33,29.37,71.92,85,24,14.0
2023,10,13,Adyar,221.69,28.4,58.5,85,161,24.0
2023,11,13,Adyar,614.48,27.25,22.95,85,496,161.0
2023,12,13,Adyar,554.34,29.91,28.48,85,574,496.0
2024,1,13,Adyar,29.31,26.86,85.77,85,222,574.0
2024,2,13,Adyar,7.0,26.58,85.79,85,85,222.0
2024,3,13,Adyar,13.75,24.64,84.3,85,35,85.0
2024,4,13,Adyar,16.41,34.29,79.94,85,19,35.0
2024,5,13,Adyar,15.62,35.88,80.57,85,10,19.0
2024,6,13,Adyar,27.32,39.93,63.96,85,51,10.0
2024,7,13,Adyar,47.44,31.22,88.76,85,13,51.0
2024,8,13,Adyar,15.03,28.62,83.76,85,10,13.0
2024,9,13,Adyar,343.95,29.77,54.86,85,100,10.0
2024,10,13,Adyar,203.78,26.74,64.31,85,79,100.0
2024,11,13,Adyar,232.65,25.36,60.63,85,97,79.0
2024,12,13,Adyar,265.61,26.15,60.87,85,97,97.0
2015,1,14,Perungudi,35.66,30.09,75.61,75,26,121.0
2015,2,14,Perungudi,2.04,28.73,76.78,75,7,26.0
2015,3,14,Perungudi,4.86,28.92,79.9,75,6,7.0
2015,4,14,Perungudi,14.75,37.31,60.95,75,157,6.0
2015,5,14,Perungudi,13.45,36.05,65.66,75,170,157.0
2015,6,14,Perungudi,9.29,39.7,60.11,75,228,170.0
2015,7,14,Perungudi,12.01,24.61,71.29,75,110,228.0
2015,8,14,Perungudi,5.09,25.22,72.46,75,57,110.0
2015,9,14,Perungudi,213.08,27.31,51.71,75,244,57.0
2015,10,14,Perungudi,360.97,27.59,39.82,75,408,244.0
2015,11,14,Perungudi,507.23,28.12,23.37,75,631,408.0
2015,12,14,Perungudi,663.51,28.46,12.14,75,796,631.0
2016,1,14,Perungudi,30.39,28.1,72.31,75,310,796.0
2016,2,14,Perungudi,14.35,28.94,79.81,75,128,310.0
2016,3,14,Perungudi,46.04,28.93,77.97,75,51,128.0
2016,4,14,Perungudi,29.89,40.82,56.94,75,108,51.0
2016,5,14,Perungudi,8.09,34.4,71.81,75,73,108.0
2016,6,14,Perungudi,13.9,36.66,69.49,75,57,73.0
2016,7,14,Perungudi,1.18,29.14,76.07,75,23,57.0
2016,8,14,Perungudi,22.36,28.8,75.16,75,15,23.0
2016,9,14,Perungudi,330.79,25.06,41.08,75,141,15.0
2016,10,14,Perungudi,214.58,26.03,49.76,75,162,141.0
2016,11,14,Perungudi,328.3,25.18,44.63,75,181,162.0
2016,12,14,Perungudi,244.89,25.67,46.32,75,197,181.0
2017,1,14,Perungudi,25.63,30.45,74.59,75,72,197.0
2017,2,14,Perungudi,35.51,26.51,74.71,75,36,72.0
2017,3,14,Perungudi,12.09,24.1,74.69,75,13,36.0
2017,4,14,Perungudi,3.42,36.42,66.53,75,54,13.0
2017,5,14,Perungudi,17.47,36.6,67.02,75,64,54.0
2017,6,14,Perungudi,18.62,35.41,67.93,75,59,64.0
2017,7,14,Perungudi,20.38,27.26,70.66,75,38,59.0
2017,8,14,Perungudi,18.87,31.71,70.89,75,35,38.0
2017,9,14,Perungudi,179.67,25.09,54.97,75,100,35.0
2017,10,14,Perungudi,388.19,25.98,40.7,75,164,100.0
2017,11,14,Perungudi,242.9,27.49,47.76,75,175,164.0
2017,12,14,Perungudi,348.25,28.49,42.32,75,196,175.0
2018,1,14,Perungudi,33.57,29.06,71.99,75,88,196.0
2018,2,14,Perungudi,12.1,29.71,70.91,75,45,88.0
2018,3,14,Perungudi,41.43,30.31,73.08,75,23,45.0
2018,4,14,Perungudi,16.82,38.4,63.39,75,63,23.0
2018,5,14,Perungudi,9.41,35.69,65.42,75,69,63.0
2018,6,14,Perungudi,18.74,40.05,58.24,75,127,69.0
2018,7,14,Perungudi,3.55,25.69,72.29,75,61,127.0
2018,8,14,Perungudi,27.63,26.98,76.62,75,18,61.0
2018,9,14,Perungudi,282.5,26.41,43.49,75,130,18.0
2018,10,14,Perungudi,365.38,29.48,42.55,75,175,130.0
2018,11,14,Perungudi,352.27,26.11,38.58,75,232,175.0
2018,12,14,Perungudi,245.21,27.57,48.56,75,202,232.0
2019,1,14,Perungudi,46.52,24.76,74.5,75,79,202.0
2019,2,14,Perungudi,29.71,28.83,76.83,75,33,79.0
2019,3,14,Perungudi,0.64,28.32,78.51,75,22,33.0
2019,4,14,Perungudi,21.05,37.9,61.35,75,99,22.0
2019,5,14,Perungudi,23.5,35.94,72.06,75,45,99.0
2019,6,14,Perungudi,28.38,39.9,55.73,75,110,45.0
2019,7,14,Perungudi,28.78,25.29,74.72,75,46,110.0
2019,8,14,Perungudi,43.99,24.39,72.31,75,38,46.0
2019,9,14,Perungudi,139.51,28.53,63.47,75,70,38.0
2019,10,14,Perungudi,161.27,27.09,56.07,75,123,70.0
2019,11,14,Perungudi,263.39,25.39,53.22,75,135,123.0
2019,12,14,Perungudi,340.28,25.9,37.07,75,241,135.0
2020,1,14,Perungudi,9.32,29.99,75.46,75,87,241.0
2020,2,14,Perungudi,29.59,25.54,76.67,75,37,87.0
2020,3,14,Perungudi,27.32,26.0,73.43,75,28,37.0
2020,4,14,Perungudi,13.04,40.09,54.09,75,177,28.0
2020,5,14,Perungudi,8.45,35.29,64.67,75,117,177.0
2020,6,14,Perungudi,23.45,37.39,66.97,75,99,117.0
2020,7,14,Perungudi,10.68,27.29,77.04,75,34,99.0
2020,8,14,Perungudi,14.63,28.36,71.33,75,35,34.0
2020,9,14,Perungudi,123.09,28.35,65.9,75,53,35.0
2020,10,14,Perungudi,293.78,26.16,42.19,75,192,53.0
2020,11,14,Perungudi,175.85,25.34,55.09,75,197,192.0
2020,12,14,Perungudi,320.81,26.6,42.98,75,256,197.0
2021,1,14,Perungudi,44.62,24.63,73.31,75,107,256.0
2021,2,14,Perungudi,40.18,30.54,79.79,75,43,107.0
2021,3,14,Perungudi,1.06,27.35,77.76,75,15,43.0
2021,4,14,Perungudi,1.58,38.38,57.09,75,127,15.0
2021,5,14,Perungudi,23.92,39.04,55.76,75,169,127.0
2021,6,14,Perungudi,2.44,35.35,73.62,75,73,169.0
2021,7,14,Perungudi,15.73,28.1,79.41,75,17,73.0
2021,8,14,Perungudi,21.22,29.72,76.04,75,8,17.0
2021,9,14,Perungudi,101.76,25.39,68.64,75,23,8.0
2021,10,14,Perungudi,369.58,29.48,39.9,75,193,23.0
2021,11,14,Perungudi,122.66,29.14,62.01,75,142,193.0
2021,12,14,Perungudi,229.98,29.0,54.4,75,152,142.0
2022,1,14,Perungudi,47.16,31.45,72.07,75,70,152.0
2022,2,14,Perungudi,6.32,30.74,73.62,75,37,70.0
2022,3,14,Perungudi,32.3,25.2,79.33,75,13,37.0
2022,4,14,Perungudi,26.38,36.87,65.14,75,41,13.0
2022,5,14,Perungudi,15.55,34.79,74.87,75,13,41.0
2022,6,14,Perungudi,1.61,34.98,71.27,75,19,13.0
2022,7,14,Perungudi,24.01,26.99,74.93,75,11,19.0
2022,8,14,Perungudi,32.24,26.72,77.08,75,10,11.0
2022,9,14,Perungudi,210.81,27.53,54.52,75,95,10.0
2022,10,14,Perungudi,371.21,26.6,39.58,75,170,95.0
2022,11,14,Perungudi,128.1,28.84,64.66,75,105,170.0
2022,12,14,Perungudi,126.32,26.96,64.5,75,90,105.0
2023,1,14,Perungudi,28.42,27.52,70.67,75,74,90.0
2023,2,14,Perungudi,20.55,29.18,77.12,75,24,74.0
2023,3,14,Perungudi,45.42,24.84,77.2,75,12,24.0
2023,4,14,Perungudi,14.58,36.2,63.43,75,120,12.0
2023,5,14,Perungudi,21.36,36.69,64.79,75,144,120.0
2023,6,14,Perungudi,17.71,34.68,71.28,75,102,144.0
2023,7,14,Perungudi,42.89,27.96,71.31,75,79,102.0
2023,8,14,Perungudi,22.5,30.87,79.57,75,32,79.0
2023,9,14,Perungudi,296.1,29.78,40.42,75,310,32.0
2023,10,14,Perungudi,348.46,25.85,44.13,75,411,310.0
2023,11,14,Perungudi,478.78,27.06,24.4,75,626,411.0
2023,12,14,Perungudi,639.75,27.09,10.34,75,770,626.0
2024,1,14,Perungudi,49.64,25.02,70.72,75,350,770.0
2024,2,14,Perungudi,39.03,30.04,76.07,75,144,350.0
2024,3,14,Perungudi,36.02,29.15,73.33,75,71,144.0
2024,4,14,Perungudi,6.6,35.41,73.2,75,44,71.0
2024,5,14,Perungudi,9.69,37.37,65.25,75,64,44.0
2024,6,14,Perungudi,15.96,35.86,71.83,75,52,64.0
2024,7,14,Perungudi,24.75,30.77,75.05,75,24,52.0
2024,8,14,Perungudi,45.62,26.13,74.62,75,13,24.0
2024,9,14,Perungudi,208.04,27.33,56.09,75,94,13.0
2024,10,14,Perungudi,143.69,25.17,60.33,75,120,94.0
2024,11,14,Perungudi,199.09,27.98,58.81,75,89,120.0
2024,12,14,Perungudi,334.22,26.08,43.73,75,174,89.0
2015,1,15,Shollinganallur,26.14,27.42,70.25,75,56,128.0
2015,2,15,Shollinganallur,8.72,29.53,73.87,75,44,56.0
2015,3,15,Shollinganallur,43.87,29.93,76.97,75,20,44.0
2015,4,15,Shollinganallur,18.48,38.45,56.84,75,212,20.0
2015,5,15,Shollinganallur,23.75,39.53,54.59,75,326,212.0
2015,6,15,Shollinganallur,24.68,40.65,58.14,75,342,326.0
2015,7,15,Shollinganallur,6.94,29.13,71.82,75,160,342.0
2015,8,15,Shollinganallur,14.25,25.39,78.97,75,50,160.0
2015,9,15,Shollinganallur,169.66,29.5,56.87,75,185,50.0
2015,10,15,Shollinganallur,200.56,29.01,49.99,75,291,185.0
2015,11,15,Shollinganallur,779.38,28.82,10.0,75,735,291.0
2015,12,15,Shollinganallur,795.07,29.72,10.0,75,897,735.0
2016,1,15,Shollinganallur,9.32,30.24,73.5,75,391,897.0
2016,2,15,Shollinganallur,31.7,28.32,77.8,75,138,391.0
2016,3,15,Shollinganallur,6.26,29.48,74.3,75,51,138.0
2016,4,15,Shollinganallur,2.17,34.21,69.54,75,45,51.0
2016,5,15,Shollinganallur,3.66,37.17,68.93,75,44,45.0
2016,6,15,Shollinganallur,0.77,36.39,65.33,75,62,44.0
2016,7,15,Shollinganallur,19.55,28.76,74.97,75,28,62.0
2016,8,15,Shollinganallur,49.61,30.81,72.09,75,32,28.0
2016,9,15,Shollinganallur,177.94,28.8,53.58,75,100,32.0
2016,10,15,Shollinganallur,293.17,27.65,41.1,75,180,100.0
2016,11,15,Shollinganallur,144.67,26.53,64.3,75,113,180.0
2016,12,15,Shollinganallur,231.06,28.65,54.55,75,114,113.0
2017,1,15,Shollinganallur,8.24,26.64,77.57,75,46,114.0
2017,2,15,Shollinganallur,17.89,27.95,78.28,75,16,46.0
2017,3,15,Shollinganallur,14.86,26.4,77.43,75,7,16.0
2017,4,15,Shollinganallur,21.07,40.95,51.44,75,121,7.0
2017,5,15,Shollinganallur,11.24,35.17,68.89,75,66,121.0
2017,6,15,Shollinganallur,28.92,40.37,58.81,75,112,66.0
2017,7,15,Shollinganallur,40.41,31.58,70.72,75,81,112.0
2017,8,15,Shollinganallur,19.38,29.06,77.04,75,36,81.0
2017,9,15,Shollinganallur,204.43,26.86,49.57,75,107,36.0
2017,10,15,Shollinganallur,278.07,25.37,48.42,75,147,107.0
2017,11,15,Shollinganallur,199.47,29.28,52.12,75,126,147.0
2017,12,15,Shollinganallur,308.38,28.64,47.78,75,148,126.0
2018,1,15,Shollinganallur,5.07,26.22,72.76,75,67,148.0
2018,2,15,Shollinganallur,36.94,24.11,72.48,75,31,67.0
2018,3,15,Shollinganallur,25.28,31.53,78.76,75,7,31.0
2018,4,15,Shollinganallur,21.7,37.75,66.49,75,46,7.0
2018,5,15,Shollinganallur,15.21,35.32,64.98,75,71,46.0
2018,6,15,Shollinganallur,21.22,36.72,62.98,75,90,71.0
2018,7,15,Shollinganallur,5.05,25.34,71.47,75,45,90.0
2018,8,15,Shollinganallur,9.26,26.23,72.19,75,24,45.0
2018,9,15,Shollinganallur,217.63,28.75,49.49,75,122,24.0
2018,10,15,Shollinganallur,181.49,25.95,53.7,75,129,122.0
2018,11,15,Shollinganallur,215.38,27.3,51.49,75,169,129.0
2018,12,15,Shollinganallur,111.78,26.36,58.89,75,129,169.0
2019,1,15,Shollinganallur,4.18,25.69,77.52,75,36,129.0
2019,2,15,Shollinganallur,13.8,30.15,72.26,75,29,36.0
2019,3,15,Shollinganallur,25.72,24.68,75.49,75,10,29.0
2019,4,15,Shollinganallur,9.47,34.4,74.17,75,12,10.0
2019,5,15,Shollinganallur,29.13,35.24,71.62,75,22,12.0
2019,6,15,Shollinganallur,3.81,34.86,70.53,75,27,22.0
2019,7,15,Shollinganallur,10.51,29.94,70.25,75,29,27.0
2019,8,15,Shollinganallur,11.03,25.11,78.59,75,12,29.0
2019,9,15,Shollinganallur,361.91,25.84,34.35,75,192,12.0
2019,10,15,Shollinganallur,150.34,25.6,55.64,75,159,192.0
2019,11,15,Shollinganallur,150.64,29.27,55.07,75,151,159.0
2019,12,15,Shollinganallur,305.16,25.13,46.38,75,178,151.0
2020,1,15,Shollinganallur,37.43,27.86,72.16,75,108,178.0
2020,2,15,Shollinganallur,24.49,28.23,73.34,75,52,108.0
2020,3,15,Shollinganallur,25.74,24.8,70.16,75,63,52.0
2020,4,15,Shollinganallur,9.79,39.29,58.2,75,138,63.0
2020,5,15,Shollinganallur,18.18,37.0,60.27,75,156,138.0
2020,6,15,Shollinganallur,24.3,35.67,65.57,75,118,156.0
2020,7,15,Shollinganallur,19.55,31.81,79.55,75,54,118.0
2020,8,15,Shollinganallur,8.17,24.83,71.46,75,48,54.0
2020,9,15,Shollinganallur,351.65,29.39,37.27,75,209,48.0
2020,10,15,Shollinganallur,326.45,26.55,41.83,75,244,209.0
2020,11,15,Shollinganallur,316.32,26.29,45.56,75,250,244.0
2020,12,15,Shollinganallur,222.03,28.81,49.24,75,232,250.0
2021,1,15,Shollinganallur,34.24,25.7,72.39,75,98,232.0
2021,2,15,Shollinganallur,37.67,25.06,75.47,75,40,98.0
2021,3,15,Shollinganallur,10.25,29.94,70.52,75,45,40.0
2021,4,15,Shollinganallur,15.81,37.93,59.38,75,102,45.0
2021,5,15,Shollinganallur,10.12,34.13,71.19,75,63,102.0
2021,6,15,Shollinganallur,1.58,34.26,74.01,75,31,63.0
2021,7,15,Shollinganallur,42.83,27.17,71.99,75,26,31.0
2021,8,15,Shollinganallur,10.88,31.73,71.31,75,27,26.0
2021,9,15,Shollinganallur,376.01,26.35,36.1,75,199,27.0
2021,10,15,Shollinganallur,359.5,26.6,35.83,75,253,199.0
2021,11,15,Shollinganallur,201.21,25.45,59.49,75,188,253.0
2021,12,15,Shollinganallur,194.94,28.87,51.03,75,188,188.0
2022,1,15,Shollinganallur,25.5,27.68,79.01,75,91,188.0
2022,2,15,Shollinganallur,9.95,28.81,70.61,75,53,91.0
2022,3,15,Shollinganallur,1.02,25.64,74.87,75,28,53.0
2022,4,15,Shollinganallur,9.74,40.62,53.79,75,128,28.0
2022,5,15,Shollinganallur,12.2,36.68,68.74,75,82,128.0
2022,6,15,Shollinganallur,16.35,35.98,72.02,75,55,82.0
2022,7,15,Shollinganallur,45.05,29.39,76.33,75,15,55.0
2022,8,15,Shollinganallur,32.54,24.93,75.36,75,9,15.0
2022,9,15,Shollinganallur,283.81,27.93,47.1,75,123,9.0
2022,10,15,Shollinganallur,200.94,26.06,53.04,75,136,123.0
2022,11,15,Shollinganallur,351.35,25.36,43.68,75,174,136.0
2022,12,15,Shollinganallur,184.76,26.89,52.55,75,171,174.0
2023,1,15,Shollinganallur,30.73,30.66,74.94,75,57,171.0
2023,2,15,Shollinganallur,47.02,26.09,78.53,75,27,57.0
2023,3,15,Shollinganallur,46.13,28.55,73.64,75,27,27.0
2023,4,15,Shollinganallur,20.49,38.63,65.44,75,129,27.0
2023,5,15,Shollinganallur,14.43,36.63,64.55,75,138,129.0
2023,6,15,Shollinganallur,18.87,35.07,71.93,75,92,138.0
2023,7,15,Shollinganallur,22.06,24.52,78.25,75,29,92.0
2023,8,15,Shollinganallur,29.17,28.31,74.54,75,12,29.0
2023,9,15,Shollinganallur,379.64,28.6,39.69,75,294,12.0
2023,10,15,Shollinganallur,245.58,27.71,54.63,75,327,294.0
2023,11,15,Shollinganallur,614.87,26.02,10.07,75,752,327.0
2023,12,15,Shollinganallur,459.82,25.52,25.25,75,707,752.0
2024,1,15,Shollinganallur,32.51,26.63,73.91,75,275,707.0
2024,2,15,Shollinganallur,31.44,28.43,79.86,75,117,275.0
2024,3,15,Shollinganallur,31.87,28.43,70.11,75,71,117.0
2024,4,15,Shollinganallur,11.78,37.53,63.32,75,80,71.0
2024,5,15,Shollinganallur,28.85,37.58,65.89,75,76,80.0
2024,6,15,Shollinganallur,26.71,36.69,68.15,75,64,76.0
2024,7,15,Shollinganallur,12.62,29.85,71.65,75,36,64.0
2024,8,15,Shollinganallur,0.41,24.07,74.61,75,16,36.0
2024,9,15,Shollinganallur,375.46,29.08,42.24,75,155,16.0
2024,10,15,Shollinganallur,383.88,28.67,37.99,75,218,155.0
2024,11,15,Shollinganallur,147.47,28.48,56.31,75,169,218.0
2024,12,15,Shollinganallur,151.78,25.01,59.33,75,126,169.0
